Price,Close,Close,Close,Close,Close,Close,High,High,High,High,High,High,Low,Low,Low,Low,Low,Low,Open,Open,Open,Open,Open,Open,Volume,Volume,Volume,Volume,Volume,Volume
Ticker,AAPL,AMZN,GOOGL,MSFT,NVDA,TSLA,AAPL,AMZN,GOOGL,MSFT,NVDA,TSLA,AAPL,AMZN,GOOGL,MSFT,NVDA,TSLA,AAPL,AMZN,GOOGL,MSFT,NVDA,TSLA,AAPL,AMZN,GOOGL,MSFT,NVDA,TSLA
Date,,,,,,,,,,,,,,,,,,,,,,,,,,,,,,
2021-02-24,122.09033203125,157.97650146484375,103.4091567993164,225.06472778320312,14.458340644836426,247.33999633789062,122.29487019049711,158.56149291992188,103.63296773706675,225.68843572381107,14.466069421564784,248.3333282470703,119.05147088701199,156.2689971923828,100.61626404849291,219.73916858564397,13.717424178877225,231.38999938964844,121.69099774824254,158.33749389648438,100.74081884482054,220.70831859965355,14.08314643202328,237.28334045410156,111039900,60226000,22608000,26339700,448320000,110301000
2021-02-25,117.84371185302734,152.85800170898438,100.04161071777344,219.7295684814453,13.270181655883789,227.4066619873047,123.17146835413952,158.91299438476562,103.36897091511271,225.1030937109058,14.33443901715153,245.73666381835938,117.4054168564186,152.38800048828125,99.57215821309238,218.66445668933272,13.179188080871866,223.52667236328125,121.43775757680415,156.83700561523438,102.02562057484711,222.69460427185766,14.00611199836621,242.0500030517578,148199500,90676000,41548000,39542200,824436000,117071700
2021-02-26,118.10669708251953,154.64649963378906,100.33737182617188,222.98248291015625,13.676042556762695,225.1666717529297,121.60333738053185,156.1219940185547,102.0548939056203,225.85155697990797,13.815649363507847,235.56666564941406,118.04825229910983,151.8350067138672,99.30021020364278,220.25732229386043,13.323533467731098,219.836669921875,119.40210545733144,154.75999450683594,100.73635761176493,222.16685132625005,13.71393515359349,233.3333282470703,164560400,85518000,40042000,37819200,500932000,123267600
2021-03-01,124.46688079833984,157.3070068359375,102.70697784423828,227.35804748535156,13.802933692932129,239.47666931152344,124.60323956834041,157.47799682617188,103.03301325641854,227.86661288751642,13.885950280412095,239.6666717529297,119.59690349547498,154.89950561523438,100.95819013474573,223.7213085056627,13.515242901527062,228.35000610351562,120.53193824590555,156.39450073242188,101.63209913010583,226.36009733043844,13.836090305328044,230.0366668701172,116307900,54582000,26060000,25324000,353184000,81408600
2021-03-02,121.86632537841797,154.72650146484375,102.44992065429688,224.41221618652344,13.36865520477295,228.81333923339844,125.37270785746594,158.17599487304688,103.95157512845779,227.7035134807684,13.881462909178813,240.3699951171875,121.75918527388905,154.3560028076172,102.06235368431534,224.00920288060502,13.358433857283094,228.3333282470703,125.07077161615514,157.17349243164062,102.46778343065205,227.42523297605322,13.861020214199105,239.42666625976562,102260900,51916000,25564000,22812500,264116000,71196600
2021-03-03,118.88589477539062,150.25,99.81632232666016,218.35736083984375,12.768841743469238,217.73333740234375,122.44098002866822,155.38900756835938,103.02110427360444,224.13391321847823,13.413777543276217,233.56666564941406,118.6716145648539,149.75,98.95234399009125,218.06949005706758,12.762858052083374,217.23666381835938,121.56438254510716,154.0590057373047,101.82812222319419,222.7713404645017,13.388598869860433,229.3300018310547,112966300,79774000,33892000,34029500,377592000,90624000
2021-03-04,117.006103515625,148.8784942626953,100.93387603759766,217.5609588623047,12.335559844970703,207.14666748046875,120.38586986301316,152.906494140625,102.95162763201309,223.0880319063651,12.938614575428367,222.81666564941406,115.53537532437929,147.27149963378906,99.51955914782164,215.19084531714768,12.049863300020087,200.0,118.58397926186606,150.60000610351562,99.98801971974596,217.5705638296597,12.764852623838904,218.60000610351562,178155000,109632000,49216000,44727800,573344000,197758500
2021-03-05,118.26252746582031,150.0229949951172,104.06719207763672,222.2340087890625,12.426553726196289,199.31666564941406,118.76900926850234,150.4499969482422,104.52026594581169,223.8364715609729,12.514805563806275,209.27999877929688,114.51264641529035,144.0500030517578,100.62867233193391,217.30187304022164,11.646497027872458,179.8300018310547,117.83397451469976,150.25,102.28466284780541,220.23812306789688,12.514805563806275,208.68666076660156,153766600,107772000,53100000,41872800,542840000,268189500
2021-03-08,113.33413696289062,147.59750366210938,99.62227630615234,218.19427490234375,11.560739517211914,187.6666717529297,117.85347628547363,153.22950744628906,104.89443749241916,223.9324376851917,12.436276664198935,206.7100067138672,113.18803612592406,147.5655059814453,99.50764106068317,217.9447946567308,11.534063968796627,186.26333618164062,117.78529688568887,150.75,103.4215726006688,222.01331832648629,12.41508648345778,200.18333435058594,154376600,83700000,36868000,35267400,543112000,155361000
2021-03-09,117.94112396240234,153.1425018310547,101.25296020507812,224.3258056640625,12.489448547363281,224.52667236328125,118.88590088596752,154.54800415039062,102.42212772357182,225.86110663126547,12.585710586701868,226.02999877929688,115.70093853482196,150.25750732421875,101.01674600755987,222.30113465139974,12.029582238014875,198.40333557128906,115.93469539878758,150.89950561523438,101.71894467377746,223.4622080210828,12.100407665853615,202.72666931152344,129525800,80600000,33920000,33080500,521824000,202569900
2021-03-10,116.86001586914062,152.8820037841797,101.04602813720703,223.02081298828125,12.437580108642578,222.68666076660156,118.99306155445927,155.822998046875,102.29707365898807,227.41559717164208,12.94807054401496,239.28334045410156,116.34379186849473,151.50250244140625,100.20934752586386,222.65617569987222,12.426856734806337,218.35333251953125,118.52554774575847,154.92250061035156,102.29707365898807,227.41559717164208,12.808914029530401,233.43333435058594,111943300,60250000,27100000,29746800,384376000,181817100
2021-03-11,118.78849029541016,155.67950439453125,104.23939514160156,227.54034423828125,12.96153450012207,233.1999969482422,120.00598467048323,156.58900451660156,104.77187091897011,229.49783913564707,13.014155316080448,234.1666717529297,118.10669641776761,154.14649963378906,102.05142854718905,224.83437947593785,12.703171840009764,225.72666931152344,119.35340946888309,155.20050048828125,102.13926584834769,225.4581019231332,12.918141567568973,233.13333129882812,103026500,55528000,27702000,29907600,299916000,108761700
2021-03-12,117.8826675415039,154.47450256347656,101.73135375976562,226.21617126464844,12.824374198913574,231.2433319091797,118.01902630934984,154.94900512695312,103.10150219473942,226.28334746335574,12.857043763325269,231.6266632080078,116.06130081484937,152.27499389648438,100.85894755075073,223.79807702037834,12.559028764148305,222.04666137695312,117.26905308619719,153.75,103.04195455710017,224.54653232236623,12.617134944070317,223.3333282470703,88105100,48438000,33818000,22653700,243964000,100751400
2021-03-15,120.76571655273438,154.08399963378906,101.95167541503906,225.314208984375,13.158798217773438,235.97999572753906,120.77545858975141,154.11199951171875,101.97896555456512,225.6788463527636,13.174260154911902,237.72666931152344,117.28855243734995,151.60450744628906,100.62917132551493,222.43552990775498,12.735841507996014,228.01333618164062,118.25281346511821,153.72850036621094,101.48222292330844,225.45815172323736,12.83310149724649,231.3633270263672,92403800,58272000,26168000,26034900,221988000,88006800
2021-03-16,122.30462646484375,154.59300231933594,103.41313934326172,228.09690856933594,13.258553504943848,225.6266632080078,123.91172068145192,156.44549560546875,104.89146380814894,230.35186474160002,13.479258807224893,235.97332763671875,121.47673169598399,153.79299926757812,102.19235989786293,226.39848405501235,13.084482313956556,223.6666717529297,122.43124321692929,155.24850463867188,102.52484679250944,226.72473079014074,13.32364243314881,234.4499969482422,115227900,50776000,31900000,28092200,272128000,96587100
2021-03-17,121.51566314697266,156.7864990234375,103.33026885986328,227.4540252685547,13.308426856994629,233.93666076660156,122.58705655635659,158.65249633789062,104.16297408675445,228.90296978894895,13.420150815607716,234.57666015625,119.15858872913417,153.51100158691406,101.43955571786044,223.7981051474322,12.957541896819428,217.00332641601562,120.82412733336126,153.66099548339844,102.64792444093051,226.6000177196356,13.007668319701601,218.9566650390625,111932600,62372000,26382000,29562100,243864000,121117500
2021-03-18,117.39567565917969,151.39950561523438,100.30908966064453,221.3896026611328,12.691201210021973,217.72000122070312,119.97676520351848,155.8314971923828,102.66181170828624,224.719275803559,13.151566040742917,229.7433319091797,117.1911374972353,151.25,100.20189786741744,221.01537498492127,12.685714900401814,217.3333282470703,119.68456358302885,155.0500030517578,101.64102114164612,223.15518889547872,13.104183238028991,228.09666442871094,121229700,72992000,31700000,34833000,293896000,99674400
2021-03-19,116.86973571777344,153.7480010986328,100.58798217773438,221.03456115722656,12.814146041870117,218.2899932861328,118.27229182875169,153.864501953125,101.08820045745158,223.06882283713475,12.889710027684677,219.07666015625,116.5677994448256,150.8314971923828,99.39549239049998,220.07500155097284,12.58147023108672,208.2066650390625,116.78207967633583,151.4615020751953,100.72544755239356,221.67746433641042,12.718631755835021,215.53334045410156,185549500,92508000,46072000,46430700,299208000,128682000
2021-03-22,120.18131256103516,155.5435028076172,100.77307891845703,226.4464569091797,13.153810501098633,223.3333282470703,120.64883370339138,156.32899475097656,101.6489606264983,227.31964494665482,13.36154823506086,233.2066650390625,117.13270910784668,153.00250244140625,99.944833798889,220.8330278477673,12.874998085903743,222.9166717529297,117.20088850037816,153.3925018310547,100.62122640768891,220.95777527099935,12.880983842945088,228.19667053222656,111912300,58044000,33536000,30127000,297804000,118536600
2021-03-23,119.35340881347656,156.875,101.30109405517578,227.97215270996094,13.038596153259277,220.72000122070312,121.00919818208511,159.10000610351562,102.43155255458386,231.30182541849308,13.311672080567098,225.93333435058594,118.9638091293934,156.04249572753906,100.6395958801365,227.48278262536803,12.989217459153739,219.1699981689453,120.12286614601692,156.35000610351562,101.23261124865263,227.88579586710034,13.221644080605948,225.2566680908203,95467100,76346000,28510000,31638400,222048000,91475700
2021-03-24,116.9671401977539,154.35350036621094,100.8644027709961,225.93792724609375,12.611896514892578,210.08999633789062,119.70407317138026,158.0155029296875,102.6047475271792,228.37520237530592,13.126877093413306,222.67333984375,116.94766355336753,154.25750732421875,100.6892203526668,225.80358947742405,12.605662461359328,210.0366668701172,119.62615173183985,157.552001953125,101.81868694086641,228.2312742809165,13.118896401350066,222.6366729736328,88530500,59180000,25218000,25620100,245840000,101385600
2021-03-25,117.4541244506836,152.31300354003906,100.86092376708984,222.94412231445312,12.504414558410645,213.4633331298828,118.49630686413842,155.48899841308594,101.51497849194996,227.3581032886887,12.683473589194353,215.1666717529297,115.9054750318424,151.85699462890625,99.05605651294476,222.20527180420694,12.241812721834071,203.1666717529297,116.43143354135354,153.64950561523438,100.69170066123667,225.7844257889711,12.468753062140545,204.3333282470703,98844700,71270000,35616000,34061900,295144000,117674700
2021-03-26,118.0580062866211,152.60150146484375,100.47732543945312,226.9166259765625,12.807666778564453,206.23666381835938,118.32098926109825,152.83299255371094,101.20482275574092,227.1373352031275,12.824625158720412,214.60667419433594,115.82755546141085,149.8000030517578,99.44114815336599,222.18600467967124,12.343062719870046,199.9633331298828,117.22036947257719,152.2030029296875,100.82767512282554,222.18600467967124,12.523617240601553,213.9566650390625,94071200,66258000,27978000,25479900,363968000,101558400
2021-03-29,118.23332977294922,153.7864990234375,101.52242279052734,225.726806640625,12.916394233703613,203.76333618164062,119.39238695881983,154.5625,101.6921456617526,227.22371728101677,13.030363335870426,205.4933319091797,117.59049651669116,151.42250061035156,99.52055008099022,222.50268578373593,12.668754976475395,198.67333984375,118.48657071923124,152.77200317382812,100.34978722521926,227.02220332170978,12.788708883498062,205.2133331298828,80819200,54920000,26492000,25227500,273520000,85911000
2021-03-30,116.78206634521484,152.76449584960938,101.55616760253906,222.47390747070312,12.840085983276367,211.8733367919922,117.26906411360106,153.64999389648438,102.36009090991652,224.3930267427671,12.943331743491743,212.55332946777344,115.76911009525196,151.6999969482422,101.04403828817071,221.7542377436791,12.673746226037142,197.00332641601562,116.98660451621751,153.50050354003906,101.87922713070152,224.08596063121217,12.810409296247041,200.5833282470703,85671900,46752000,27312000,24792000,200204000,118297200
2021-03-31,118.97355651855469,154.70399475097656,102.35265350341797,226.23536682128906,13.315415382385254,222.64332580566406,120.30792565051348,155.9665069580078,103.53075620217572,229.4307019873928,13.43736426710358,224.0,117.9995609800172,153.125,101.58247178886016,222.9920507477263,12.950564769063268,213.70333862304688,118.48655874928595,153.2030029296875,101.94969987021643,223.49102583020917,12.983483585628845,215.5399932861328,118323800,61878000,42570000,43623500,314776000,100011900
2021-04-01,119.80143737792969,158.0500030517578,105.69042205810547,232.54925537109375,13.77777099609375,220.5833282470703,120.95075227765696,158.1219940185547,105.98668362413873,233.0194301648767,13.83587716537541,230.80667114257812,119.3046976300742,155.77749633789062,103.78730590753311,228.42314650954665,13.47800941308957,219.80667114257812,120.44427792585978,155.89700317382812,103.82799880608552,228.82615975066759,13.538860163952092,229.4566650390625,75089100,58806000,39880000,30338000,308276000,105895200
2021-04-05,122.62602996826172,161.3365020751953,110.1159896850586,238.9975128173828,13.953089714050293,230.35000610351562,122.87927086868106,161.79800415039062,110.61373186270573,239.85152026219762,13.979524270576526,236.05332946777344,119.86962103149284,158.06199645996094,106.45614255746916,232.88510830575663,13.699215418219154,228.23333740234375,120.64882037232358,158.64999389648438,106.55241526747184,232.94267953817064,13.833385038729487,235.90333557128906,88651200,66698000,48510000,36910600,255672000,125528400
2021-04-06,122.92799377441406,161.1909942626953,109.63462829589844,237.8364715576172,13.827400207519531,230.5399932861328,123.82406801579717,162.36549377441406,110.56460573116816,239.3141870764356,14.019676015663661,232.18333435058594,122.38255857200649,160.8520050048828,109.26393216477742,236.89610713655097,13.739617343870526,227.1233367919922,123.21045341308864,161.1875,109.7170060552788,237.59658162885503,13.96531045972212,230.10000610351562,80171300,50756000,35240000,22931900,191744000,84815400
2021-04-07,124.57405090332031,163.96949768066406,111.11196899414062,239.79391479492188,14.1087064743042,223.6566619873047,124.5935275475856,165.1804962158203,111.38341654754359,240.78225991518588,14.208459897547266,230.4600067138672,121.88582070386657,161.1824951171875,109.82519037364484,237.1935167319145,13.677769060228261,222.6133270263672,122.55788011147936,161.69000244140625,109.82519037364484,237.78843894053895,13.846602230892788,229.0,83466700,66924000,24134000,22719800,251284000,78928200
2021-04-08,126.97005462646484,164.96499633789062,111.67770385742188,243.00843811035156,14.281778335571289,227.93333435058594,126.99927330265552,166.22500610351562,112.73769574092296,243.8624454611813,14.435898249089426,229.85000610351562,125.17790646414029,164.60000610351562,111.30948379590893,241.808988761337,14.2139448346701,223.88333129882812,125.59671739753477,165.5449981689453,112.35111313829853,242.54785366001036,14.217686408200958,225.7933349609375,88844600,56242000,28664000,23625200,244416000,71772900
2021-04-09,129.5413818359375,168.61000061035156,112.68209075927734,245.5033416748047,14.364575386047363,225.67333984375,129.58033511074808,168.61000061035156,112.84585430068906,245.63767943978883,14.372556078838363,226.99000549316406,126.1031794318075,164.44500732421875,111.02411646911484,242.23123976274744,14.14012946049153,223.14332580566406,126.42459968145573,165.23500061035156,111.43005347801764,242.64384338315648,14.179033078443032,225.92333984375,106686700,86830000,26146000,24326800,195172000,64311300
2021-04-12,127.82720184326172,168.96949768066406,111.38937377929688,245.5609130859375,15.171585083007812,233.9933319091797,129.3953355248616,169.7519989013672,111.99826800652428,247.24974743747651,15.314732396380426,234.93333435058594,127.2330638679476,167.5574951171875,110.5556690671648,244.3230729403919,14.104466864397924,227.3633270263672,129.0739151583479,167.760498046875,111.86081020287733,244.4094444364362,14.254596927138556,228.56666564941406,91420000,65636000,25024000,27148700,869324000,87407100
2021-04-13,130.93421936035156,170.0,111.8761978149414,248.03652954101562,15.6409273147583,254.10667419433594,131.15824904554103,171.60000610351562,112.32481171879675,248.70823291456193,15.661377066442782,254.3333282470703,128.49923039780398,169.781494140625,111.31146450496534,246.44365723287845,15.088539527921586,236.8866729736328,128.99597765783932,170.04249572753906,111.70549055106234,246.85629007953642,15.194029461631905,237.56666564941406,91266500,66316000,25682000,23837500,676212000,133958400
2021-04-14,128.59664916992188,166.64999389648438,111.2548828125,245.2538604736328,15.239418983459473,244.07666015625,131.48941754486856,170.2064971923828,112.52131494179199,248.3628245342874,15.681827538993751,260.2633361816406,128.2362755221187,166.3000030517578,110.96259662557597,244.84125683021273,15.19004028928494,242.67666625976562,131.43098018165665,170.20199584960938,112.52131494179199,247.06744236464007,15.586562476746503,256.8999938964844,87222800,62904000,21002000,23070900,385500000,147052200
2021-04-15,131.0023956298828,168.95449829101562,113.40562438964844,249.00572204589844,16.097551345825195,246.28334045410156,131.48939338315375,169.85000610351562,113.93909964977729,249.41832565556072,16.174361581809492,247.89666748046875,130.1647588997771,167.60000610351562,111.71440816514466,247.30731205606156,15.593044896398382,240.43666076660156,130.34008581919048,168.5500030517578,112.24936757265024,247.49920641050562,15.623968769706602,247.6999969482422,89347100,64672000,29174000,25627500,598480000,83546700
2021-04-16,130.67124938964844,169.9720001220703,113.28157043457031,250.19558715820312,15.8733549118042,246.5933380126953,131.16798178060714,170.33999633789062,113.85176324145186,250.44508205125322,16.125982027135557,249.80332946777344,129.81412853121648,167.7794952392578,112.69450680826098,247.18258492336514,15.826220403097025,241.53334045410156,130.8076081751269,169.0,113.60363801209377,248.97695687953168,16.01350839262557,242.88333129882812,84922400,63720000,26282000,24878600,335208000,83938500
2021-04-19,131.33355712890625,168.60049438476562,113.62944793701172,248.27647399902344,15.323957443237305,238.2100067138672,131.9471790846723,171.79649353027344,114.34057420260662,250.90568755956681,15.768611067379295,241.8000030517578,129.87256379574342,168.00799560546875,112.65779320044837,247.39369545031107,15.195524339740611,230.60000610351562,130.0381412567294,169.51649475097656,112.65779320044837,249.66784731433955,15.49827785931113,239.86666870117188,94264200,54508000,30290000,23209300,404420000,119058600
2021-04-20,129.64857482910156,166.7344970703125,113.09597778320312,247.81585693359375,15.133926391601562,239.663330078125,132.00564275979164,169.14950561523438,114.08797894990056,249.67740478959612,15.458874387907025,245.75,128.38237738217003,165.8000030517578,112.00968781654448,246.45326949789063,14.926188677668558,236.89666748046875,131.50891027779352,168.67999267578125,114.01304464501652,247.39364839202,15.285551919658973,239.13999938964844,94812300,52460000,22288000,19722900,334132000,106827000
2021-04-21,130.02841186523438,168.1009979248047,113.063232421875,250.04202270507812,15.322710990905762,248.0399932861328,130.27191076385841,168.14300537109375,113.14511042002438,250.1379845198546,15.32470592597656,248.27999877929688,127.88562452974153,165.1905059814453,111.39929855085491,246.84670218540677,15.06509609224263,232.6666717529297,128.9180574819885,165.8000030517578,112.75059219366896,248.4683602197952,15.0815550200728,234.92333984375,68847100,44224000,23204000,24030400,216776000,93646500
2021-04-22,128.5089874267578,165.45199584960938,111.78141021728516,246.7699432373047,14.813714981079102,239.89666748046875,130.66150947358742,168.64349365234375,113.58577771200164,251.19349872251507,15.400517901418528,251.2566680908203,127.99277092528317,165.07249450683594,111.17598403868455,245.30180365019515,14.747128677340898,239.34666442871094,129.58037371612286,168.58399963378906,112.9168285050062,249.6869831956242,15.33717372365206,247.1666717529297,84566500,51612000,24146000,25606200,277788000,106770900
2021-04-23,130.82708740234375,167.04400634765625,114.13414764404297,250.58900451660156,15.22769832611084,243.13333129882812,131.60627194079382,168.75,114.44132836140675,250.93446122870813,15.29727657658135,245.7866668701172,128.72325347974677,165.4250030517578,112.21465244876855,246.86590827372385,14.86359643923154,238.48666381835938,128.72325347974677,165.9550018310547,112.49999499252134,247.45125490577422,14.897512245071516,239.93333435058594,78657500,63856000,29066000,21462600,227500000,85110000
2021-04-26,131.2166748046875,170.4499969482422,114.63038635253906,250.97280883789062,15.439921379089355,246.06666564941406,131.54782970744535,171.42250061035156,115.35491539207553,251.82683096234217,15.440919322295558,249.76666259765625,130.0868364590517,166.5469970703125,114.0046137037265,249.6486411501395,15.087790126519275,244.20333862304688,131.32381490404939,167.39999389648438,114.36191465854154,251.07837562429333,15.147642935688191,247.0,66905100,97614000,32038000,19763300,197796000,93115500
2021-04-27,130.895263671875,170.8715057373047,113.68998718261719,251.3757781982422,15.34390926361084,234.913330078125,131.88874331170373,173.0,115.05318417666454,252.54644184227783,15.631948601560827,241.3333282470703,130.62254610203854,169.90049743652344,113.45078956312143,249.6005874444316,15.316726012485972,234.4499969482422,131.49913616765673,172.17349243164062,115.01249127701054,251.00153597469426,15.540174924345006,239.32000732421875,66015800,76542000,44386000,31014200,164572000,88311000
2021-04-28,130.10635375976562,172.9250030517578,117.06747436523438,244.26547241210938,15.239168167114258,231.46665954589844,131.5089100143574,174.49400329589844,120.65734705575763,246.1654108297521,15.494040417919788,236.1666717529297,129.619355885921,171.25,116.77865622813731,242.72058097809375,15.178069111051128,231.1999969482422,130.81736649421998,171.74000549316406,118.72792498547076,245.7239923604383,15.32670273224523,232.1366729736328,107760100,92638000,81106000,46903100,209416000,66813000
2021-04-29,130.00894165039062,173.5655059814453,118.74082946777344,242.29840087890625,15.287049293518066,225.6666717529297,133.50559750247544,175.72250366210938,119.30655470794439,245.74323113487725,15.39852402553531,234.0833282470703,129.00572727008065,171.75,117.80241660635883,238.93035179332017,15.034422195968673,222.8333282470703,132.92119413868548,175.2550048828125,118.56565462462966,245.12911354726194,15.362113842578646,233.1699981689453,151101000,153648000,41234000,40589000,173196000,86536200
2021-04-30,128.04144287109375,173.37100219726562,116.79254913330078,241.98175048828125,14.972576141357422,236.47999572753906,130.08682431063778,177.6999969482422,118.19941495111625,242.84536297608295,15.327201831127287,238.49000549316406,127.66158525646483,173.125,116.44815119189317,239.5060994250514,14.96010708165607,222.04666137695312,128.3531136734093,176.25599670410156,117.51310274370631,239.64043719314697,15.13717115419707,222.52999877929688,109839500,140186000,44856000,30945100,201912000,122276100
2021-05-03,129.09336853027344,169.32449340820312,116.27544403076172,241.67469787597656,14.800250053405762,228.3000030517578,130.58359545105438,174.33250427246094,118.18451947822223,244.0640067134721,15.209241257751458,235.3333282470703,128.401839986388,168.63499450683594,115.89928838902377,240.96461845267157,14.751121563712845,226.8333282470703,128.60637073689202,174.2364959716797,117.35875804326757,243.1524133181081,15.08779089742156,234.60000610351562,75135100,117510000,28242000,19626600,203912000,81129300
2021-05-04,124.52532958984375,165.593505859375,114.47654724121094,237.76927185058594,14.315942764282227,224.53334045410156,128.07068022860358,168.3990020751953,115.37773525338912,241.0509786364311,14.601488646469987,227.81666564941406,123.40523322106765,163.60650634765625,111.98785142103567,235.821366992888,13.975782087903074,219.23333740234375,127.77847859118502,167.8094940185547,114.81002610533777,240.8206790565612,14.60123939851099,226.31333923339844,137564700,108788000,44818000,32756100,405324000,89217900
2021-05-05,124.76885986328125,163.52699279785156,114.8705825805664,236.5026397705078,14.422930717468262,223.64666748046875,127.05774092819507,167.73500061035156,115.8744948855566,239.4101039903154,14.777057880701475,228.43333435058594,124.64223566162377,163.21800231933594,114.54851496753456,235.87893192942408,14.35210528482162,222.44667053222656,125.84024625685937,166.9429931640625,115.55838657968523,238.98789545222698,14.672814191288305,227.02000427246094,84000900,74226000,26636000,21901300,292024000,65705700
2021-05-06,126.36620330810547,165.31849670410156,115.99110412597656,239.6308135986328,14.487271308898926,221.17999267578125,126.37593791446682,165.72000122070312,115.99110412597656,239.75556103135267,14.535402805545267,227.0066680908203,123.82406658932013,162.36000061035156,113.7922184104356,234.79463968140215,14.183022295182871,216.6666717529297,124.56430537762937,163.5,114.45173268147272,236.48345929785845,14.459589562260682,226.9199981689453,78128300,88954000,25190000,26491100,193380000,83353800
2021-05-07,127.03939819335938,164.58050537109375,116.71463775634766,242.25039672851562,14.775811195373535,224.1233367919922,128.06381882504127,166.54449462890625,117.6733970925237,244.01598268660447,14.933920995149085,230.0,126.3271629457147,164.45350646972656,116.4283032840996,241.01255677969283,14.635656764528989,220.07333374023438,127.66381362314827,165.95449829101562,117.30816048876812,241.9529209858051,14.771821324795141,221.93333435058594,78973300,94206000,28898000,27032900,229328000,70407600
2021-05-10,123.7612075805664,159.52450561523438,113.72821044921875,237.1839599609375,14.230655670166016,209.67999267578125,126.38570115821472,164.14999389648438,115.67599518638454,241.54995953059446,14.769576460567666,221.68333435058594,123.7221806852606,159.5,113.3704097175728,237.1263887215293,14.214944484231708,209.20333862304688,126.25887677480436,164.11599731445312,115.53406221182321,240.72473760173244,14.750872395980661,221.63333129882812,88071200,116772000,30914000,29299900,268904000,94177200
2021-05-11,122.84410095214844,161.19549560546875,112.6518325805664,236.27236938476562,14.271056175231934,205.73333740234375,123.19532812082859,161.89999389648438,113.15900213602517,236.62741641293383,14.319436925882222,209.03334045410156,119.78055295740043,156.36849975585938,110.8583841691217,232.76039218061487,13.71617493345528,198.53334045410156,120.49278076667929,156.81399536132812,111.31245758968727,234.66031619488902,13.790990242826654,199.74667358398438,126142800,92396000,34186000,33641600,285584000,139511700
2021-05-12,119.78053283691406,157.5970001220703,109.18750762939453,229.3347625732422,13.724652290344238,196.6300048828125,121.60500079746393,160.39700317382812,111.5561162328278,234.4971983156802,14.225167908494997,206.80332946777344,119.27319817304675,156.65499877929688,108.85849635134446,228.4423791025512,13.675523802229213,195.58999633789062,120.39519702699735,159.25,110.47478602478672,232.37656498927853,13.97503424774267,200.8300018310547,112172300,98728000,46376000,36684400,303408000,101470800
2021-05-13,121.92695617675781,158.07350158691406,110.61621856689453,233.2017364501953,13.631629943847656,190.56333923339844,123.07822323359044,160.19200134277344,111.13231572556356,235.66781131217894,14.046108350791599,202.15333557128906,121.23424571494745,156.64999389648438,109.50858260758544,231.65684512029483,13.42588717938681,186.5500030517578,121.54645335187067,159.27349853515625,110.47130973397276,232.02148240366125,13.999223099536502,200.51333618164062,105861300,67018000,33204000,29624300,285404000,132554700
2021-05-14,124.34657287597656,161.14500427246094,113.0647201538086,238.11471557617188,14.207962989807129,196.5800018310547,124.7758612004647,161.4429931640625,113.37934430353187,239.10306082061462,14.292753932272674,197.6233367919922,122.78553457368028,159.14999389648438,111.65636250684874,235.5622980961346,13.714679274314111,190.15333557128906,123.17579601015879,159.2779998779297,112.08016237235324,235.64865494854968,13.85583166351833,194.47000122070312,81918000,66500000,31996000,23901100,258616000,100112700
2021-05-17,123.1953125,163.51950073242188,113.58776092529297,235.26480102539062,14.130650520324707,192.27667236328125,123.83924502210618,164.6374969482422,113.6304377384808,236.61778349101087,14.134391142572785,196.57666015625,122.12209907344122,161.72950744628906,111.92978642061708,233.67194331645007,13.819418762550056,187.06666564941406,123.73192293508849,162.29649353027344,112.3297641754445,236.57940755176028,14.122171332609264,191.85000610351562,74244600,74478000,21598000,24970200,216980000,97171200
2021-05-18,121.80987548828125,161.61399841308594,112.27517700195312,233.24977111816406,13.981270790100098,192.6233367919922,123.89776545531322,165.60000610351562,114.51873100821115,236.445106641719,14.368815282209768,198.75,121.74158030033598,161.51849365234375,112.26128204938492,233.07704276033246,13.969549474724266,187.7933349609375,123.47823574547311,164.62899780273438,114.2542271454535,236.31076887083617,14.231902974365962,189.3333282470703,63342900,56568000,22204000,20168000,186256000,110491800
2021-05-19,121.65377807617188,161.58999633789062,112.7232894897461,233.82681274414062,14.031147003173828,187.82000732421875,121.87817336567916,161.7375030517578,112.89648041648023,233.9326086171046,14.044863252937322,188.73666381835938,119.86833712441047,159.1999969482422,110.43756603914663,229.47959883359417,13.509932366145637,182.32666015625,120.16103504698746,159.75,110.58594292832795,230.1624510972941,13.533124795954503,184.18333435058594,92612000,53594000,23684000,25739800,344000000,118735200
2021-05-20,124.21000671386719,162.38400268554688,114.48250579833984,237.058349609375,14.576554298400879,195.5933380126953,124.61002681126666,162.98399353027344,114.73310713657823,238.47216034186488,14.647628989531981,196.28334045410156,122.05382097524402,161.8090057373047,113.31978979628988,234.53850325579242,14.235395590705924,190.35667419433594,122.18066024691666,162.22000122070312,113.69098569300493,234.6346866469853,14.267316461611319,191.6666717529297,76857100,52664000,32352000,21800700,321592000,92463300
2021-05-21,122.37577819824219,160.1540069580078,113.84630584716797,235.79843139648438,14.95486831665039,193.6266632080078,124.8831983677244,162.83450317382812,115.07502854849963,238.83764464564823,15.184552232588912,198.89332580566406,122.16113401006866,159.85049438476562,113.60661602300084,235.3848750918042,14.832919461611446,193.3333282470703,124.70758107227505,162.5,115.00157839071795,238.10670075398016,15.126445108164015,198.70333862304688,79295400,82098000,40632000,21863100,672992000,78091800
2021-05-24,124.005126953125,162.24949645996094,117.16674041748047,241.1940155029297,15.573594093322754,202.14666748046875,124.82467691264395,162.8975067138672,117.39054383977164,241.55949482361876,15.706266327666086,204.82666015625,122.87337670112784,160.52499389648438,114.7311403842088,238.04900607225056,15.138665855139163,191.21665954589844,122.94167191078611,160.77499389648438,114.87654143018372,238.31830198996036,15.175076040317867,193.86666870117188,63092900,48456000,31832000,21411500,554816000,103674300
2021-05-25,123.80998229980469,162.95249938964844,117.25753784179688,242.0980682373047,15.609257698059082,201.56333923339844,125.19541091008112,163.99099731445312,118.30611079968943,243.08869557539978,15.779587331962556,204.663330078125,123.24410353248182,160.68800354003906,116.86698744390246,241.2324763784631,15.444414374776022,198.57000732421875,124.7075784829674,163.33349609375,117.71061174116315,242.14615993513493,15.727216706047216,202.43666076660156,72009500,65222000,22440000,17704300,435408000,84017700
2021-05-26,123.7612075805664,163.25799560546875,118.12300109863281,241.8769073486328,15.661375999450684,206.3766632080078,124.28805950176616,164.7864990234375,118.5537446380502,243.271478782269,15.75489536364087,208.72332763671875,123.34167776055286,162.92550659179688,117.43568933655425,241.1651882496709,15.54790633225724,200.5,123.8685296817526,163.72950744628906,117.43866520384775,241.81918849558588,15.69554199926276,202.52000427246094,56575900,47680000,21572000,17771600,370440000,85917900
2021-05-27,122.22944641113281,161.5054931640625,117.24810791015625,239.78021240234375,15.449895858764648,210.28334045410156,124.53198130053191,163.01800537109375,118.55671711942162,241.86726317029425,15.711251361963061,210.3766632080078,122.03431936367312,161.5019989013672,116.92951595867764,239.72250822888856,15.421964867002261,205.40333557128906,123.36120412853428,162.8000030517578,118.55671711942162,241.56911515709095,15.66112493529576,206.74667358398438,94625600,51224000,35224000,24426200,581476000,79111800
2021-05-28,121.57574462890625,161.15350341796875,116.95879364013672,240.1360626220703,16.20453453063965,208.4066619873047,122.73677048730885,162.39950561523438,117.91258561269424,242.44433227006198,16.237454287840492,211.8633270263672,121.51720801205188,160.98500061035156,116.76029647620672,240.02065427610526,15.462864882329143,207.4600067138672,122.51236771666937,162.10000610351562,117.83070761492301,241.4056131297948,15.462864882329143,209.5,71311100,46596000,21482000,18270200,644536000,68211000
2021-06-01,121.2537841796875,160.9324951171875,118.16616821289062,237.9432373046875,16.2244873046875,207.96665954589844,122.2977294109628,162.5489959716797,118.3909711309442,241.68454316855704,16.347933551781875,211.26666259765625,120.92206674340329,160.4530029296875,116.83125322941245,237.52006843974277,15.864126093340143,206.85000610351562,122.03430717883234,162.1750030517578,117.83169739325494,241.62683899040678,16.229974565620903,209.26666259765625,67637100,48600000,23354000,23213300,472804000,54254700
2021-06-02,122.01478576660156,161.69949340820312,117.64064025878906,237.84706115722656,16.736976623535156,201.7066650390625,122.19040306312083,161.75,118.7844939306939,239.74175988362455,16.877132024892546,207.7866668701172,121.02938463288338,160.39999389648438,116.73596907023163,236.44286260535492,16.195562337610674,199.7133331298828,121.253779962891,161.15499877929688,118.5616749306312,238.64533650633828,16.212271468853235,206.7100067138672,59278900,40290000,21158000,19406700,594168000,69908400
2021-06-03,120.53179168701172,159.35049438476562,116.49876403808594,236.31785583496094,16.928001403808594,190.94667053222656,121.80989069682863,160.7220001220703,116.96722459641707,236.92376439822456,17.216541131071583,201.51666259765625,120.13177164794705,159.20150756835938,115.60253582286343,233.71143786898358,16.5422035955669,190.4066619873047,121.64403199734149,160.2115020751953,116.4069589139595,235.84658057417465,16.659664080908772,200.60000610351562,76229200,47966000,18696000,25307700,580008000,90335700
2021-06-04,122.82457733154297,160.31100463867188,118.78102111816406,241.20362854003906,17.53500747680664,199.68333435058594,123.08800699874061,161.0500030517578,119.05197647969602,242.0307559108141,17.617552324507795,200.20333862304688,120.83425044759345,159.9405059814453,117.23470598588214,238.04900663185686,17.053445127711075,192.39999389648438,121.04889463757115,160.60000610351562,117.5751361103478,238.28945046434345,17.070401602049834,193.23666381835938,75169300,44994000,24458000,25281100,617120000,72110700
2021-06-07,122.83432006835938,159.90049743652344,119.21424865722656,244.1082000732422,17.575658798217773,201.7100067138672,123.24409122711307,160.39999389648438,119.32392413070295,244.3774959981243,17.768683328317508,203.3333282470703,121.79037500565761,158.61000061035156,118.15724030193509,240.2610986600382,17.15045876950315,194.2933349609375,123.0977422579531,159.8665008544922,118.57607279219508,240.42459870903608,17.528027688444322,197.27667236328125,71057600,44316000,24120000,23079200,575756000,67631100
2021-06-08,123.65387725830078,163.20550537109375,119.02268981933594,242.9155731201172,17.41405487060547,201.19667053222656,125.33200387040455,163.97650146484375,120.06878661423825,246.22408220811877,17.57814946975256,207.69667053222656,123.13678395621102,160.90049743652344,118.84106348764917,242.85785427977055,17.208560371373252,198.5,123.51728685562117,161.1304931640625,119.69610658561207,245.40656740508024,17.484131607589486,207.6699981689453,74403800,68334000,24240000,22455000,323848000,78160200
2021-06-09,124.03437805175781,164.0574951171875,119.494140625,243.8966064453125,17.319515228271484,199.5933380126953,124.63928371308171,164.87899780273438,119.73928242428627,245.76245296444787,17.535782653047317,203.92999267578125,123.43923097435068,163.53500366210938,118.94627815938065,243.531141793228,17.21724494368834,199.2100067138672,124.1124318358548,163.64349365234375,119.66733155702187,244.10819819545324,17.47666498952007,200.72332763671875,56877900,49110000,17942000,17937600,381656000,49753800
2021-06-10,123.0392074584961,167.4824981689453,120.84343719482422,247.40707397460938,17.3861141204834,203.3733367919922,125.0685610035486,167.5500030517578,120.88661377093757,247.6186657190944,17.452965945027934,205.52999877929688,122.87334876469549,164.0574951171875,119.287694745619,243.97354371278735,17.137671136572692,200.1666717529297,123.92704498219538,164.10049438476562,119.44351508642232,244.56983971513966,17.311282630136223,201.2933349609375,71186400,69530000,25904000,24563600,287772000,71758800
2021-06-11,124.2490234375,167.3415069580078,120.59879302978516,248.03224182128906,17.78547477722168,203.29666137695312,124.33683580636276,168.32899475097656,121.17047000516757,248.609283510247,17.89922071360538,204.18666076660156,123.02946096276283,166.67250061035156,120.04100343499866,246.80114128203925,17.40482582522779,200.5066680908203,123.44899075181716,167.4824981689453,121.08511637699016,248.12839586874716,17.44049548819086,203.41000366210938,53522400,56348000,21958000,18999700,416308000,48615900
2021-06-14,127.30279541015625,169.19349670410156,121.52727508544922,249.955810546875,17.97853660583496,205.89666748046875,127.36133202248661,169.25,121.52776727722208,250.01351471996307,17.999240343517034,208.49667358398438,123.97583310546236,166.77499389648438,119.99336321142542,246.98389887756707,17.62333209959281,203.05999755859375,124.70757053406396,167.3415069580078,120.7010138258984,248.04185763593912,17.866039129449224,204.07666015625,96906500,51394000,22098000,19150500,321376000,61272000
2021-06-15,126.48326110839844,169.156494140625,120.50896453857422,248.48428344726562,17.74880027770996,199.7866668701172,127.4198916269695,169.84950256347656,121.85479096519951,250.0519820781897,17.97604277221346,205.59666442871094,126.23934861668313,168.15550231933594,120.14818797993534,247.83028320585453,17.688436105733807,199.41000366210938,126.77595907590421,169.1999969482422,121.53173143958783,249.8403903117265,17.87501904179377,205.56333923339844,62746300,48524000,21562000,18038900,243032000,53292300
2021-06-16,126.98081970214844,170.7624969482422,119.86682891845703,247.54176330566406,17.7705020904541,201.6233367919922,127.70280593735949,171.3175048828125,120.97198129149075,250.6194270515861,17.9146803397417,202.8333282470703,125.331983991057,168.02650451660156,118.57409845592088,244.69490159361732,17.545255928506087,197.8333282470703,127.19546385620482,169.60000610351562,120.66033300190364,249.48453909560968,17.751046781023437,199.17999267578125,91815000,84056000,26472000,27220000,307124000,66432300
2021-06-17,128.58087158203125,174.46200561523438,120.83052825927734,250.92713928222656,18.615617752075195,205.53334045410156,129.3223749059046,174.86000061035156,121.60368576319931,251.74465405768584,18.79297075616805,207.1566619873047,126.49298175181782,170.0500030517578,119.59635368164419,246.22407390163147,17.71662916794355,200.44667053222656,126.63933814390342,170.15899658203125,119.7923747217894,246.2817780645063,17.73483795778775,200.6300048828125,96721700,102730000,25842000,27565500,809656000,68104200
2021-06-18,127.28328704833984,174.34500122070312,119.21028137207031,249.51336669921875,18.597158432006836,207.77000427246094,128.3077074896389,175.35000610351562,120.69108957521395,252.27365719884,19.331765442705965,209.4499969482422,127.06864288856177,173.6855010986328,119.1150006147533,248.85936651938206,18.54253016298032,203.93333435058594,127.52719951288445,173.99949645996094,120.45685929101408,249.70573350554895,18.74208463201298,204.4566650390625,108953300,104954000,46116000,37202200,968856000,73682700
2021-06-21,129.07850646972656,172.697998046875,120.89901733398438,252.59104919433594,18.386133193969727,206.94332885742188,129.18582857227696,174.10000610351562,121.0851112549705,253.44701394017824,18.49514044455132,210.4633331298828,126.06375134431808,171.6999969482422,118.99936913469928,248.06109579519787,17.782982197246216,202.9600067138672,127.12720634134745,173.8209991455078,119.59685965102948,249.8884629766057,18.394114765033102,208.16000366210938,79663300,65542000,27414000,26696100,672384000,74438100
2021-06-22,130.71759033203125,175.27200317382812,121.41313171386719,255.3609619140625,18.844606399536133,207.90333557128906,130.8151612925248,176.18899536132812,121.48211428370058,255.6302578162363,18.921436154060395,209.52333068847656,128.41505560442437,172.80450439453125,120.15613450667915,252.36982555497457,18.344974156997278,205.1666717529297,128.91264666080772,172.9029998779297,120.83698717040798,252.67760068633095,18.430284092496997,206.0833282470703,74783600,66902000,22390000,24694100,580144000,57476700
2021-06-23,130.4444122314453,175.1909942626953,121.21117401123047,255.1300811767578,19.014720916748047,218.85667419433594,131.0493254021088,176.0500030517578,122.17240951639948,256.63044804916365,19.11000874290461,219.06666564941406,129.98585550457855,174.16000366210938,120.92087169604042,254.32219358015837,18.86555464748546,210.01333618164062,130.51271488266488,175.25,121.17792455987673,255.82256045256418,18.965331868127812,210.6666717529297,60214200,56266000,19148000,19518700,332356000,93297600
2021-06-24,130.16146850585938,172.45399475097656,121.58136749267578,256.4958801269531,19.162639617919922,226.60667419433594,131.36151382298493,176.2429962158203,122.13269801966713,257.61154309721616,19.376661354418225,232.5399932861328,129.69314579268672,171.54249572753906,121.38287032972356,255.32251298159505,19.04565083784025,222.5366668701172,131.17613794325877,175.3820037841797,121.779864655628,255.98614034624336,19.184841090247765,224.99667358398438,68711000,76640000,21362000,21446900,320924000,137947200
2021-06-25,129.86878967285156,170.072998046875,121.58979797363281,254.88966369628906,18.988536834716797,223.9566650390625,130.62979558487248,173.24099731445312,121.71336839672355,257.0344330491958,19.302335907164636,231.27000427246094,129.57609165578822,169.70899963378906,120.65337662784323,254.6396220924489,18.852341996857817,222.89999389648438,130.2102731739654,173.1999969482422,121.08511210446201,256.0534328701666,19.237480406858673,229.86000061035156,70783700,78820000,34594000,25611100,278364000,97490100
2021-06-28,131.49810791015625,172.1945037841797,121.61710357666016,258.4482421875,19.94040870666504,229.57333374023438,131.9566646084623,172.39999389648438,121.86423686669397,258.6213546854569,20.03394952523682,231.56666564941406,130.1029355337376,170.67550659179688,120.49508042755512,255.74565612665353,19.275894366137276,223.44000244140625,130.1614721527149,170.8000030517578,121.75852921191957,256.01495201827004,19.3180497753207,223.8800048828125,62111300,44856000,28526000,19590000,495436000,64884600
2021-06-29,133.01036071777344,172.40699768066406,121.35557556152344,261.0258483886719,19.982057571411133,226.9199981689453,133.16646828417475,172.80149841308594,122.09846715134644,261.2662922485271,20.053895490873828,229.1699981689453,131.07857796707717,171.15150451660156,120.77843902634659,257.7365928224437,19.61313175506694,225.29666137695312,131.51761747124857,171.9409942626953,121.75059355767355,258.5925577009788,19.838128621240415,228.21665954589844,64556100,41968000,23108000,19937800,367632000,52143900
2021-06-30,133.62501525878906,172.00799560546875,121.17394256591797,260.544921875,19.95786476135254,226.56666564941406,134.06405473109936,173.5800018310547,121.34018980324502,260.9873302929651,20.117507567563237,230.93666076660156,132.5615455661884,171.75,120.44445377750469,259.2946257303389,19.819424307190975,226.04666137695312,132.85424351014055,172.05299377441406,121.07965376613676,260.3429572810892,19.954621891960947,226.58999633789062,63261400,48080000,24474000,21656500,326568000,56774700
2021-07-01,133.9274444580078,171.64849853515625,121.52629089355469,261.2181396484375,20.166900634765625,225.97332763671875,133.98598106066015,172.85000610351562,121.66771652938495,261.4489562947867,20.410355677231596,229.3300018310547,132.45420381750057,170.4709930419922,120.62013549310655,259.2945893260647,19.974330486109007,224.26666259765625,133.27376091633408,171.73049926757812,120.81218116296395,259.30418711896345,20.08009486539896,227.97332763671875,52485800,40742000,18110000,16725300,480136000,55903500
2021-07-02,136.55194091796875,175.5489959716797,124.31818389892578,267.036865234375,20.441282272338867,226.3000030517578,136.59096035625936,175.58599853515625,124.46358492049245,267.373492407976,20.45949296291919,233.3333282470703,134.3957484933909,171.8459930419922,122.13666881147289,262.0837290689693,20.24247763436387,224.4199981689453,134.54208999602216,172.58200073242188,122.22649002373326,262.39150416203586,20.39463747913961,226.32666015625,78852600,63388000,25982000,26458000,342764000,81163500
2021-07-06,138.56182861328125,183.78700256347656,125.24370574951172,267.0465087890625,20.652311325073242,219.86000061035156,139.6643030810213,184.2740020751953,125.47991996172436,268.6911361826912,20.795490483018398,228.0,136.65931393358588,176.4499969482422,123.64825460993833,263.81492881537,20.304839002416227,217.13333129882812,136.65931393358588,176.5054931640625,124.70626257188695,267.40236092120523,20.69122385571064,227.23666381835938,108181800,134896000,26404000,31565600,446708000,69853500
2021-07-07,141.04971313476562,184.82899475097656,125.52555847167969,269.2297668457031,20.326290130615234,214.88333129882812,141.36191336128311,186.7100067138672,126.32948178151617,269.960725504487,20.828417245407213,221.89999389648438,139.1862182535438,183.94549560546875,125.20696652930476,266.5560325451121,20.286629685691395,212.77333068847656,140.04478004189397,185.86900329589844,126.20840260771347,268.7200270839339,20.806965588248794,221.42333984375,104911600,106562000,24060000,23260000,418428000,56376000
2021-07-08,139.7520751953125,186.57049560546875,124.10628509521484,266.8158264160156,19.858333587646484,217.60333251953125,140.55210024692394,187.99949645996094,124.6536477834332,268.07575022929956,20.088069151199225,218.14332580566406,137.24464819829342,181.05599975585938,123.09195356628405,264.3632807813375,19.65678472051413,206.82000732421875,138.13249304147996,182.17799377441406,123.0959213892183,266.3156842695692,19.812187411507026,209.4566650390625,105575500,103612000,23790000,24618600,503300000,68319900
2021-07-09,141.57655334472656,185.9669952392578,124.57723236083984,267.3157958984375,20.005508422851562,218.98333740234375,142.1033977245654,187.39999389648438,124.7916083872216,267.42157707974224,20.035442165140385,219.6366729736328,139.17644811221814,184.6699981689453,123.61748109045698,264.79594962280595,19.710169397353443,214.89666748046875,139.27401905419063,186.12600708007812,124.08743338198082,265.1806538246266,19.917954748254353,217.72666931152344,99890800,74964000,18632000,23916700,296624000,54421500
2021-07-12,140.9813995361328,185.92750549316406,126.02330017089844,266.71954345703125,20.466726303100586,228.56666564941406,142.7570893612842,187.864501953125,126.11659701235094,269.0758754216596,20.48692953104882,229.0800018310547,140.49357462424308,184.83949279785156,124.66903075282382,266.0078097490521,20.142700097359224,220.72000122070312,142.64976728517905,187.1999969482422,125.2317800964702,268.48920655469243,20.194833408061367,220.73333740234375,76299700,51432000,17668000,18931700,321984000,77781000
2021-07-13,142.09364318847656,183.8679962158203,126.38655090332031,270.2395324707031,20.204809188842773,222.84666442871094,143.8693330567253,188.6540069580078,127.09717735782496,272.0380469074323,20.41558805833223,231.0933380126953,140.13259235448814,183.5659942626953,125.72455299411631,266.7867639676429,20.069113012281623,222.10000610351562,140.52284633857775,185.10499572753906,126.0858217415927,266.9117700546269,20.35497267160728,228.77333068847656,100827100,76918000,19240000,26120100,290708000,62898300
2021-07-14,145.51820373535156,184.08399963378906,127.27533721923828,271.711181640625,19.797224044799805,217.7933349609375,145.92798987044893,185.88299560546875,128.3566749442319,272.8172174966731,20.372188248728314,226.20333862304688,144.08399692422722,183.04150390625,126.95525355930435,269.82608069615287,19.70867315158552,217.6133270263672,144.49378305932458,185.4425048828125,126.99843013494588,271.5572940522361,20.312322668503903,223.5833282470703,127050800,65932000,23742000,23113700,380100000,64923600
2021-07-15,144.86453247070312,181.55999755859375,126.05257415771484,270.2877197265625,18.92392921447754,216.86666870117188,146.3475248913628,184.77000427246094,127.73486288138461,271.7111577808716,19.802714611774928,222.04666137695312,143.50837933553277,181.04600524902344,125.58113774435483,269.1335775905223,18.816419702831787,212.6266632080078,145.606036124653,184.7100067138672,127.6842504239584,271.22064297039645,19.767543555966583,219.4633331298828,106820300,63706000,24218000,22604200,550564000,60628800
2021-07-16,142.82540893554688,178.68150329589844,126.01783752441406,270.0184631347656,18.12047004699707,214.74000549316406,146.11334481046933,182.30299377441406,126.85302634579371,273.24041682866897,19.11424759877164,218.89999389648438,142.32783277394142,178.5229949951172,125.20746273938772,268.7777645604806,18.032667088106123,214.06666564941406,144.84501166670194,181.66549682617188,126.7056414194645,271.28801379910107,18.988030726422647,218.22666931152344,93251400,80874000,20424000,26186800,688224000,49113000
2021-07-19,138.9813690185547,177.47950744628906,123.6437759399414,266.42144775390625,18.737842559814453,215.4066619873047,140.56193247731903,177.510498046875,125.25857376045805,269.65299943159687,18.999506326648362,215.73333740234375,138.22036304802546,174.95799255371094,122.57881687574903,263.95930475631536,17.825631445000248,207.09666442871094,140.24971726518362,176.62899780273438,125.14393851701688,268.2680403265695,17.875271703441314,209.9633331298828,121434600,75692000,27968000,32935600,749060000,63891300
2021-07-20,142.5912628173828,178.6595001220703,125.26304626464844,268.6431884765625,18.570465087890625,220.1666717529297,143.51814236544809,179.60000610351562,126.09029189296702,270.23011246945754,18.795960580206206,220.79666137695312,139.47895135835654,175.89999389648438,123.4179859291458,265.70015726033836,18.12346488761401,213.5,139.96677643113202,178.36599731445312,124.5861538619806,267.40248963801645,18.68820179026465,217.3300018310547,96350000,65114000,26312000,26259700,434687000,46461300
2021-07-21,141.85951232910156,179.25999450683594,126.59251403808594,270.64361572265625,19.36668586730957,218.42999267578125,142.57174758950413,179.32249450683594,126.63915867752108,270.7590240847354,19.48342535694125,221.6199951171875,141.10827250404336,177.1820068359375,125.07844872969363,266.6907325661512,18.700177259556888,216.76333618164062,141.98635160042446,178.81900024414062,125.18762444582607,268.2391770091446,18.83986423648893,219.8699951171875,74993500,46380000,20746000,24364300,371017000,41859900
2021-07-22,143.22544860839844,181.90150451660156,127.45844268798828,275.20245361328125,19.550273895263672,216.4199981689453,144.5913528979392,182.00100708007812,127.51948960821602,275.4717495772376,19.84261930571644,220.72332763671875,142.2595495761402,179.11349487304688,126.54286761164278,272.5864230986805,19.232982752333722,214.86666870117188,142.38638886275476,179.3614959716797,126.88528161966792,272.9903523690856,19.59816711341448,218.81333923339844,77338200,65308000,14302000,23384100,323826000,45317100
2021-07-23,144.9425811767578,182.83200073242188,132.01751708984375,278.5974426269531,19.51435661315918,214.4600067138672,145.09868877076016,183.3054962158203,132.3986401311124,278.9051883924715,19.656039936097546,216.26666259765625,143.34251555633264,181.1020050048828,128.82712984161756,275.5486022461029,19.207043356145515,212.43333435058594,143.95717990319216,182.0,129.4523951600972,276.38534199654606,19.612137498497777,215.45333862304688,71447400,48726000,41506000,22768100,195672000,43814700
2021-07-26,145.36207580566406,184.99099731445312,133.0298614501953,278.0011901855469,19.250944137573242,219.2066650390625,146.1816181027515,185.60400390625,133.23034251225275,278.61674057999716,19.398612673272545,222.73333740234375,144.10347916841854,182.3625030517578,131.3093559344711,275.68333711241416,18.87179107976758,215.70333862304688,144.65960672609336,183.6584930419922,132.32866235257328,277.95311315206845,19.26790639829814,216.99000549316406,72434100,58002000,30572000,23176100,203943000,76009800
2021-07-27,143.19613647460938,181.3195037841797,130.91087341308594,275.5871276855469,19.165136337280273,214.92666625976562,145.57672455410125,184.9250030517578,133.39114148344112,278.5109037300761,19.57821202904054,222.1666717529297,142.00584243486344,179.3074951171875,129.12835158486462,272.13435756738795,18.699177517637054,209.0800018310547,145.48890475095865,184.9250030517578,133.24375654153485,278.36664329219724,19.22200834655241,221.13333129882812,104818600,82638000,54710000,33604100,248863000,98439900
2021-07-28,141.44972229003906,181.51600646972656,135.0734405517578,275.2793884277344,19.45948028564453,215.66000366210938,143.39127100475073,182.92100524902344,137.2599234097083,279.05915914851056,19.60216083809746,218.32333374023438,139.06913408549428,180.0500030517578,134.2630655744144,272.98073086380026,18.952614440884304,213.13333129882812,141.28386358886817,181.68899536132812,135.28980809616644,277.9434960316162,19.275890857255888,215.6666717529297,118931200,59988000,95130000,33566900,202191000,48019800
2021-07-29,142.09364318847656,179.99600219726562,134.75929260253906,275.5486145019531,19.61812400817871,225.78334045410156,142.98148812260095,181.8975067138672,135.63616633400994,277.5875733755724,19.808697767774508,227.89666748046875,141.0594567321274,179.00050354003906,134.52655404007479,275.1446559746078,19.28486780665784,216.26666259765625,141.16677881083731,181.3874969482422,135.12899677919694,275.2985435397369,19.475441566253632,216.59666442871094,56699500,110400000,31716000,18168300,190781000,91183800
2021-07-30,142.30828857421875,166.37950134277344,133.7161865234375,274.01947021484375,19.455488204956055,229.06666564941406,142.7668451974614,168.40699768066406,134.2898550052644,275.70257739504893,19.586194490823832,232.50999450683594,140.60090132642787,165.3489990234375,133.24822569744882,273.05769468329794,19.22001478198621,223.0,140.8643309559415,167.3975067138672,134.0223752606491,274.26954124538486,19.374667678926546,223.9199981689453,70440600,199312000,25576000,20944800,183497000,88969200
2021-08-02,141.97657775878906,166.57400512695312,133.84323120117188,273.93280029296875,19.7059268951416,236.55667114257812,143.37174997131473,167.9459991455078,134.3216113441576,275.808244190784,19.916456479690652,242.31333923339844,141.71314811709883,165.85000610351562,132.79068281831607,272.89406671324383,19.317795028840045,232.8000030517578,142.7961201026742,167.65499877929688,134.10375968033432,275.41391286431883,19.656039233859172,233.3333282470703,62880000,67078000,21634000,16267400,217444000,100847400
2021-08-03,143.7718048095703,168.31199645996094,134.61289978027344,276.1449279785156,19.770782470703125,236.5800018310547,144.43523975697417,169.5500030517578,134.71412469345836,276.2507385273349,20.17687382086152,240.88333129882812,141.64487976916462,164.98849487304688,132.31972539676443,273.1441936458983,19.17710902193863,233.6699981689453,142.25954411950144,167.03599548339844,134.12160154439192,274.50992752859145,19.69594907533359,239.6666717529297,64786600,83146000,20762000,17879000,301811000,64860900
2021-08-04,143.3717803955078,167.73599243164062,134.1121826171875,275.55828857421875,20.228757858276367,236.97332763671875,144.19132291330385,169.44400024414062,134.63225514353746,276.59699312691515,20.272660294584725,241.63333129882812,142.71809660960577,167.2779998779297,133.47846680037628,273.7693710071133,19.78375207608851,236.30999755859375,143.68399557594776,168.96749877929688,134.33450184746084,275.2793654804813,19.945391220735015,237.0,56368300,43678000,19676000,16191300,231309000,51007800
2021-08-05,143.4790802001953,168.79949951171875,135.22975158691406,278.45318603515625,20.590944290161133,238.2100067138672,144.24008597517638,169.4499969482422,135.3275236015208,278.558996585167,20.686730720342474,240.31666564941406,142.61075233452527,167.04600524902344,133.8347890656251,275.1639308070006,20.29660255480396,237.1366729736328,143.40102641721816,167.81100463867188,134.66303433806044,275.91411439860224,20.454250895886414,238.6666717529297,46397700,48670000,17870000,13900200,211435000,38758800
2021-08-06,142.79510498046875,167.2469940185547,134.7205810546875,278.3954772949219,20.3205509185791,233.03334045410156,143.74290453377364,168.75,135.4490854531946,278.4339565262084,20.524096148760073,238.77667236328125,142.29678337483543,166.45199584960938,134.19605607043894,276.62581421943787,20.164898907628032,232.5433349609375,143.0003050001657,168.75,135.02181756289275,277.48180834700514,20.478199273286513,237.3000030517578,54126800,52752000,20488000,16589300,178497000,46869000
2021-08-09,142.74624633789062,167.093505859375,135.88626098632812,277.30865478515625,20.249711990356445,237.9199981689453,143.34228507821692,167.74400329589844,136.15523997949722,280.40557237439197,20.46223602836236,239.67666625976562,142.18930041536296,166.42599487304688,134.32455935046355,276.8085422037399,20.098050750515416,235.0433349609375,142.8537292225246,167.1804962158203,134.92304934714446,278.67438860321397,20.400374106685497,236.72332763671875,48908700,42964000,17760000,16117600,146443000,44145900
2021-08-10,142.26748657226562,166.03399658203125,135.78106689453125,275.490966796875,19.89151382446289,236.663330078125,144.32919310328901,167.89999389648438,136.73932631810774,278.193553507934,20.38441095043881,238.8633270263672,141.9743500451473,165.75,135.34188043410109,274.29837461151317,19.79073746939865,233.9600067138672,143.0882569205625,167.25050354003906,136.31204332519133,277.7607428078615,20.276652149351023,237.99667358398438,69023100,48252000,19414000,18616600,179238000,40296900
2021-08-11,142.52149963378906,164.60549926757812,135.25704956054688,275.9814453125,19.65503692626953,235.94000244140625,143.36181621242878,166.88499450683594,136.6500129504423,277.62607292416914,20.004256207949503,238.39332580566406,142.19905101424288,163.88949584960938,135.24959853381438,274.9330843638876,19.386638154855905,234.73666381835938,142.70715322469806,166.57249450683594,136.15277807095418,276.23148694196493,19.998269080576,237.57000732421875,48493500,58944000,15352000,13955900,185925000,29401800
2021-08-12,145.482177734375,165.1750030517578,136.16517639160156,278.73211669921875,19.86058235168457,240.75,145.63851920327534,165.72549438476562,136.27038427949398,278.8860042800306,19.984304288652414,240.93333435058594,142.5019837127135,163.48350524902344,134.4099447510758,275.3947550024405,19.576218486098607,233.13333129882812,142.84397881224007,164.5,134.95580816135285,275.67367807710286,19.825660607005055,235.44667053222656,72282600,46282000,16506000,14561300,151652000,52377300
2021-08-13,145.68739318847656,164.69850158691406,136.69467163085938,281.65594482421875,20.14295196533203,239.05667114257812,146.0196076628779,165.30349731445312,136.82271722045272,281.7040218560263,20.168894922983885,243.3000030517578,144.87638850599475,164.14999389648438,136.00539109097147,278.24162438521927,19.806704058002392,238.1133270263672,145.56036386786354,165.2834930419922,136.22075907791498,278.41476627205253,19.860584414299286,241.23666381835938,59375000,41134000,15948000,18249000,183063000,50194500
2021-08-16,147.6611328125,164.94949340820312,137.27230834960938,283.3389892578125,19.905479431152344,228.72332763671875,147.72953779617734,165.0,137.3249198670096,283.5505809829247,20.241727260005828,236.5,143.117568833467,160.55650329589844,134.2843860879526,278.9340422580359,19.409586914753046,225.46665954589844,145.1401825389347,164.14999389648438,136.4936912096848,281.982882658373,20.090066043847173,235.02333068847656,103296000,66394000,22384000,22507600,210876000,68032200
2021-08-17,146.75241088867188,162.09800720214844,135.63665771484375,281.8770446777344,19.41457748413086,221.90333557128906,148.20829780218608,164.02450561523438,137.2286329994701,282.2136718464197,19.725881495356077,224.86000061035156,145.67758203815535,161.28399658203125,135.06150515244326,279.95349440073016,19.224003737171717,216.27999877929688,146.79148879708086,163.875,136.7169958893501,281.213446835132,19.641070192734382,224.22000122070312,92229700,67758000,21716000,20075300,204585000,71163900
2021-08-18,143.01011657714844,160.06100463867188,134.43325805664062,280.15228271484375,18.997512817382812,229.663330078125,147.27032560258291,162.7050018310547,136.07634558098277,284.09347133334273,19.590187158874645,231.92333984375,142.80491649169554,160.0,134.30671177014443,279.70899787712983,18.95760116460458,223.11666870117188,146.37138432871737,162.09950256347656,135.47637140289288,281.4146181894163,19.456485405778384,223.25,86326000,56086000,19258000,21813000,285913000,61048200
2021-08-19,143.34228515625,159.3874969482422,134.66253662109375,285.9725036621094,19.75382423400879,224.49000549316406,144.61253336364982,161.64999389648438,135.32999419006325,286.64704708243323,20.449269491332213,228.85000610351562,141.1926423719419,159.1230010986328,133.2432673738552,278.13832497152845,18.720134701148606,222.52999877929688,141.71051038649435,159.7010040283203,133.42737741097457,278.1864940413031,19.450501709268725,226.07000732421875,86960300,75658000,21782000,29850500,766555000,42940500
2021-08-20,144.7982177734375,159.99749755859375,136.39892578125,293.28631591796875,20.769554138183594,226.75332641601562,145.10112008303318,160.3905029296875,136.52248864700474,294.7124789833826,20.818444593442123,230.7100067138672,143.42048638829777,158.78799438476562,134.23576540706904,287.21554348054167,19.888524916692134,224.56666564941406,144.0653838336242,160.19349670410156,134.98014118566647,288.8151504653693,19.946394164006318,227.61666870117188,60549600,67168000,31194000,40817600,675741000,44525700
2021-08-23,146.2834014892578,163.2935028076172,138.9913330078125,293.5658264160156,21.90900421142578,235.43333435058594,146.75241093803115,164.0449981689453,139.8180789523817,294.28853895244464,21.947916747279645,237.3766632080078,144.50505101044897,160.50050354003906,136.57557987363364,290.8677113762467,20.903253990213756,226.9166717529297,144.91543614181833,160.59500122070312,136.93486475189124,292.21676889613116,20.924207040526813,228.47999572753906,60131800,65362000,28454000,22830200,575807000,60794700
2021-08-24,146.19546508789062,165.28900146484375,140.2021484375,291.6096496582031,21.744369506835938,236.163330078125,147.40708910674365,165.77450561523438,141.0145070223878,294.5294067686128,21.90999945326239,238.4066619873047,145.7362213417673,163.72900390625,139.28606613478635,291.0122120736746,21.486945796783075,234.2133331298828,146.02935786837372,164.0,139.55701386958302,293.92232360780326,21.70445975402652,236.89332580566406,48606400,51036000,19268000,18175800,297299000,39249300
2021-08-25,144.96429443359375,164.95899963378906,141.0135498046875,291.02178955078125,22.163433074951172,237.06666564941406,146.87943995254733,166.0500030517578,141.12322528868177,293.5079068482192,22.419859572593847,238.99000549316406,144.41711425947602,164.3074951171875,140.31583381143977,289.4896430501033,21.673529472839984,234.6666717529297,146.3811034364789,165.49349975585938,140.56295954298056,293.22844986666524,21.68849539272734,235.67666625976562,58991300,33606000,15848000,20006100,347701000,37936800
2021-08-26,144.1630859375,165.8000030517578,140.3798370361328,288.2080993652344,22.018754959106445,233.72000122070312,145.7069245583274,166.60000610351562,141.34950029059405,291.42657543670686,22.29014733822545,238.46665954589844,144.13377377269998,164.8000030517578,140.29695193911797,288.07320832644916,21.741375451642853,232.5399932861328,144.95455911573424,164.9499969482422,140.6870101446203,290.0389651127222,22.15046036413365,236.10333251953125,48597200,41976000,20610000,17666100,237940000,39642900
2021-08-27,145.1988067626953,167.48150634765625,142.92410278320312,288.8151550292969,22.585487365722656,237.30667114257812,145.34536755607812,167.61599731445312,143.42878866169718,289.9233081860537,22.671295897934026,238.3333282470703,143.4693148530707,165.6875,140.43589917778093,286.0302890699818,22.1175340779144,234.03334045410156,144.10443150378484,166.6614990234375,140.59023537546233,288.1117043575675,22.134496340275508,235.0,55802400,48048000,28780000,22605700,304722000,41501400
2021-08-30,149.6153564453125,171.07850646972656,143.50621032714844,292.54437255859375,22.637372970581055,243.6366729736328,149.97689795560206,172.25,144.87586650188038,293.15145574767917,22.991580355069562,243.6666717529297,145.20858752404757,167.76100158691406,143.08191071362054,290.106423632768,22.50067954473319,237.57666015625,145.58966053577964,167.8715057373047,143.3171329571625,290.1642382786574,22.77905630499496,238.24000549316406,90956700,63844000,24434000,16348100,262580000,55812600
2021-08-31,148.35488891601562,173.5395050048828,143.61239624023438,290.8965759277344,22.338985443115234,245.24000549316406,149.30268857096087,173.62899780273438,144.08284070648722,293.4212466452703,22.64834767167244,246.79666137695312,147.82724018566304,169.7794952392578,143.1990308749765,290.5303969246272,22.074530788334712,242.14666748046875,149.1658935130071,171.24000549316406,144.05853400521448,293.34417025857385,22.64834767167244,244.3333282470703,86453100,87128000,22448000,26285300,259850000,62566200
2021-09-01,149.01930236816406,173.9499969482422,144.12652587890625,290.8484191894531,22.394872665405273,244.69667053222656,151.43276949828842,176.35000610351562,145.15723608656572,294.0861866329376,22.650346976918826,247.3300018310547,148.8531951656688,173.76199340820312,143.79701482675657,290.5207930363041,22.311045692279038,243.7566680908203,149.33198527371385,174.82000732421875,143.91264203896188,291.8505888037755,22.438782848035817,244.69332885742188,80313700,72598000,21936000,18983800,201767000,39612900
2021-09-02,150.1332550048828,173.156005859375,142.21249389648438,290.1930847167969,22.349964141845703,244.1300048828125,151.17877201656754,175.59800720214844,144.4282505704674,292.3226688129112,22.546559703912333,246.99000549316406,148.91186498723962,172.75,142.1112538267308,289.2583755946985,22.2491719184046,243.51333618164062,150.3482208407517,174.73800659179688,144.12702918117816,291.2048996220678,22.47171310768264,244.8333282470703,71115500,58474000,32342000,16285600,187834000,38331900
2021-09-03,150.76834106445312,173.90249633789062,142.66159057617188,290.18353271484375,22.796051025390625,244.52333068847656,151.09078972052774,174.1334991455078,143.07397156605705,291.5904047928127,22.93875676620903,244.6666717529297,149.5860293255129,171.82200622558594,141.33262733689926,289.3355453558773,22.154372938246212,241.39999389648438,150.24069238740682,172.60000610351562,142.00753585009178,290.03896669123856,22.27911602482771,244.0833282470703,57808700,51514000,19850000,14747900,280532000,45738300
2021-09-07,153.10360717773438,175.46449279785156,143.1985321044922,289.25848388671875,22.615421295166016,250.97332763671875,153.66055299380585,176.4044952392578,143.48089873899315,290.1353787033477,22.851933679293005,253.39999389648438,150.85624768920798,173.8470001220703,142.5419937114171,287.350541443884,22.475707756123192,246.4199981689453,151.42297416263037,173.89999389648438,142.75587753973872,290.05830229855934,22.786069350584963,246.6666717529297,82278300,54758000,20124000,17180400,198107000,60119400
2021-09-08,151.559814453125,176.27499389648438,142.6134490966797,289.2873229980469,22.29307746887207,251.2899932861328,153.4456331023822,177.281494140625,143.3171319106359,289.67276374560055,22.56352027129148,254.81666564941406,150.45567332943037,174.7834930419922,141.92763663073742,286.6470229996981,21.93182023150501,246.92333984375,153.38700877891932,175.58250427246094,143.01939373948818,288.8729749296078,22.4667195564941,253.86000061035156,74420200,61068000,18344000,15046800,254434000,56379000
2021-09-09,150.5436248779297,174.20799255371094,142.46456909179688,286.43499755859375,22.13141632080078,251.6199951171875,152.53692642541913,177.49949645996094,143.22829924541583,291.1470962428215,22.49167436409393,254.03334045410156,150.42636132134103,174.01849365234375,142.10380011064456,286.1940934395369,22.08551134357219,250.5433349609375,151.93112186962642,176.30099487304688,142.76182262055423,289.87511543646343,22.26613906339988,251.1366729736328,57305700,54384000,15314000,19927000,196856000,42233100
2021-09-10,145.56033325195312,173.45750427246094,139.81954956054688,284.9510803222656,22.431793212890625,245.42333984375,151.9213251437336,175.42250061035156,143.63323266843653,289.0079277198995,22.57948778548867,254.20333862304688,145.2965089144569,173.14549255371094,139.68258396569115,284.6330997569278,22.22422061022854,244.83999633789062,151.45231569560596,175.0915069580078,143.13101539105872,287.56250269932383,22.302059384512948,253.1999969482422,140893200,47946000,36840000,19633400,248376000,45552600
2021-09-13,146.12705993652344,172.85850524902344,141.26513671875,286.1844482421875,22.106462478637695,247.6666717529297,147.95425407222461,174.8979949951172,141.87799874708952,287.678071426656,22.916793521350062,248.25999450683594,145.34536758274155,171.89999389648438,140.1907502683079,283.3803207637957,21.813066231192824,236.28334045410156,147.18234237769772,174.13999938964844,140.88499809629892,286.7240711170078,22.6373684331441,246.73666381835938,102404300,51380000,22094000,23652900,297500000,68857500
2021-09-14,144.7297821044922,172.5,141.4755401611328,288.88262939453125,22.196279525756836,248.163330078125,147.61227358439965,174.3404998779297,142.28791402642847,290.4244218394307,22.363933451036715,251.49000549316406,143.5474852815467,171.885498046875,140.68700352159263,287.25411498430714,22.040600065099298,245.46665954589844,146.9087519585389,173.77749633789062,141.9231620681561,288.66098698942704,22.22921073103916,247.52333068847656,109296300,38738000,19674000,21853400,199755000,55574700
2021-09-15,145.6189422607422,173.7895050048828,143.346435546875,293.7296142578125,22.295074462890625,251.94332885742188,146.01956159972383,174.27099609375,143.3672741920818,294.21142254991946,22.321021990703297,252.2866668701172,143.01982179601146,170.10049438476562,140.28754656710873,290.83876450517084,21.920845329366998,246.1199951171875,145.1596986106003,172.12600708007812,141.7008640719296,292.2263747390184,22.263140654637013,248.3333282470703,83281300,59150000,27408000,28356300,166538000,46073100
2021-09-16,145.38446044921875,174.41200256347656,142.5330352783203,294.1150207519531,22.196279525756836,252.3300018310547,145.56034832894838,174.62750244140625,143.2178632283593,294.2017427055618,22.231207426856813,252.97000122070312,143.85040265204483,172.3070068359375,141.33360198236525,289.8172995209801,21.881926512429214,249.20333862304688,145.0424802595639,172.9980010986328,142.87098166719957,292.7081489368997,22.13740079198433,250.94332885742188,68034100,51672000,26190000,19550800,156033000,41770200
2021-09-17,142.7169189453125,173.12600708007812,139.744140625,288.95965576171875,21.854982376098633,253.163330078125,145.4137565229727,174.87049865722656,142.37426215695461,293.42120456252405,22.275116504076188,253.67999267578125,142.423782481279,172.60650634765625,139.4166134851855,288.63202970257026,21.785126571378843,250.0,145.4137565229727,174.42050170898438,141.95791332781604,293.1032240780458,22.25415976266025,252.38333129882812,129868800,92332000,53384000,41372500,294503000,84612600
2021-09-20,139.6683349609375,167.7864990234375,137.67922973632812,283.5923767089844,21.069602966308594,243.38999938964844,141.5248410433877,170.9499969482422,137.95762854767855,287.85157536698296,21.38894489978741,247.3333282470703,138.03656037257468,165.25050354003906,135.29971724995474,278.98629016221753,20.619529786404915,239.5399932861328,140.50865153615536,169.8000030517578,137.12541555299168,285.5485173899759,21.102534175277412,244.85333251953125,123478900,93382000,46518000,38278700,349440000,74273100
2021-09-21,140.14712524414062,167.18150329589844,137.99037170410156,284.0741271972656,21.20232582092285,246.4600067138672,141.29035906389458,168.98500061035156,138.9615341232581,286.7144563554884,21.380956807798107,248.24667358398438,139.51200859720305,166.6195068359375,137.24102873624298,283.37070598587525,20.906934767163182,243.47999572753906,140.6356810985669,168.75,138.70149030553176,284.93175998192237,21.372973831688537,244.92999267578125,75834000,55618000,25332000,22364100,204688000,48992100
2021-09-22,142.51173400878906,169.00250244140625,139.2315216064453,287.7166442871094,21.89590072631836,250.64666748046875,143.0784456211062,169.4499969482422,139.8304963856978,289.29698969688434,21.91486077380473,251.22332763671875,140.41093510559722,167.05250549316406,137.51251502650064,283.7947469001605,21.15243122045159,246.3733367919922,141.14376881169068,167.5500030517578,138.25937452976518,285.9339770236081,21.32208186520741,247.8433380126953,76404300,48228000,25056000,26626300,268726000,45378900
2021-09-23,143.4693145751953,170.8000030517578,140.1570281982422,288.6610107421875,22.435789108276367,251.2133331298828,143.71359250338787,171.447998046875,140.6339242140277,289.95225356645904,22.488679665471388,252.73333740234375,142.30654925147212,169.00250244140625,139.34863720343068,286.70487005513655,21.845004991544315,249.30667114257812,143.29342671393508,169.00250244140625,139.93024135046866,287.9768511323882,22.094491122204907,251.6666717529297,64838200,47588000,20952000,18604600,248555000,35842500
2021-09-24,143.55723571777344,171.2760009765625,141.1485137939453,288.4586181640625,22.03561019897461,258.1300048828125,144.09465008430436,171.46299743652344,141.26315661492927,288.8922279642704,22.10347121162325,258.26666259765625,142.22836333396052,169.6699981689453,139.18931795972466,286.1266531897196,21.816063110959004,248.18666076660156,142.326080458617,170.10049438476562,139.48458758729717,287.3793723405542,22.02463313008802,248.6300048828125,53477900,42324000,22984000,14999000,217655000,64119000
2021-09-27,142.04275512695312,170.2899932861328,140.01409912109375,283.467041015625,21.615478515625,263.78668212890625,142.61926249136263,170.77850341796875,140.87410203574274,285.683346907745,21.754192745335704,266.3333435058594,140.52824357765476,166.98049926757812,139.01713059177794,282.2817822917721,21.281168009429962,256.4366760253906,142.14047228283127,168.5749969482422,139.74860330168596,285.3653664442536,21.665374981095614,257.7066650390625,74150700,72690000,21882000,23571700,245215000,84212100
2021-09-28,138.6619110107422,165.79800415039062,134.8114013671875,273.2045593261719,20.656450271606445,259.1866760253906,141.4369043819852,168.45950317382812,138.0534004027572,280.20042503434115,21.374971448404203,265.21331787109375,138.44694526555043,164.5050048828125,134.34492472467014,272.4625851539167,20.608548606029547,255.39332580566406,139.97123697906306,167.885498046875,137.61521342871015,279.25607020918045,21.17039292521659,262.3999938964844,108972300,88616000,45772000,43186200,343069000,76144200
2021-09-29,139.56088256835938,165.05599975585938,133.34597778320312,273.6671142578125,20.474828720092773,260.4366760253906,141.14379894035906,167.56500244140625,136.1224998181307,276.3363216518175,20.97380099971787,264.5,138.77919013309102,164.89349365234375,132.86114615387476,272.7131432346265,20.42493035007335,256.8933410644531,139.2091217179658,166.10549926757812,135.952776944704,274.7270983987107,20.896959603658967,259.9333190917969,74602000,51246000,30848000,26353700,218394000,62828700
2021-09-30,138.2613067626953,164.2519989013672,132.6735382080078,271.6628112792969,20.67341423034668,258.49334716796875,141.075393254431,166.3925018310547,134.526041888036,277.3577596425143,21.022695124605836,263.0433349609375,138.04634099404652,163.69949340820312,132.55444295249788,271.3737086480666,20.645471911080165,258.3333435058594,140.37187163149707,165.8000030517578,133.25465763125644,275.3148971070343,20.725307380902738,260.3333435058594,89056700,56848000,37996000,32343600,221009000,53868000
2021-10-01,139.38497924804688,164.16299438476562,135.51905822753906,278.5815124511719,20.699365615844727,258.40667724609375,139.64880358400276,165.45849609375,135.88381020641216,279.4294996045535,20.816123798789594,260.260009765625,135.9260103602956,162.7969970703125,133.06757963803923,271.05567057576917,20.161472062841753,254.52999877929688,138.65214546670163,164.45050048828125,133.4392677350906,271.8554592638854,20.707348593286746,259.4666748046875,94639600,56712000,35360000,30086300,240978000,51094200
2021-10-04,135.9553680419922,159.48899841308594,132.65716552734375,272.8095397949219,19.691438674926758,260.510009765625,138.95510914797657,163.99949645996094,134.94090486104298,277.28073588964816,20.499773082317855,268.989990234375,135.10528534204386,158.8125,130.0672375051425,270.0536098456087,19.514802475612257,258.7066650390625,138.5153968043033,163.96949768066406,134.94090486104298,276.94346412614277,20.461851089635363,265.5,98322000,90462000,51202000,31350700,345635000,91449900
2021-10-05,137.88023376464844,161.0500030517578,135.00296020507812,278.25390625,20.40896224975586,260.1966552734375,138.9843747661612,163.0364990234375,136.195457682752,279.83422199721866,20.605557809774158,265.7699890136719,136.17028827499877,160.1230010986328,133.03582852986017,273.7152514221425,19.813189288670248,258.0666809082031,136.29731756814027,160.22500610351562,133.03582852986017,273.7152514221425,19.9089926262976,261.6000061035156,80861100,65384000,32404000,24993000,279282000,55297800
2021-10-06,138.74989318847656,163.10049438476562,136.5334014892578,282.4455871582031,20.657451629638672,260.9166564941406,138.89645401323804,163.2169952392578,136.7170117498164,282.9466865037661,20.677409072761147,262.2200012207031,135.20297213380132,159.93099975585938,133.54101160192383,275.1221260888592,20.038725210568696,257.739990234375,136.27780121386797,160.67649841308594,133.739508771599,275.3822919286594,20.07864390366975,258.73333740234375,83221100,50660000,24364000,28002600,297202000,43898400
2021-10-07,140.01031494140625,165.1215057373047,138.18096923828125,284.12225341796875,21.031679153442383,264.53668212890625,140.91903648455812,166.28750610351562,138.9918439552087,285.8471347165707,21.27817116327567,268.3333435058594,139.453369081024,164.1529998779297,137.6112685285456,283.2260973751149,20.928890239898514,261.1266784667969,139.78558344753552,164.57699584960938,137.85045862396706,284.44023383705974,21.048642502901718,261.82000732421875,61732700,48182000,25110000,20430500,256919000,57587400
2021-10-08,139.6292724609375,164.43099975585938,138.73724365234375,284.12225341796875,20.788179397583008,261.8299865722656,140.87997439192273,166.07150268554688,139.2786394526992,285.8471347165707,21.162408551642596,265.4599914550781,139.2970580219821,164.41000366210938,138.17349477354347,283.07191524829585,20.73229475421555,260.3033447265625,140.73341358342566,165.85000610351562,138.53029594438388,285.44240295776655,21.057624845328608,265.4033203125,58773200,39964000,26526000,17685700,151258000,50215800
2021-10-11,139.5413360595703,162.31500244140625,137.87228393554688,283.5249328613281,20.65245819091797,263.9800109863281,141.49555969160025,164.62950134277344,139.6568048342749,287.12884966284184,21.019701745235178,267.0799865722656,138.56422424355534,161.90499877929688,137.81768850604507,282.0987696561335,20.468836413759362,261.8333435058594,139.0137022391212,163.75,138.2474552462398,282.26259742313226,20.532705933838944,262.54998779296875,64452200,40684000,17954000,19298600,163388000,42600900
2021-10-12,138.2710723876953,162.3665008544922,135.42575073242188,282.2240295410156,20.628507614135742,268.5733337402344,139.97125212650982,163.37649536132812,138.4608169354208,284.69088564097564,21.013713821439726,270.7733459472656,137.81182869231796,161.81399536132812,134.7419071206259,281.7133139283031,20.485801919360195,265.5233459472656,139.95170571768443,162.85000610351562,138.43401141680982,284.5945181012245,20.785184469191023,266.9766540527344,73035900,36392000,36332000,17974100,162134000,66060000
2021-10-13,137.684814453125,164.21400451660156,136.55026245117188,285.5291748046875,20.895959854125977,270.3599853515625,138.16358964828814,164.41900634765625,136.96512710925458,286.4638838944547,20.946855619421928,271.8033447265625,136.0139468710265,163.05450439453125,135.49523045857015,282.81176948302556,20.670424556091195,268.59332275390625,138.00726310614547,163.48550415039062,136.37210417426144,284.1801177182295,20.87500311019732,270.15667724609375,78762700,48402000,19654000,23416300,180652000,42360300
2021-10-14,140.46957397460938,164.9929962158203,140.09249877929688,291.7348937988281,21.701297760009766,272.7733459472656,140.58683751822448,165.6300048828125,140.27759317448889,292.2359637895139,21.710278132179713,273.4166564941406,138.27107262847971,164.53900146484375,137.78393763383104,286.9938877052562,21.078579947879327,271.1166687011719,138.8573456179309,165.12249755859375,138.4280727926186,288.32368317323034,21.24423907265569,271.8299865722656,69907100,42190000,31894000,27262900,243589000,36741600
2021-10-15,141.52488708496094,170.4510040283203,140.307861328125,293.1418151855469,21.817062377929688,281.010009765625,141.5835114147044,170.52099609375,140.65524269555343,293.37310318030734,21.885920792719308,281.07000732421875,140.2253264406504,165.1999969482422,139.69946688773342,289.5860673662888,21.6174746181001,274.1166687011719,140.47938508226497,165.5709991455078,140.55251849051083,291.3398567409262,21.765169217756938,274.5799865722656,67940300,103598000,30274000,25384800,226994000,56773800
2021-10-18,143.19570922851562,172.33700561523438,141.70730590820312,296.1097106933594,22.176321029663086,290.03668212890625,143.4790650348245,172.45849609375,141.72517625679853,296.99622136989956,22.245179438302365,291.7533264160156,139.883301471598,169.2550048828125,140.0116218475846,291.67706908893643,21.599508134493956,283.8233337402344,140.16665727790686,169.41799926757812,140.01857311030093,292.52505628022925,21.70429374523038,283.92999267578125,85589200,63482000,20396000,22729300,189494000,72621600
2021-10-19,145.3551483154297,172.20750427246094,142.16285705566406,297.0155334472656,22.244182586669922,288.0899963378906,145.75576773810008,172.7344970703125,142.5851727491795,298.046580784232,22.332998439284385,292.6499938964844,143.19573955238386,171.10000610351562,141.5306404974809,296.04227134224186,21.99170238328711,287.5033264160156,143.64520263819782,171.71449279785156,142.3122259032988,297.1311627256362,22.23020952192543,292.510009765625,76378900,47722000,20164000,17682100,161473000,52143300
2021-10-20,145.84368896484375,170.7530059814453,140.7058563232422,296.2253723144531,22.05756378173828,288.6000061035156,146.32247907181252,173.14300537109375,142.46953840645264,298.4320624863461,22.386885328770948,289.8299865722656,144.7297822080243,170.01849365234375,140.31629790538835,294.9726531333277,21.936812230588348,285.7933349609375,145.29650879090318,172.63299560546875,142.26309046678062,297.95987037171125,22.25914819788741,288.45001220703125,58418800,42796000,23288000,16537100,146276000,42096300
2021-10-21,146.0586395263672,171.75050354003906,140.82200622558594,299.4533996582031,22.645353317260742,298.0,146.2149809625118,172.01400756835938,141.0899857507834,299.7039198899631,22.664315265498782,300.0,144.48548923531962,170.14999389648438,139.44639818872457,295.2134645701464,22.03760593572372,285.1666564941406,145.40397653574416,170.71249389648438,140.70587924060632,295.99402079876546,22.051577096140026,285.3333435058594,61421000,37628000,26292000,16918100,187590000,94444500
2021-10-22,145.2867431640625,166.77749633789062,136.53488159179688,297.9117126464844,22.679285049438477,303.2266540527344,146.74263007605518,171.49200439453125,139.52875553803523,299.77148563337295,23.08245393094305,303.3333435058594,145.23788459644618,166.56500244140625,135.03571082515822,296.6011787740469,22.514625207539453,296.9866638183594,146.26385487822307,171.0500030517578,138.10650299028052,299.10658782442397,22.776085781397935,298.5,58883400,62782000,50588000,17449300,249384000,68642400
2021-10-25,145.23789978027344,166.01849365234375,136.41629028320312,296.9192199707031,23.118377685546875,341.6199951171875,145.95118723150932,167.38999938964844,136.96513715391242,298.1430025992538,23.306988333243538,348.3399963378906,144.24124155296286,164.88499450683594,134.40845059559413,295.30996713441385,22.72319183981587,314.73333740234375,145.27697769272697,166.75,136.51851473554404,298.1044496970303,22.925773646601172,316.84332275390625,50720600,44520000,34412000,17554500,230235000,188556300
2021-10-26,145.90235900878906,168.80349731445312,138.26380920410156,298.8271484375,24.666194915771484,339.4766540527344,147.3875583918874,170.80599975585938,139.0324915543169,301.03383882381803,25.207082591726095,364.9800109863281,145.59944178965912,167.19900512695312,137.26734051447318,297.3721072772416,23.874825605142483,333.8133239746094,145.91212476055014,167.47549438476562,138.21914848241224,299.6847813807239,23.939692534950368,341.5633239746094,60893400,53966000,49236000,28107300,485898000,187245000
2021-10-27,145.4430694580078,169.62449645996094,145.1210174560547,311.41192626953125,24.400741577148438,345.9533386230469,146.30291753836434,171.85000610351562,147.53527135391386,314.2353152759642,25.038428062047632,356.9599914550781,145.09130868119013,168.57249450683594,138.35960422116113,304.5027837125642,24.232088329597563,343.59332275390625,145.94139101285785,169.39999389648438,138.35960422116113,304.5027837125642,24.42369501670846,346.5533447265625,56094900,54044000,85782000,52588700,245990000,115579500
2021-10-28,149.0779266357422,172.32850646972656,144.75526428222656,312.5490417480469,24.889732360839844,359.0133361816406,149.6641846605071,173.9499969482422,146.05445366795587,313.0501117800628,24.89871463743383,360.3333435058594,146.2931525621037,169.3000030517578,143.54242804880974,309.667808194034,24.472592314193292,351.3999938964844,146.39086968766787,170.10499572753906,146.03113135042497,312.5297505959251,24.82686213496586,356.10333251953125,100077900,114174000,36206000,26297900,234204000,81639600
2021-10-29,146.37132263183594,168.6215057373047,146.935791015625,319.55450439453125,25.51444435119629,371.3333435058594,146.5081176612954,168.74099731445312,147.13032034071645,319.9206833758431,25.65615265639552,371.7366638183594,143.05891485963772,163.66600036621094,143.5647621281139,312.115383713237,24.948610430057254,357.7366638183594,143.85037288076313,165.00100708007812,143.99004609130722,312.33702609856846,24.949607826287217,360.6199951171875,124953200,129722000,43320000,34766000,292503000,89755200
2021-11-01,145.5505828857422,165.90550231933594,142.4208984375,317.3863525390625,25.773908615112305,402.86334228515625,146.2736360885386,168.79299926757812,146.93579626429255,319.429214753653,25.84077032372531,403.25,144.41712959922393,164.6009979248047,142.15143480145554,314.49550312432325,25.175141619253885,372.88665771484375,145.57989504750188,168.08999633789062,146.93579626429255,319.3039399071891,25.59627502178263,381.6666564941406,74588300,72178000,46924000,27073200,265740000,168146100
2021-11-02,146.58628845214844,165.6374969482422,144.34188842773438,321.0096130371094,26.34672737121582,390.6666564941406,148.10081443519022,166.55599975585938,145.50956421119818,321.31797741681345,26.623158377452754,402.86334228515625,145.2476354029817,164.17750549316406,143.25311477300548,317.9934882764792,25.746962995391332,382.0,145.25741606122364,165.75050354003906,143.49528827408025,318.2922070795532,25.768919034563826,386.4533386230469,69122000,52552000,33482000,26487100,294112000,128213400
2021-11-03,148.02264404296875,169.1999969482422,145.49867248535156,321.8479919433594,26.543325424194336,404.6199951171875,148.49165344387518,169.74600219726562,145.56913921007816,322.7152411300204,26.72894390976585,405.1300048828125,146.39086943374969,164.87600708007812,143.50671917135764,318.6198699750525,26.18107263291449,384.2066650390625,146.9478153017873,165.4499969482422,144.8063933276679,321.75162438767495,26.615177925392462,392.4433288574219,54511500,67944000,27494000,21500100,239910000,103885500
2021-11-04,147.5048065185547,173.85000610351562,147.15562438964844,324.1991271972656,29.739748001098633,409.9700012207031,148.94114717338857,174.93150329589844,148.61063405572054,324.2954947256181,31.300532553298538,414.4966735839844,147.19212358039826,168.25,145.21081578710826,317.52127212453837,27.062262041435563,405.6666564941406,148.11061107430388,168.5,146.02119056573684,320.7783004950608,27.17303395437045,411.4700012207031,60394600,107060000,38412000,23992200,1153631000,76192200
2021-11-05,148.03318786621094,175.94949340820312,147.73574829101562,323.8330078125,29.690845489501953,407.36334228515625,148.93344079375584,178.3125,149.20017778946539,326.46369184358485,31.335456833245594,413.2900085449219,146.83937063089465,173.8489990234375,147.08566141589458,322.25269180428967,29.34954751211164,402.6666564941406,148.6300964838691,173.85000610351562,148.05085702722778,326.1938803589028,30.12495081284974,409.3333435058594,65463900,99940000,38354000,22570100,851260000,64886400
2021-11-08,147.21119689941406,174.44900512695312,147.91342163085938,324.72918701171875,30.74068260192871,387.64666748046875,148.3169491501547,178.9499969482422,149.48554284378903,325.3651775717721,31.03607369583626,399.0,146.9372075697029,174.39300537109375,147.31741521200507,322.2719761541362,29.8455251398631,377.6666564941406,148.16037955280584,176.16200256347656,148.7014585767388,325.0279058404524,30.08702828256524,383.2633361816406,55020900,61480000,23052000,20897000,503101000,100337100
2021-11-09,147.57330322265625,178.81149291992188,147.80177307128906,323.72705078125,30.59398078918457,341.1666564941406,148.17999196283563,179.68850708007812,148.71090441297886,326.3962585249897,32.243584649409264,391.5,146.83939977322487,175.07150268554688,146.14081490134637,322.3587020914844,29.90240643770052,337.17333984375,146.97639448653322,175.7624969482422,148.1139135667592,324.8448203047502,32.215642328275685,391.20001220703125,56787900,85898000,19530000,21307400,646746000,177317400
2021-11-10,144.74533081054688,174.1024932861328,144.79942321777344,318.7643127441406,29.398447036743164,355.98333740234375,146.90790623545243,180.2725067138672,146.95961498797055,322.45498024865833,30.786588600174127,359.3666687011719,144.67684091878007,173.1544952392578,143.4536043601575,317.91635496264894,28.7188470671738,329.10333251953125,146.80026646441542,178.19349670410156,146.39388220777226,322.39716561372114,29.29566001580233,336.8033447265625,65187100,80548000,29970000,25500900,636206000,128408100
2021-11-11,144.69638061523438,173.625,144.67340087890625,320.33502197265625,30.327531814575195,354.5033264160156,146.22289720379737,177.16200256347656,146.4291476158048,321.62626453740313,30.527121469817228,368.3233337402344,144.51045604306032,173.37350463867188,144.50864533911016,318.4848947841872,29.715792890325954,351.55999755859375,145.76299817171153,175.64999389648438,145.39098629504358,319.197961574822,30.405372503422235,367.5899963378906,41000000,45288000,16518000,16849800,332172000,67189800
2021-11-12,146.77090454101562,176.25750732421875,147.5630645751953,324.46893310546875,30.327531814575195,344.47332763671875,147.17209373098063,177.0364990234375,147.7337869920276,324.9603869066264,30.61693662433334,351.5,144.3147648635999,172.3524932861328,144.32056534887636,321.645543957004,29.56909378945469,339.73333740234375,145.24437287945577,174.25,145.51603116453387,321.7708188010042,29.948313753728954,349.1666564941406,63804000,53788000,22360000,23831000,413054000,76719300
2021-11-15,146.7806854248047,177.28399658203125,147.3387451171875,323.8426513671875,29.963281631469727,337.7966613769531,148.620341460146,179.69400024414062,148.42801853120432,325.58679513357146,30.581008726244367,343.99334716796875,146.22291165316477,176.29049682617188,146.46832288502367,321.87686518692334,29.186880973756832,326.20001220703125,147.14273967083543,176.85000610351562,147.78388336285937,325.2591690047351,30.48919878124828,339.2099914550781,59222800,58594000,23508000,16723000,384909000,104326800
2021-11-16,147.75921630859375,177.03500366210938,146.76708984375,327.157470703125,30.140914916992188,351.57666015625,148.23870523347338,178.8249969482422,147.6469319540117,328.27526945186895,30.3275308006158,352.3999938964844,146.1348398835429,176.25750732421875,146.20780848443775,323.30300442769504,29.644936791171745,334.05999755859375,146.72196856987298,176.9499969482422,147.03853742252912,323.4668027763442,29.697829247202147,334.4366760253906,59256200,44342000,18904000,20886800,264484000,79627200
2021-11-17,150.19577026367188,177.4499969482422,146.93678283691406,327.3795166015625,29.200851440429688,363.0033264160156,151.6733569463972,179.3625030517578,147.44543653660836,330.3432389660273,30.446287176657105,373.21331787109375,147.7494257967945,177.2675018310547,146.13584294303453,326.298296191854,28.74079861985027,351.8333435058594,147.7592057993934,178.23599243164062,146.91742834177577,327.20575534879794,30.355472726652906,354.5033264160156,88807000,51206000,19594000,19053400,428508000,94336200
2021-11-18,154.4817657470703,184.80299377441406,148.71485900878906,329.4550476074219,31.609886169433594,365.4599914550781,155.2645990140686,185.2100067138672,149.45129909726722,330.5942177948435,32.69265486336279,370.6666564941406,149.7652210699027,178.0500030517578,146.77551730421044,325.44872862025187,31.25661378214152,358.3399963378906,150.411059635024,178.3175048828125,147.1298348231303,326.47202852171574,32.30046499188138,368.8500061035156,137827700,114070000,35608000,22463500,781711000,62696700
2021-11-19,157.104248046875,183.82850646972656,147.80967712402344,331.2313232421875,32.917198181152344,379.0199890136719,157.5641620110988,188.1074981689453,149.83438735066673,333.152448348102,33.01998709870693,379.5733337402344,153.1705218782956,183.78599548339844,147.78238698513604,330.3528538835382,31.839418254930216,364.23333740234375,154.2664794451428,185.63450622558594,148.85080652363035,330.7776231911043,32.17672282311157,366.2900085449219,117305600,98734000,33682000,21963400,533867000,64926900
2021-11-22,157.5641632080078,178.6284942626953,145.20489501953125,328.06494140625,31.890310287475586,385.6233215332031,162.14371301680876,185.67300415039062,148.7059389463895,337.564302737887,34.575778624471646,400.6499938964844,157.54458827093626,178.375,145.05155832763393,327.7946362926537,31.834425645300712,377.4766540527344,158.20998681834752,183.81900024414062,148.212671845966,332.68911800842596,33.44810039838388,387.4433288574219,117467900,96844000,30594000,31031100,754335000,99217500
2021-11-23,157.94577026367188,179.0019989013672,144.6887664794922,325.9893493652344,31.680740356445312,369.6766662597656,158.3273993610191,181.05250549316406,145.56018822180644,327.69808997134413,32.29347848259723,393.5,155.64620074677185,176.385498046875,143.03427520363064,322.0119904551096,30.81651945710525,354.23333740234375,157.6619859753906,179.2519989013672,145.05698650074015,325.381155553639,31.47017366542769,389.1700134277344,96041900,73804000,27218000,30427600,532163000,108515100
2021-11-24,158.46441650390625,179.02049255371094,145.0242156982422,326.2113342285156,32.606834411621094,372.0,158.66012108108276,180.6820068359375,145.1527458877794,326.45267906197216,32.78746210050022,377.5899963378906,156.2137765381209,176.84249877929688,143.29032269361113,322.3498168932111,30.864423237348433,354.0,157.29995411244806,178.1334991455078,144.38256427836453,324.6377612006127,31.39632853521681,360.1300048828125,69463600,46560000,18040000,21661300,435162000,67680600
2021-11-26,153.4445037841797,175.22799682617188,141.11676025390625,318.26629638671875,31.438241958618164,360.6400146484375,157.00638063396804,181.6750030517578,143.47345022970194,326.23067700890783,32.64275964880542,369.59332275390625,153.00416477836077,175.20750427246094,140.7788138039504,316.7603067714065,31.28555659079967,360.3333435058594,156.14527755829806,180.10499572753906,143.2660178960678,322.77463147147154,32.53298515826952,366.489990234375,76959800,59826000,30470000,24217200,283069000,35042700
2021-11-29,156.80088806152344,178.07850646972656,144.43917846679688,324.9757080078125,33.307403564453125,378.9966735839844,157.7304958999759,179.8000030517578,145.2004250870871,327.29261293135295,33.343328875138795,380.8900146484375,155.38199643665857,176.5749969482422,142.814445622238,323.1511265991085,31.970157441692912,366.7300109863281,155.94955010034442,177.3820037841797,142.9201532856611,323.34421428483876,32.29948103783534,366.9966735839844,88748200,65312000,32596000,28563500,454964000,58393500
2021-11-30,161.75230407714844,175.35350036621094,140.83340454101562,319.14483642578125,32.60883331298828,381.586669921875,161.9675835913138,179.2884979248047,144.90513286079363,326.0859180631041,33.28444369151057,389.3333435058594,156.48776584559891,174.60049438476562,140.53961906199348,317.6002231832655,31.79850400483013,372.6666564941406,156.55627065978888,178.1750030517578,143.92106736043897,323.7110925111013,33.100819984063634,381.4566650390625,174048100,80022000,42068000,42885600,622066000,81276000
2021-12-01,161.23365783691406,172.18600463867188,139.9937286376953,318.6523742675781,31.374223709106445,365.0,166.64497001692308,177.99400329589844,144.8559922423106,327.5338752743633,33.22464122012574,390.9466552734375,160.99880341826756,172.0800018310547,139.85527889177976,317.9862896800545,31.319329740346443,363.586669921875,163.88548659020162,177.25,142.9201188972118,323.52755722387104,33.154776861217016,386.8999938964844,152052500,74916000,34020000,33337600,484368000,68450400
2021-12-02,160.24534606933594,171.8679962158203,141.89390563964844,318.08282470703125,32.06388854980469,361.5333251953125,160.6759050938818,174.63499450683594,142.7856663611963,321.94434201116263,32.41520919739524,371.0,154.4132690949476,171.1875,139.1630285152738,316.4513312891526,30.96501733909854,352.2166748046875,155.33309702351337,173.0,140.19077047992297,318.86477960423474,31.153653016640646,366.35333251953125,136739200,64726000,29194000,30766000,472890000,73114800
2021-12-03,158.3665008544922,169.489501953125,140.93661499023438,311.8273010253906,30.6336612701416,338.3233337402344,161.41954791982653,173.49349975585938,143.31712699642003,321.1818325163052,32.06688583887325,363.52667236328125,156.2920061922664,166.92999267578125,139.24886668872693,307.0196995951121,30.07174810217101,333.4033203125,160.49972030731604,172.75,142.60352464934857,320.49639172899714,31.938133623399295,361.5966796875,118023100,80712000,41230000,41779300,544325000,92322000
2021-12-06,161.77188110351562,171.36849975585938,142.08148193359375,314.8971252441406,29.97892951965332,336.336669921875,164.27693555746282,173.69549560546875,142.77374594125564,316.1135127790288,30.18253369080409,340.5466613769531,160.7541933995356,166.9344940185547,139.0990115301262,308.1780925192748,27.983793678236385,316.8333435058594,160.76397340255957,169.64999389648438,141.9678386286235,312.7346847030442,29.82223155843537,333.836669921875,107497000,68860000,30618000,30032600,658938000,81663000
2021-12-07,167.50608825683594,176.1645050048828,146.16513061523438,323.3249206542969,32.36430740356445,350.5833435058594,167.89751232351225,177.49949645996094,146.42467472211027,324.1744298816056,32.3862680389149,352.5566711425781,164.72704457429052,173.33450317382812,144.138436129141,318.67178431375265,30.591741852503894,342.2699890136719,165.45116789916563,174.60000610351562,144.5046722790173,320.15847701837134,30.89715192628836,348.0666809082031,120405400,66410000,32240000,31021900,593053000,56084700
2021-12-08,171.32237243652344,176.1580047607422,147.07522583007812,323.3731689453125,31.764469146728516,356.32000732421875,172.18349034092375,177.17999267578125,147.2801896212736,323.8848188965732,32.22757276894839,357.4599914550781,167.03637277945757,174.75050354003906,145.30809084120318,319.34752350913357,31.36025147158854,344.3333435058594,168.43568937410808,176.15049743652344,146.48965394073545,323.70139443658877,31.937135010758553,350.9033203125,116998900,45254000,24270000,24761000,475551000,41906400
2021-12-09,170.81356811523438,174.17100524902344,146.53135681152344,321.5679016113281,30.431053161621094,334.6000061035156,172.95656843850207,176.96949768066406,147.98189902251838,324.84052263649073,32.14273959159787,354.163330078125,170.18730447599066,174.13949584960938,146.01178401342344,320.62181914163386,30.369172752689572,334.1199951171875,171.15606234208923,175.75,146.48421241020347,322.83254633757906,31.672647606673255,353.5466613769531,108923700,46062000,23270000,22214200,488507000,59438400
2021-12-10,175.59860229492188,172.21200561523438,146.89161682128906,330.6811218261719,30.139612197875977,339.010009765625,175.77474686026093,175.927001953125,147.86029563658596,331.12518817346324,31.24447216645624,340.32666015625,170.9407678198788,170.5,145.60384630237746,323.19943025665486,29.80326389312655,327.510009765625,171.4496116481563,175.41700744628906,147.58488027246938,323.38285472943636,31.089771173245374,336.25,115402700,60690000,24458000,38095700,488825000,59664300
2021-12-13,171.96823120117188,169.5675048828125,144.73292541503906,327.6497497558594,28.106555938720703,322.13665771484375,178.22108688608395,172.10000610351562,146.86034457967102,331.887779298735,30.23543355753482,335.0,171.76273170193855,169.1300048828125,144.426236973576,327.34082128919505,28.061642860593963,317.1400146484375,177.23275419312068,172.0,146.67325115189786,328.8854341614765,30.19052047940808,333.6966552734375,153237000,62170000,27070000,28899400,598344000,78595500
2021-12-14,170.5885009765625,169.0915069580078,142.8278350830078,316.9726867675781,28.282211303710938,319.5033264160156,173.92531854630914,169.49899291992188,143.3965362015146,323.0545950116288,28.622551596281006,322.13665771484375,168.51400556372403,166.44000244140625,140.15602113354242,312.88912106633165,27.197313086463264,310.0,171.48875398461132,167.5500030517578,142.88838224618928,321.68374322246143,27.645444366863174,315.0,139380400,55976000,38446000,44438700,667035000,70806300
2021-12-15,175.4518280029297,173.31500244140625,145.34283447265625,323.06427001953125,30.40011215209961,325.3299865722656,175.6475325738547,173.60000610351562,145.6207335434512,323.5855832409606,30.441033250824958,326.25,168.611843504033,165.19500732421875,140.61555168516296,313.2656731909751,27.7841791365001,309.4166564941406,171.35175229088827,168.59800720214844,142.33357371721698,317.2333691168989,28.345092875773645,317.7366638183594,131063300,75794000,36370000,35381100,698297000,75169200
2021-12-16,168.5629425048828,168.87100219726562,143.36180114746094,313.6517333984375,28.332117080688477,308.97332763671875,177.25236431050817,174.16600036621094,146.56955875627122,325.10114738849785,31.099756612539498,331.6600036621094,167.08535557027756,168.16050720214844,142.53007278515918,311.8368155733558,28.038686765312615,307.2833251953125,175.4322831196354,173.36849975585938,146.06685680328061,324.08748143161864,31.091772658065082,331.5,150185800,60876000,33650000,35034800,707366000,82771500
2021-12-17,167.46693420410156,170.0175018310547,140.66221618652344,312.5898742675781,27.747255325317383,310.8566589355469,169.74692873915046,170.89849853515625,142.7558942261801,313.67112406852533,28.86608848233591,320.2200012207031,166.04805758616632,165.61349487304688,140.2404002149466,306.2666502470529,27.706334221568074,303.0133361816406,166.28289706807027,167.7104949951172,141.43139843606167,309.7709825901244,27.930899629261937,304.92333984375,195432700,85542000,50416000,47750300,713758000,100437300
2021-12-20,166.10678100585938,167.07899475097656,140.5450897216797,308.8345642089844,27.665409088134766,299.9800109863281,166.91896912005944,167.87449645996094,140.71134455015442,311.6244956878622,28.08958664914624,307.2300109863281,163.86593615587674,165.60000610351562,138.27623682243168,306.5755796789902,27.092519430074276,297.7966613769531,164.66832933666538,166.85000610351562,138.9501458780245,308.96970202135424,27.25220994036055,303.5666809082031,107499100,57372000,27192000,28326500,461847000,56480100
2021-12-21,169.27725219726562,170.41700744628906,142.39659118652344,315.95904541015625,29.018787384033203,312.84332275390625,169.48273676499653,170.7165069580078,142.79011743592406,316.38381472096694,29.063700457531855,313.1666564941406,165.49030091905374,165.6475067138672,139.4488622569165,308.7283333654757,27.348022192079924,295.3733215332031,167.87793543850688,167.85049438476562,140.9882260878411,312.09752764718075,28.319142478736474,305.6233215332031,91185900,55956000,28756000,24740600,524385000,71517900
2021-12-22,171.87037658691406,171.03700256347656,145.3170166015625,321.6644287109375,29.343156814575195,336.2900085449219,172.08565609490324,172.0500030517578,145.4013858438992,322.06020834026276,29.49785781843981,338.5533447265625,168.45527432954148,168.50050354003906,141.9946312572679,314.47234037759364,28.39399529208839,319.01666259765625,169.32617236411534,169.27000427246094,141.9946312572679,316.93404606965555,28.835142056766554,321.88665771484375,92135300,55036000,26322000,24831500,395184000,93634200
2021-12-23,172.4966583251953,171.06849670410156,145.8147735595703,323.10284423828125,29.582691192626953,355.6666564941406,173.05443209039555,171.97500610351562,147.1318182358359,324.74400105600773,30.00088169101399,357.6600036621094,171.50834043001467,170.14999389648438,145.3537488598615,321.2107088019103,29.374095654399202,332.5199890136719,172.07589419886108,170.42799377441406,145.40139302599,321.23000578456225,29.697468614565754,335.6000061035156,68356600,36788000,26384000,19617800,343022000,92713200
2021-12-27,176.45970153808594,169.66949462890625,146.79730224609375,330.5942077636719,30.885168075561523,364.64666748046875,176.54776634572997,172.9429931640625,147.23152131203688,330.62316796902155,31.026893719009394,372.3333435058594,173.26967407814607,169.2154998779297,146.06582969848446,323.817225101408,29.582690965802353,356.90667724609375,173.28923408120028,171.03700256347656,146.15168307058377,323.8461853067577,29.60265275302843,357.8900146484375,74919600,58688000,15976000,19947000,403686000,71145900
2021-12-28,175.44203186035156,170.66099548339844,145.58697509765625,329.43572998046875,30.263378143310547,362.8233337402344,177.43825729141835,172.17599487304688,147.18688605386762,331.9070989605817,31.269428770384458,373.0,174.69834852343934,169.135498046875,144.95922615738593,328.5379341826007,29.95397610422819,359.47332763671875,176.29336988152778,170.1824951171875,147.12435498406532,331.2699450024373,31.251463920554766,369.8299865722656,79144300,54638000,18200000,15661500,420591000,60324000
2021-12-29,175.53013610839844,169.2010040283203,145.5552215576172,330.11151123046875,29.94300079345703,362.0633239746094,176.75330850310786,171.21200561523438,146.31151586245565,332.38012934520907,30.488944203135535,368.0,174.31674371757737,168.60049438476562,144.5552847534047,327.9200810470128,29.30922816236487,354.71331787109375,175.48120622634931,170.83999633789062,145.54480223641073,329.4839910257525,30.214476220514218,366.21331787109375,62348900,35754000,17788000,15042000,343139000,56154000
2021-12-30,174.37542724609375,168.64450073242188,145.1041259765625,327.57257080078125,29.52880096435547,356.7799987792969,176.69457190920295,170.88800048828125,146.19538324277852,331.25066424671456,30.39811732399104,365.1833190917969,174.26778749437727,168.5240020751953,144.89967709451196,327.0898810628788,29.482890369605972,351.04998779296875,175.6181743920382,169.6999969482422,145.59392492050907,330.0729001077908,29.769334255327937,353.77667236328125,59773000,37584000,15688000,15994500,308864000,47040900
2021-12-31,173.7589569091797,166.7169952392578,143.7657470703125,324.67645263671875,29.35413932800293,352.260009765625,175.38331824017646,169.35000610351562,145.59839661195713,327.6111852143737,29.97194400779478,360.6666564941406,173.45559766181222,166.55850219726562,143.7657470703125,324.222723076331,29.274294067292963,351.5299987792969,174.2677857929612,168.95599365234375,144.9547612243931,326.79063617756316,29.616631360255656,357.8133239746094,64062300,47830000,18136000,18000800,266530000,40733700
2022-01-03,178.10365295410156,170.4044952392578,143.90420532226562,323.1607360839844,30.062763214111328,399.9266662597656,178.95499096160628,170.70350646972656,144.75725699875156,326.2982189585862,30.651622638194823,400.3566589355469,173.895952516217,166.16050720214844,142.6352894390565,318.36279955576714,29.72741240751005,378.67999267578125,174.01337226981713,167.5500030517578,143.96722101651818,323.7399695838111,29.757355089698684,382.5833435058594,104487900,63520000,28646000,28865100,391547000,103931400
2022-01-04,175.84323120117188,167.52200317382812,143.31666564941406,317.61956787109375,29.233373641967773,383.1966552734375,179.01369889567948,171.39999389648438,145.38652168981594,323.59527025765954,30.409095675209777,402.6666564941406,175.2756775127618,166.34950256347656,142.63878874270526,314.82960654307294,28.29419292188651,374.3500061035156,178.71035458130368,170.43800354003906,144.3056835281372,323.2380550401067,30.218464956704405,396.51666259765625,99310400,70726000,28400000,32674300,527154000,100248300
2022-01-05,171.16583251953125,164.35699462890625,136.74180603027344,305.4267272949219,27.550630569458008,362.7066650390625,176.3031560396219,167.12649536132812,143.41588090539815,314.78125567055275,29.359127526177748,390.11334228515625,170.89184312629723,164.35699462890625,136.65546802283728,305.0405814422899,27.479768693565187,360.336669921875,175.7551772531539,166.88299560546875,143.33697877967595,314.5785047925629,28.893029463658266,382.2166748046875,94537600,64302000,54618000,40054300,498064000,80119800
2022-01-06,168.30848693847656,163.25399780273438,136.7145233154297,303.0133056640625,28.123519897460938,354.8999938964844,171.53766438344002,164.8000030517578,138.89058651246134,307.66644167118665,28.38301743954945,362.6666564941406,167.95621276391145,161.93699645996094,135.5344442800259,300.7060346434731,27.01267281731573,340.1666564941406,168.99346035254746,163.45050048828125,135.97114712472833,302.30856806148427,27.586559964920273,359.0,96904000,51958000,37348000,39646100,454186000,90336600
2022-01-07,168.474853515625,162.5540008544922,135.989501953125,303.16778564453125,27.19432258605957,342.32000732421875,170.40257420223315,165.24349975585938,137.41027034450386,305.5426109592931,28.367052077902994,360.30999755859375,167.35932100577125,162.031005859375,134.74837599268508,299.35452484498177,27.004689383729875,336.6666564941406,169.17940193566972,163.83900451660156,137.109533589017,303.27396324795524,28.086595203604723,360.1233215332031,86709100,46606000,29760000,32720000,409939000,84164700
2022-01-10,168.4944305419922,161.48599243164062,137.62962341308594,303.3897399902344,27.347023010253906,352.7066650390625,168.79777487885306,161.6614990234375,137.77850766195442,303.8241724567646,27.415889845673522,353.0333251953125,164.56070430318124,156.30450439453125,132.16591525668977,294.1414193205087,25.594417635721964,326.6666564941406,165.4511773077938,160.5854949951172,134.06506401682157,298.77522814532057,26.529606264497083,333.3333435058594,106765600,87798000,44408000,44289500,594681000,91815000
2022-01-11,171.32237243652344,165.36199951171875,138.68809509277344,304.0752868652344,27.76321792602539,354.79998779296875,171.42021724210562,166.35000610351562,139.16450641786577,305.6488309169334,28.010739538240262,358.6166687011719,167.15380744997546,160.70150756835938,135.6674310302053,299.16150807736625,26.78711005956988,346.2733459472656,168.62161391540354,161.5,136.97207234315368,302.5306735629834,27.27017354560003,351.22332763671875,76138300,62806000,28730000,29386800,404089000,66063300
2022-01-12,171.7627716064453,165.20700073242188,140.36988830566406,307.25128173828125,27.944866180419922,368.739990234375,173.3773533119361,166.8780059814453,141.53856351346735,312.2133458454884,28.53971261700627,371.61334228515625,171.06801799743715,164.41700744628906,139.63941518856805,306.10247793014696,27.554621408963357,357.5299987792969,172.34010543507006,166.5749969482422,140.09148951411504,308.6028364262324,28.012733594807443,359.6166687011719,74805200,50030000,26108000,34372200,383413000,83739000
2022-01-13,168.4944305419922,161.21400451660156,137.5477294921875,294.2476501464844,26.52362060546875,343.85333251953125,172.82934594142114,166.22149658203125,141.77876136551572,309.7709684945666,28.42493625647017,371.8666687011719,168.10300645305696,161.09100341796875,137.37105536435357,293.4753583562799,26.446767908799874,342.17999267578125,172.00737775161056,165.25050354003906,140.47857244926956,309.37515937724777,28.324131697586143,369.69000244140625,84505800,52188000,31436000,45366000,540171000,97209900
2022-01-14,169.35552978515625,162.13800048828125,138.4345245361328,299.4607849121094,26.889911651611328,349.8699951171875,170.0502832024392,162.25,139.68656954146815,300.0593155927295,27.1444197184354,350.6666564941406,167.4180143556812,159.80050659179688,135.97114257121223,293.2340742667173,26.159326499116265,337.7933349609375,167.66264878484014,160.14999389648438,136.05102908212427,293.71676410090123,26.24915265168228,339.9599914550781,80440800,45974000,29662000,39846400,395832000,72924300
2022-01-18,166.15570068359375,158.91749572753906,134.97813415527344,292.172119140625,25.85291862487793,343.5033264160156,168.836884364845,159.7344970703125,136.10313304122235,299.0745771307378,26.586498173895528,356.92999267578125,165.7740715864879,157.6645050048828,134.42283585614052,291.2936202020948,25.72017634780918,338.6866760253906,167.82899175117316,159.10499572753906,135.15380874741192,293.5429710843101,26.20922874593393,342.2033386230469,90956700,67292000,34872000,42333200,424270000,66743400
2022-01-19,162.66233825683594,156.2989959716797,134.10325622558594,292.8284912109375,25.018537521362305,331.8833312988281,167.40825267441707,159.25,136.92493874451395,303.04222074165364,26.49168380986728,351.5566711425781,162.37856885772902,156.25,134.00301568869605,292.2203269969151,25.003567129964498,331.6666564941406,166.35143003303915,158.76199340820312,135.49970276827796,295.68603516166604,26.02858206203493,347.2366638183594,94815000,53242000,28648000,45933900,488315000,75442500
2022-01-20,160.97923278808594,151.66749572753906,132.30783081054688,291.1584777832031,24.10330581665039,332.0899963378906,166.0382709410417,158.0,136.59395853080127,300.8605304633222,25.52954371114921,347.2200012207031,160.6563135530504,151.3509979248047,131.96740064347765,290.71441143988926,24.031444525420937,331.3333435058594,163.3962221186515,156.76600646972656,135.22827003905482,298.3698641905101,25.255075801849063,336.57666015625,91420500,71974000,29908000,35380700,435181000,70488600
2022-01-21,158.92430114746094,142.64300537109375,129.37399291992188,285.78131103515625,23.32880973815918,314.6333312988281,162.76016689126735,150.89999389648438,133.85413470989914,293.58156494621363,24.775007677466373,334.8500061035156,158.81666141018044,142.07049560546875,129.11098076605415,285.37583865558236,23.218024282355426,313.5,160.89115642180548,149.9499969482422,131.59918447816986,292.21074246408233,23.461552019986037,332.11334228515625,122848900,163972000,55652000,57984400,718958000,103416000
2022-01-24,158.15127563476562,144.54400634765625,129.82308959960938,286.1094665527344,23.326810836791992,310.0,158.81668910799385,144.94500732421875,130.21909952147814,286.82383782749025,23.334794790372676,311.1700134277344,151.37979580013618,135.3520050048828,123.56636302838503,266.49295154897675,20.84761430587089,283.8233337402344,156.58562410189697,139.0,125.03327622017262,282.0838512555884,22.286825688304823,301.586669921875,162294600,155624000,76622000,85731500,913982000,151565700
2022-01-25,156.3507537841797,139.98599243164062,125.98310852050781,278.5023498535156,22.280841827392578,306.1333312988281,159.26679197315192,143.60000610351562,128.42863539946603,284.77731721920185,22.898646539669308,317.086669921875,153.64999508546384,138.14500427246094,125.55187278454918,275.2973119894379,21.957468790063057,301.07000732421875,155.5679206315474,142.24249267578125,127.77458065092937,281.42744884707827,22.502412770653898,304.73333740234375,115798400,90824000,46960000,72848600,664616000,86595900
2022-01-26,156.2627410888672,138.87249755859375,128.26388549804688,286.437744140625,22.72797393798828,312.4700012207031,160.86186686388942,145.18499755859375,132.0026351291837,297.8195767322565,24.010489477432596,329.2300109863281,154.43287974271476,137.31849670410156,126.18856248123481,282.8851546395586,22.256886340278513,302.0,159.99096861060076,144.75,130.13574398925348,297.32722375809846,23.195069558309832,317.4766540527344,108275300,95602000,49130000,90428900,755959000,104867400
2022-01-27,155.80276489257812,139.6374969482422,128.03758239746094,289.4593811035156,21.90157699584961,276.3666687011719,160.32360403043404,144.24349975585938,131.6577209195891,296.6611038089516,23.948612493124184,311.7966613769531,154.8829371180898,139.35000610351562,127.96561639041133,287.6155027527548,21.633096035086837,276.3333435058594,158.96343730234798,140.8000030517578,130.31933794967972,292.18175832051594,23.522437945377376,311.1199951171875,121954600,77516000,31950000,53481300,573353000,147109500
2022-01-28,166.67437744140625,143.97799682617188,132.35098266601562,297.5879211425781,22.79584503173828,282.1166687011719,166.69395238194963,143.9980010986328,132.35644978053813,297.8003058303216,22.813809883208478,285.8333435058594,159.30598757947982,137.92950439453125,127.52147605383999,284.2560313928482,21.254829324418658,264.0033264160156,162.1535367106973,140.86050415039062,128.68666808776362,289.8359242315118,21.969444731157765,277.1866760253906,179935700,74392000,34362000,49743700,543774000,134789100
2022-01-31,171.02883911132812,149.57350158691406,134.28884887695312,300.2137145996094,24.43865966796875,312.239990234375,171.24411862639118,150.36050415039062,134.45708760059057,301.5652399492526,24.461615916333805,312.663330078125,165.87194061535732,144.30050659179688,131.21805677014638,295.76329997634053,23.007432099177755,287.3500061035156,166.5079991576081,144.75,133.15591425848223,298.25399547736595,23.13717992402368,290.9033203125,115541600,78308000,39986000,46444500,564680000,104436000
2022-02-01,170.8625030517578,151.19349670410156,136.61183166503906,298.07061767578125,24.590364456176758,310.4166564941406,171.08756258764447,151.70799255371094,136.7597164026922,299.87587283189384,25.09638417294611,314.5666809082031,168.61186289898112,147.62750244140625,133.36089654585487,294.56628497930495,23.84380957085844,301.6666564941406,170.27537434014533,150.0,136.56270334051814,299.66348813934843,25.05546307837745,311.7366638183594,86213900,59220000,68644000,40950400,518925000,73138200
2022-02-02,172.0660858154297,150.6125030517578,146.89013671875,302.60784912109375,25.193199157714844,301.88665771484375,172.105235689561,155.0749969482422,150.41003482370965,304.21038262271304,25.767086343817308,310.5,169.6099612749151,148.86349487304688,144.43122234361599,298.1864239841783,24.505530149134337,296.4700012207031,170.9994831805343,155.05050659179688,150.11576472101984,298.91045860750387,25.744131998569852,309.3933410644531,84914300,87330000,123200000,36636000,543419000,66792900
2022-02-03,169.18919372558594,138.8455047607422,142.01695251464844,290.820556640625,23.90169906616211,297.0466613769531,172.4575215973305,144.24749755859375,148.5525777136567,300.4550540690847,25.028515976458163,312.3333435058594,168.42593537257994,138.33299255371094,141.5956363601921,289.57520891247447,23.734024607139915,293.50665283203125,170.7352853699913,141.7375030517578,144.6128476273502,298.7752738080084,24.410713264329317,294.0,89418100,225532000,71518000,43730000,410178000,78855600
2022-02-04,168.90505981445312,157.63949584960938,142.21844482421875,295.34820556640625,24.271982192993164,307.7733459472656,170.580497991328,161.1999969482422,143.78858213047806,298.10917678556535,24.58737122731306,312.1666564941406,167.22962163757825,150.60800170898438,139.4612771720624,289.5848887928777,23.58631015608026,293.72332763671875,168.20940619823992,155.60650634765625,142.3688132081946,289.816570444543,23.925652956622258,299.0733337402344,82465400,253456000,57998000,35096500,354829000,73625400
2022-02-07,168.1898193359375,157.9355010986328,138.15713500976562,290.5309143066406,24.680191040039062,302.4466552734375,170.43351937589156,162.6909942626953,143.1682685356502,297.18236241397534,25.133311835992746,315.92333984375,167.49416572772904,157.25,137.85838215439898,289.51724835738645,24.15520704406836,300.9033203125,169.36555780513737,158.52000427246094,143.1682685356502,295.5701954690197,24.324878438884706,307.92999267578125,77251200,102624000,54974000,28533300,376868000,60994500
2022-02-08,171.29571533203125,161.4134979248047,138.3536376953125,294.0159606933594,25.059457778930664,307.3333435058594,171.80520742660315,161.79249572753906,138.95012868811895,294.9813401359987,25.18122165390177,308.7633361816406,167.96443926792173,155.55050659179688,135.98652845498887,289.5655756040924,23.933638315079907,298.26666259765625,168.25837758980256,156.75050354003906,137.98393352600814,290.8205570951065,24.311905294054206,301.84332275390625,74829200,76040000,54284000,32421200,410359000,50729100
2022-02-09,172.71644592285156,161.1894989013672,140.53018188476562,300.4357604980469,26.653366088867188,310.6666564941406,173.0789614781724,163.83450317382812,141.45569926676154,301.1308349501558,26.67332787595736,315.42333984375,171.36433825115836,160.25,139.13571933998102,296.74803301981893,25.303980882340767,306.6666564941406,172.49109962767872,162.87350463867188,139.90640076704875,299.14215544071413,25.57245987515864,311.6666564941406,71285000,68786000,40144000,31284700,524282000,52259400
2022-02-10,168.64053344726562,159.0034942626953,137.58047485351562,291.9114074707031,25.774070739746094,301.51666259765625,171.93261055270034,160.7165069580078,140.42349572216153,298.4180547485802,26.87294187560028,314.60333251953125,168.08206395678414,157.75,136.92245230630547,290.28957726166584,25.550504800745372,298.8999938964844,170.61970267650963,158.35000610351562,138.65586088469732,293.51394069905155,25.944741556292165,302.7900085449219,90865900,68268000,39330000,45386200,513200000,66126900
2022-02-11,165.2308349609375,153.2935028076172,133.27549743652344,284.8255310058594,23.90269660949707,286.6666564941406,169.58107994004882,159.0,138.11293958274206,293.75528997244055,26.1014383680604,305.32000732421875,164.64295836093538,152.73399353027344,132.39960816161846,284.0339128700643,23.727038196145745,283.5666809082031,168.84624166520766,158.13450622558594,137.5606247294364,292.6933667977203,25.865894587572004,303.2099914550781,98670700,77100000,39958000,39175600,605472000,79645800
2022-02-14,165.46603393554688,155.16700744628906,134.5096893310547,284.786865234375,24.220083236694336,291.9200134277344,166.15188018995096,158.44850158691406,135.27788715232825,286.4859420612707,24.826907552973196,299.6266784667969,163.19292640629095,151.64999389648438,132.25720762086638,281.26323703130925,23.709072083831487,284.3833312988281,163.98654956855333,151.75100708007812,132.25720762086638,283.59943820725556,23.887726864389506,287.19000244140625,86185500,83230000,34302000,36359500,440424000,67756500
2022-02-15,169.29696655273438,156.510498046875,135.58407592773438,290.06756591796875,26.443775177001953,307.4766540527344,169.45373566949445,158.0070037841797,137.07282740423187,290.3861281751453,26.49367774510804,307.6666564941406,166.80832036305304,154.6374969482422,134.80297510881232,286.7369950149994,24.73608279745119,297.7933349609375,167.5137664381475,157.60549926757812,136.5388523034239,289.62349961792046,24.900762795130042,300.0,62527400,56440000,26680000,27058300,699869000,57286200
2022-02-16,169.06179809570312,158.10049438476562,136.70510864257812,289.72906494140625,26.45974349975586,307.7966613769531,169.83582117930217,158.83399963378906,137.05049099274288,291.05436512263174,26.530607279677454,308.80999755859375,166.61233714082573,154.7344970703125,133.9122003011313,284.09893045059476,25.502597989095346,300.4033203125,168.3759520184021,155.79049682617188,135.62178690030257,288.63592551544133,26.208231811287334,304.6833190917969,61177400,52704000,25022000,29982100,732676000,51294300
2022-02-17,165.46603393554688,154.65249633789062,131.5450897216797,281.2452087402344,24.459619522094727,292.1166687011719,168.4347801834387,160.3489990234375,136.08527894268366,287.11715807302033,25.735148587356477,306.1666564941406,165.06431864713625,154.5,131.48504232159402,280.53901369853236,24.118281669763785,291.3666687011719,167.57256492057238,158.14599609375,135.22130816652052,286.69151031116843,25.58044757027019,304.4200134277344,69589300,64032000,38950000,32461600,810595000,55178400
2022-02-18,163.91796875,152.60150146484375,129.42510986328125,278.5364990234375,23.59628677368164,285.6600036621094,167.0924613280084,155.49949645996094,133.06461847926178,284.2730302677064,24.937687920677885,295.6233215332031,162.83040723152354,150.89300537109375,129.2201611900481,276.9693549958802,23.055334950510133,279.2033386230469,166.3870301609273,155.49949645996094,132.46612837230094,283.48945825392775,24.620302003508762,295.3333435058594,82772700,63604000,45620000,34264000,761255000,68501700
2022-02-22,160.99819946289062,150.19749450683594,128.8400115966797,278.33331298828125,23.344778060913086,273.84332275390625,163.32028399061443,152.9824981689453,131.18925024339552,282.02869492098785,24.017474761924387,285.57666015625,158.87205389872815,148.48550415039062,127.26192379084993,275.21836232867406,22.955532681143488,267.0333251953125,161.64484588368407,150.47850036621094,128.8643182954154,275.70205013593005,22.990464861191477,278.0433349609375,91162800,66128000,44990000,41736100,633422000,83288100
2022-02-23,156.83413696289062,144.82699584960938,126.6312026977539,271.1263122558594,22.343717575073242,254.67999267578125,162.79121451131508,151.76300048828125,131.06073168464098,282.183436310848,24.10830099326957,278.4333190917969,156.52059869701176,144.6510009765625,126.5711553027141,270.9618749583115,22.257885303841995,253.52000427246094,162.19354527351996,151.65049743652344,130.6612537057356,280.713006702901,23.755982820677037,276.80999755859375,90009200,64244000,32786000,37811200,566511000,95256900
2022-02-24,159.4501495361328,151.35800170898438,131.6959228515625,284.9792175292969,23.70208740234375,266.92333984375,159.5579264390306,151.74899291992188,132.00261130443673,285.5306287899003,23.753986916908737,267.49334716796875,148.9272576589058,139.5,124.01645216954687,262.6618519792794,20.849612945501377,233.3333282470703,149.49553451506446,139.83749389648438,124.01645216954687,263.61957404294975,20.974371284148294,233.4633331298828,141147500,100786000,54456000,56989700,735801000,135322200
2022-02-25,161.5175018310547,153.7884979248047,133.45118713378906,287.6105041503906,24.110294342041016,269.9566650390625,161.78203291625664,153.99000549316406,134.25709440677767,287.92007149964275,24.1701778047602,273.1666564941406,157.617948249187,149.2135009765625,130.76348675698117,282.13515343860865,23.33579559273523,260.79998779296875,160.5279097890242,150.5500030517578,132.55049129326056,285.5113151425781,23.675138387578873,269.74334716796875,91974200,62396000,36406000,32546700,528866000,76067700
2022-02-28,161.78201293945312,153.56300354003906,134.04420471191406,289.0421447753906,24.337852478027344,290.1433410644531,162.07595128148682,154.4499969482422,134.73348521833475,289.3807321175086,24.617311790775407,292.28668212890625,159.14639022474867,150.85000610351562,131.5981781769132,283.44103215371325,23.661163875602178,271.57000732421875,159.76365924798694,152.4250030517578,132.05225159221422,284.7082917445892,23.94561268337216,271.6700134277344,95056600,57684000,38864000,34627500,477319000,99006900
2022-03-01,159.9008026123047,151.14199829101562,133.05615234375,285.3274841308594,23.431610107421875,288.1233215332031,163.232078365881,154.0989990234375,135.23369956009327,290.18369968046295,24.329871618461585,296.6266784667969,158.69567205028895,149.9770050048828,132.21948692768655,282.61881436647946,23.087277797297364,284.59332275390625,161.3704791343853,152.7324981689453,133.8670269115429,286.7301612299099,24.244037444614957,289.8933410644531,83474400,44874000,26496000,31217800,412056000,74766900
2022-03-02,163.19293212890625,152.05250549316406,133.56234741210938,290.396484375,24.177291870117188,293.2966613769531,163.97676285442304,152.99949645996094,134.24815989047295,291.63472396488993,24.365959685395882,295.49334716796875,159.6559088746692,148.75,132.07359595195584,284.1182261639909,23.373712936549165,281.42333984375,161.06680119053394,150.8489990234375,133.6184269882909,285.7240436842559,23.714111250736686,290.7099914550781,79724800,47334000,23520000,31873000,389642000,74643300
2022-03-03,162.86959838867188,147.89849853515625,132.8953857421875,286.26580810546875,23.67218780517578,279.7633361816406,165.4954290281514,153.9290008544922,135.41633147676816,293.2405780996094,24.283108229788855,295.4800109863281,162.20335200198932,146.8560028076172,132.02793179963612,284.4567908872236,23.427618955251905,277.5333251953125,165.06432138955572,153.531494140625,134.99004795968622,293.0084173965025,24.219219994125485,292.92333984375,76678400,65198000,24604000,27314500,365095000,61623600
2022-03-04,159.8714599609375,145.64100646972656,130.9173126220703,280.40350341796875,22.895559310913086,279.42999267578125,162.20335221808782,147.85000610351562,132.84773411932804,286.0143001348497,23.63824694769257,285.2166748046875,158.82309815688976,143.8070068359375,129.36007848583986,277.80128997128503,22.442359346497184,275.0533447265625,161.16478287844762,147.15899658203125,131.93066729654552,284.68900016266156,23.342769336842796,283.0333251953125,83737200,60934000,30430000,32356500,431415000,66999600
2022-03-07,156.07968139648438,137.4530029296875,125.43077850341797,269.81072998046875,21.314350128173828,268.1933288574219,161.6840502038395,146.09449768066406,130.7471083714347,280.2390376841762,22.99238774615269,288.71331787109375,155.82492784594277,137.41650390625,125.34790098196343,269.4431225318955,21.29238955966222,268.19000244140625,160.05760426701897,145.44349670410156,130.50196658252938,279.1168784545169,22.776767102643568,285.4333190917969,96418800,86934000,45112000,43157200,450821000,72494100
2022-03-08,154.2572479248047,136.01449584960938,126.15133666992188,266.8505554199219,21.47606086730957,274.79998779296875,159.5872770933945,140.69949340820312,130.26574953506457,274.69595707889357,22.333545309074008,283.3299865722656,152.65040221518476,133.57249450683594,124.73206001019544,261.1914024621827,20.613584176611923,260.72332763671875,155.60935508972088,136.68350219726562,125.30324479087164,268.736920057862,21.271422452705348,265.1766662597656,131148300,91662000,40428000,48159500,557467000,80399100
2022-03-09,159.6558837890625,139.2790069580078,132.41946411132812,279.087890625,22.973419189453125,286.3233337402344,160.10659124427465,140.25,132.73260407205578,280.1520098038728,23.179055323683137,286.85333251953125,156.1874531828048,136.8280029296875,128.92635657630487,271.6197490086795,22.207771447985007,277.336669921875,158.21559935544633,139.5,130.26573904313827,274.19297192414876,22.34752397571556,279.82666015625,91454900,82656000,37026000,35204500,492742000,59184000
2022-03-10,155.31546020507812,146.8175048828125,131.43641662597656,276.2728271484375,22.618045806884766,279.4333190917969,157.1476526374479,148.67449951171875,132.27259751382948,277.24988606847967,22.74781572701485,284.8166809082031,152.82679892923494,143.97799682617188,129.9307942927176,271.4262653649747,21.8434132311393,270.1199951171875,156.96149116992498,145.68499755859375,130.28164376257828,273.7866644734184,22.491268951508776,283.8166809082031,105342000,135062000,27102000,30628000,428066000,58648500
2022-03-11,151.60206604003906,145.52450561523438,128.8966064453125,270.9328918457031,22.0610294342041,265.1166687011719,156.06008893270172,149.6750030517578,132.79217610039157,280.0649198872489,23.10418676650878,281.26666259765625,151.37671976951566,145.36900329589844,128.65940026907458,270.31375729009164,22.00712380434614,264.5899963378906,155.71715834467904,149.57449340820312,132.48747149297876,278.56546999148014,22.981402566936854,280.0666809082031,96970100,68900000,31526000,27209300,367209000,67037100
2022-03-14,147.5751495361328,141.85299682617188,125.0064926147461,267.42132568359375,21.292387008666992,255.4566650390625,151.00439558659642,147.4499969482422,129.43106235138268,276.08900319722903,22.222742745585133,266.8999938964844,147.06567231572745,140.88400268554688,124.335567012558,266.8215575071672,21.12168901899386,252.01333618164062,148.38837253642478,145.9810028076172,129.27325808126395,271.19408479495587,21.830436104622745,260.2033386230469,108732100,74086000,38812000,30660700,385354000,71152200
2022-03-15,151.95477294921875,147.3665008544922,128.22914123535156,277.7818908691406,22.9324951171875,267.2966613769531,152.42508026860065,147.98500061035156,128.88072746557518,278.4300454950149,22.997381046653096,268.5233459472656,147.33999637401098,142.0,124.77771812675637,269.63660504784883,21.28440697905285,252.19000244140625,147.84947354452075,142.85000610351562,126.02380390981074,271.2037487581612,21.480060551982945,258.42333984375,92964300,75584000,30920000,34245100,491996000,66841200
2022-03-16,156.36383056640625,153.10400390625,132.28102111816406,284.7856750488281,24.452808380126953,280.07666015625,156.7655458657659,153.14999389648438,132.33311772405185,284.95979554587495,24.553630127058703,280.6666564941406,151.33754541830783,147.35350036621094,127.76910672795162,273.9607413197424,23.131143481350605,267.4200134277344,153.8751841039313,148.5,129.75262441968042,279.67790429313914,23.458564260775105,269.6666564941406,102300200,84958000,35576000,37826300,671422000,84028800
2022-03-17,157.37298583984375,157.23899841308594,132.83535766601562,285.588623046875,24.722328186035156,290.5333251953125,157.7453087439647,157.49850463867188,133.07504752697196,285.9658841758017,24.798192476295053,291.6666564941406,154.44343967423552,152.13999938964844,131.19375395981208,279.92946993729333,23.863844107563466,275.239990234375,155.40362432397723,152.6405029296875,132.15052949185468,283.7215952422282,24.077467438937035,276.9966735839844,75615400,72934000,28264000,30816600,471941000,66582900
2022-03-18,160.6650848388672,161.25050354003906,135.1046600341797,290.6286315917969,26.406354904174805,301.7966613769531,161.15497717032517,161.593994140625,135.2222711269813,291.1800427447232,26.522151490123896,302.6166687011719,156.53039236533564,156.01100158691406,131.26665539517276,283.17985751382827,24.580581386606394,289.1300048828125,157.2652308625226,156.81300354003906,132.42391159610446,285.7337136336589,24.755272049910502,291.4966735839844,123511700,102962000,44566000,43390600,730719000,100414200
2022-03-21,162.0367889404297,161.4915008544922,135.0808563232422,289.4001770019531,26.686859130859375,307.0533447265625,162.98718123956166,163.08399963378906,136.0222449574991,290.34821600929166,27.10412324336721,314.2833251953125,159.71468917177347,159.55299377441406,133.0869194437915,285.27914623209665,25.92121138568289,302.36334228515625,160.20458149296203,161.12100219726562,135.1423878626477,289.13899613757036,26.46026011637226,304.99334716796875,95811400,66538000,26832000,28351200,591727000,81981600
2022-03-22,165.4072265625,164.88900756835938,138.81912231445312,294.1401672363281,26.47722816467285,331.32666015625,165.9950882926474,166.16700744628906,139.99226524903366,295.0495024910076,27.18996980901101,332.6199951171875,161.5762655771906,161.69900512695312,135.08087260988333,289.0227430089433,26.026025549438742,307.25,162.164127307338,161.8054962158203,135.08087260988333,290.0191385086085,26.679869314228366,310.0,81532000,64086000,35496000,27599700,547007000,105868500
2022-03-23,166.76913452148438,163.4080047607422,137.2385711669922,289.71923828125,25.588796615600586,333.03668212890625,169.15000379737148,166.3699951171875,138.5417285094916,293.3372422170876,26.565070701682995,346.8999938964844,164.2608735199057,162.68699645996094,136.80138367889504,288.00699451508643,25.529900643651544,325.4666748046875,164.5940116285297,163.7050018310547,137.66237103767637,290.70598004645717,26.079927675254787,326.64666748046875,98062700,55812000,25154000,25715400,502120000,120676200
2022-03-24,170.5511016845703,163.64950561523438,140.51034545898438,294.17889404296875,28.100364685058594,337.97332763671875,170.61967882805246,164.11849975585938,140.5569900941861,294.2756374968961,28.270065012059774,341.4966735839844,166.76913277034842,160.0500030517578,136.7175005538764,288.58746486067383,25.861319580253287,329.6000061035156,167.60194065734933,163.74949645996094,138.1561240851599,289.3807198521377,26.11986368042065,336.57666015625,90131400,56798000,26396000,24484500,877379000,68920800
2022-03-25,171.18795776367188,164.77349853515625,140.610595703125,293.7726135253906,27.643173217773438,336.8800048828125,171.73663471959298,165.36849975585938,140.96988057388967,295.533244193088,28.307999299732625,340.6000061035156,169.25778100424003,162.25,138.68960896260305,289.52585001590114,27.222915992361493,332.44000244140625,170.36494232979024,164.0,140.851769685882,295.2720634104139,27.836831402895648,336.0,80546200,49032000,24126000,22566500,579016000,62031600
2022-03-28,172.05018615722656,168.99049377441406,140.3947296142578,300.5636291503906,28.169240951538086,363.9466552734375,172.17754799227433,169.03750610351562,140.9376247499745,300.6603430987499,28.200186425941997,365.9599914550781,168.5229555265403,164.89999389648438,138.76304562317353,294.4014214022609,27.158026699534492,351.20001220703125,168.6895171187773,164.97500610351562,139.84388368780657,294.4014214022609,27.7070580201299,355.0333251953125,90371900,59854000,35050000,29578200,425494000,102506100
2022-03-29,175.34222412109375,169.31500244140625,141.4368133544922,305.1200256347656,28.605466842651367,366.5233459472656,175.39120138120336,170.8314971923828,142.7151639324906,305.51665328271804,28.894954453382205,371.5899963378906,172.77517880756406,167.86849975585938,140.97332021450285,298.96749977160823,27.93065833777043,357.7033386230469,173.11810933027303,170.38400268554688,141.577761913678,303.66896183482845,28.644397626552063,369.3299865722656,100589400,66154000,34318000,30393400,488984000,73614900
2022-03-30,174.17628479003906,166.30099487304688,140.87411499023438,303.6205139160156,27.641176223754883,364.663330078125,175.97908457885987,168.95050048828125,141.65024849659721,305.6423550476428,28.445754802964743,371.3166809082031,173.12790825883917,165.5,140.5381524211081,301.41489856711223,27.454505676769504,361.3333435058594,174.9405154603071,168.50950622558594,141.39170391581268,303.52379996649006,28.254093909967974,363.72332763671875,92633200,56168000,19884000,28163600,463487000,59865000
2022-03-31,171.08018493652344,162.99749755859375,138.02462768554688,298.2515869140625,27.237886428833008,359.20001220703125,174.43104638306448,166.4949951171875,141.04232360786241,304.858779193998,28.19819004641193,367.71331787109375,170.87442359799343,162.95350646972656,137.98195087256153,297.84530566978634,27.221915798943442,358.8800048828125,174.2448849220912,166.44500732421875,140.9877281817403,303.6592133025089,27.73301213113302,364.8566589355469,103049300,59966000,37524000,33422100,523440000,48992700
2022-04-01,170.78622436523438,163.55999755859375,139.09950256347656,299.32537841796875,26.664899826049805,361.5299987792969,171.34470867552832,165.82699584960938,139.4175947580096,300.01220684451596,27.447517830165626,364.9166564941406,168.46414001265768,162.3195037841797,137.2703210012843,295.57195627521304,26.220684779158603,355.5466613769531,170.51188591642043,164.14950561523438,138.453883236437,299.27699192361627,27.326730894613775,360.3833312988281,78751300,57090000,25942000,27110500,517235000,54263100
2022-04-04,174.83273315429688,168.34649658203125,141.8993682861328,304.6943054199219,27.311756134033203,381.8166809082031,174.88172536504146,168.39450073242188,142.63432431956434,304.8297226576166,27.509406950687776,383.3033447265625,170.91359549990895,163.20550537109375,139.25832732948422,299.60590012472653,26.566073594108467,357.510009765625,171.04097225778014,164.125,139.305971501773,299.97350759012323,26.680870583661918,363.1266784667969,76468400,49882000,25942000,24289600,397120000,82035900
2022-04-05,171.5210418701172,164.05499267578125,139.53671264648438,300.73779296875,25.885278701782227,363.7533264160156,174.6955484712977,168.11050415039062,141.91820924459833,304.59761295783267,27.270831893546518,384.2900085449219,170.89398049893217,163.26600646972656,139.32978006321648,299.76073396521116,25.77447435397992,362.4333190917969,173.91171801973584,167.7415008544922,141.79762982217596,303.0498057758005,27.205945967215584,378.76666259765625,73401800,53728000,21418000,23156700,436615000,80075100
2022-04-06,168.35635375976562,158.75599670410156,135.52403259277344,289.72906494140625,24.363962173461914,348.586669921875,170.1199686542609,162.1999969482422,138.31544169493338,296.98438376297736,25.25538717602562,359.6666564941406,166.69072328453476,157.25450134277344,134.50075823179935,287.0300780736308,23.960675226004746,342.5666809082031,168.87563829115544,161.65049743652344,137.70951570655762,295.23343584912897,24.89003332893193,357.8233337402344,89058800,79056000,32468000,40110400,703833000,89348400
2022-04-07,168.6601104736328,157.7845001220703,134.8694610595703,291.5379638671875,24.165313720703125,352.4200134277344,169.85544881098227,160.07899475097656,136.13589316323527,293.7435789334034,24.678407313051004,358.86334228515625,166.41641045043957,154.51150512695312,133.2209064212302,286.6817492492974,23.436601401606985,340.5133361816406,167.69992580849703,158.39999389648438,134.99004046750798,286.9816333071018,24.397902669017775,350.7966613769531,77594700,68136000,26234000,31411200,557992000,79447200
2022-04-08,166.65158081054688,154.4604949951172,132.2879638671875,287.2815856933594,23.078231811523438,341.8299865722656,168.30741939304966,157.36849975585938,134.65258928092018,291.2961892637509,23.880814903915528,349.4800109863281,165.77957300057145,154.2310028076172,131.96837241273985,286.6140940454331,23.021333116459182,340.8133239746094,168.30741939304966,156.75,134.56673589726554,290.6383808206242,23.87482496633448,347.7366638183594,76575500,46002000,25142000,24361900,524781000,55013700
2022-04-11,162.39927673339844,151.1219940185547,127.8574447631836,275.9535827636719,21.878355026245117,325.30999755859375,165.61296861541499,154.13650512695312,131.10192750746063,283.06377005501855,22.28064432124628,336.15667724609375,162.1543306146452,150.5345001220703,127.70360833102498,275.70205565183903,21.621808207745975,324.8800048828125,165.29944535757966,152.71299743652344,130.83494754462106,282.27054447193905,22.174832229313022,326.79998779296875,72246700,52112000,36884000,34569300,575207000,59357100
2022-04-12,164.2706756591797,150.78750610351562,126.75675964355469,272.85797119140625,21.466081619262695,328.98333740234375,166.4359910689201,155.0989990234375,130.6131276162825,281.25478467779203,22.684929295161435,340.39666748046875,163.27129126604743,150.38299560546875,125.83820106848967,271.33918434835886,21.24447295091747,325.5333251953125,164.62339868320723,153.6925048828125,130.6131276162825,279.80372121494815,22.497261070505825,332.5466613769531,79265200,55178000,32710000,30966700,662258000,65976000
2022-04-13,166.95526123046875,155.54100036621094,128.91990661621094,278.236572265625,22.163848876953125,340.7900085449219,167.5823226689275,156.02499389648438,129.35660942683415,279.16524459856345,22.46032606445315,342.0799865722656,163.39865390857594,149.60000610351562,126.78305234113374,272.122751236361,21.41716862218913,324.3666687011719,164.00611547230426,150.01849365234375,127.04011273465291,273.5061208154424,21.689687961003017,327.02667236328125,70618900,53390000,27928000,21907200,516943000,55121100
2022-04-14,161.94854736328125,151.7064971923828,125.77964782714844,270.70068359375,21.220518112182617,328.3333435058594,167.80766849456361,155.89700317382812,129.5010341712906,278.9040387773758,22.736840873608053,337.57000732421875,161.70360127770223,151.4720001220703,125.65160981411958,270.2073421446939,21.125686298057552,327.39666748046875,167.1707997018646,155.38999938964844,129.5010341712906,278.69121497830656,22.465319189569,333.0966796875,75329400,51598000,31598000,28221600,569097000,58422300
2022-04-18,161.73301696777344,152.78500366210938,126.71905517578125,271.3681640625,21.744590759277344,334.7633361816406,163.23208589340007,154.0395050048828,127.25103124090627,273.2448748903174,22.049051350332444,338.3066711425781,160.26334037791807,150.25050354003906,125.23576318572876,269.2592925621962,21.041831657437864,324.4700012207031,160.60625594535696,151.52349853515625,126.04762980933042,269.8107036813086,21.162618586314927,329.6766662597656,69023900,46514000,20808000,20778000,525701000,51715200
2022-04-19,164.01593017578125,158.11549377441406,129.03408813476562,275.9922180175781,22.158857345581055,342.7166748046875,164.42745284930518,158.6490020751953,129.35564846012684,276.83385950003543,22.33354799958623,344.9800109863281,160.59649161266293,151.55050659179688,126.04714966486878,269.32701618181187,21.276415360813395,331.77667236328125,161.68405307765963,152.0294952392578,126.73396181178428,270.2653715965898,21.681699582090733,335.0199890136719,67723800,54926000,26490000,22297700,512781000,49847700
2022-04-20,163.84938049316406,153.9980010986328,127.0798110961914,277.01763916015625,21.444120407104492,325.73333740234375,165.46603411276996,157.6024932861328,130.41363040865102,280.24869936955514,22.630025292014682,344.6666564941406,162.7422340206999,153.60350036621094,126.54386726306718,276.0599468443759,21.162618078582742,325.0833435058594,165.34844979022682,157.6024932861328,129.91042868655606,279.95846900098434,22.477295203987705,343.3333435058594,67929800,59630000,31696000,22906700,468974000,70711200
2022-04-21,163.0557098388672,148.29600524902344,123.87850952148438,271.6487121582031,20.147411346435547,336.260009765625,168.062408468632,156.73800659179688,129.12288118231135,283.7312227224096,22.352515792807566,364.0733337402344,162.55602520215882,147.58949279785156,123.59266724701,270.9231805322284,19.964733471590826,332.1400146484375,165.49537825406796,154.71400451660156,128.2807486036101,279.1652091753969,21.670719581173074,358.24334716796875,87227800,63970000,36446000,29454600,656209000,105416400
2022-04-22,158.51934814453125,144.35000610351562,118.73834228515625,265.08990478515625,19.480592727661133,335.01666259765625,164.4764404677371,149.61500549316406,124.46160122256957,273.960751032886,20.449881439379148,344.95001220703125,158.2352171809879,143.69749450683594,118.03317534641822,264.46111662000084,19.465619783257164,331.3333435058594,163.09495550660975,148.25,124.06261542731319,272.4903213915854,20.267203520910318,338.3033447265625,84882400,73078000,56884000,29405800,624713000,69696600
2022-04-25,159.58731079101562,146.07400512695312,122.15106201171875,271.5616455078125,19.86690902709961,332.67333984375,159.87144172970685,146.22149658203125,122.35303480833002,271.93890659301337,19.90983247795217,336.2066650390625,155.2566649146805,142.30650329589844,117.62228414008575,261.93624768786924,19.062330417825684,325.1000061035156,157.862880430984,144.0229949951172,118.20785607828329,264.3740527877632,19.1681425122934,326.3233337402344,96046400,61874000,46128000,35678900,641566000,68341200
2022-04-26,153.63023376464844,139.39100646972656,117.76023864746094,261.404296875,18.75486946105957,292.1400146484375,159.0582340646371,144.8560028076172,121.59129290122091,269.2787207469881,19.753106067107918,333.3333435058594,153.55184919980582,138.92950439453125,117.62228107667312,261.1914730124075,18.6370775110821,291.6666564941406,158.97005703556184,144.8000030517578,121.37740906871237,268.4467917071966,19.68322980932217,331.80999755859375,95623200,77530000,73054000,46518400,653143000,136133700
2022-04-27,153.4049072265625,138.16700744628906,113.43740844726562,273.9801330566406,18.38252830505371,293.836669921875,156.5598004031042,141.94850158691406,116.36279970985137,281.4772943518781,19.133201147980134,306.0,152.23896096876302,135.7834930419922,111.89109321295378,270.05259027534413,18.257748727324,292.4533386230469,152.75824569613656,140.19149780273438,113.61109157996927,272.89667705103636,18.565204266444386,299.52667236328125,88063200,71336000,91820000,63477700,499460000,76956300
2022-04-28,160.33192443847656,144.59649658203125,117.6336898803711,280.1809387207031,19.747116088867188,292.5033264160156,161.19413952588084,145.9375,118.75223733155552,281.48690140062206,20.001667489116333,300.0,155.71713316880462,140.3000030517578,113.2592408453906,272.27746880062506,18.45739457929483,273.8999938964844,156.0306713643422,142.17799377441406,115.54199599993349,275.88578963054323,18.933552723499567,299.99334716796875,130216800,117316000,48884000,33646600,570327000,124948500
2022-04-29,154.4630126953125,124.28150177001953,113.25377655029297,268.4660339355469,18.514293670654297,290.2533264160156,162.84017274008735,130.76100158691406,117.0357022536662,280.4228102800614,20.09250498859457,311.4666748046875,154.0711048951049,121.625,112.96099060726237,267.47932156887543,18.484345889537558,290.0,158.5683119363977,129.8489990234375,115.85909136700216,279.1942245202134,19.367785440638112,300.75,131747600,272662000,42676000,37073900,500435000,88133100
2022-05-02,154.7667999267578,124.5,115.70872497558594,275.1893310546875,19.49855613708496,300.9800109863281,155.03133103517357,124.66799926757812,115.87000484676354,275.64399875590436,19.539482298603552,302.1199951171875,150.17160722826696,118.375,111.75559245542158,267.2084825593842,18.358569760292387,282.6766662597656,153.54206903484993,122.4010009765625,112.55455593011817,268.64986271938767,18.508304867075665,286.92333984375,123055300,148788000,35534000,35151100,572049000,75781500
2022-05-03,156.25601196289062,124.25350189208984,116.4541015625,272.58709716796875,19.567434310913086,303.0833435058594,157.46115753940876,126.22049713134766,117.55379426838414,274.8604357472129,19.79004256378469,308.02667236328125,153.15990462040372,122.82499694824219,115.16434711289088,271.01027020615345,19.099261454041525,296.1966552734375,154.9528969165434,124.05349731445312,115.55737359680728,274.69596890447576,19.36579084051425,301.05999755859375,88966500,79134000,24968000,25978600,475751000,63709500
2022-05-04,162.66383361816406,125.92849731445312,121.34415435791016,280.5195617675781,20.298141479492188,317.5400085449219,163.1145261346623,126.0,121.93320188651805,281.3901938245139,20.3640250760324,318.5,156.04048055543203,119.18299865722656,114.25273117249577,267.7018362258143,18.717932850721336,295.09332275390625,156.44219580516028,123.5999984741211,116.15387107248489,273.3706425590282,19.887866961396114,301.3133239746094,108256500,110746000,49916000,33599300,648855000,81643800
2022-05-05,153.600830078125,116.40699768066406,115.63182067871094,268.30169677734375,18.810773849487305,291.09332275390625,160.76305283929582,123.4990005493164,120.13132441982566,277.0080793908521,19.889867190140663,315.20001220703125,151.8176149978829,115.07250213623047,114.14306924777586,265.3898860340184,18.46738053235109,285.8999938964844,160.53770657596968,123.0,119.30258703193357,276.22450731739383,19.831970796985615,313.00665283203125,130525300,144392000,45840000,43260400,626331000,92519100
2022-05-06,154.32693481445312,114.77249908447266,114.87850952148438,265.76708984375,18.642070770263672,288.54998779296875,156.44638259515347,119.05049896240234,116.68982830154226,270.1396166091243,19.477594833502064,296.0,151.28513392702433,113.08149719238281,113.16049515980836,262.4199492559165,17.95827912135431,281.03668212890625,153.0807759379822,114.8499984741211,114.32072750015296,265.8444668964473,18.702964035272345,295.6666564941406,116124600,124260000,39710000,37780300,633297000,72903000
2022-05-09,149.2049102783203,108.78900146484375,111.66727447509766,255.94825744628906,16.92011070251465,262.3699951171875,152.90412873322438,114.0,114.21403375682236,263.4744394387105,18.22280783313179,281.8766784667969,148.6456204167706,107.95700073242188,111.16060468534064,254.72938410241275,16.797326507132865,260.3833312988281,152.02101820173502,111.3125,112.40073109237771,261.2494870702996,18.002198783908664,278.8166809082031,131577900,128124000,40802000,47726000,644455000,90810300
2022-05-10,151.60894775390625,108.85900115966797,113.5371322631836,260.707763671875,17.563976287841797,266.67999267578125,153.79708852885074,112.64250183105469,115.37822468562551,264.8191105943443,18.16591373433777,275.1199951171875,150.05861170075954,107.1709976196289,112.05384051914055,256.4222962003139,16.994981601017855,258.0833435058594,152.59999379126018,111.25,114.64129249603656,262.82631891838696,17.657810412504645,273.10333251953125,115366700,105434000,39900000,39336400,761474000,84401700
2022-05-11,143.7493438720703,105.37200164794922,112.7505874633789,252.0497283935547,16.60067367553711,244.6666717529297,152.53129738037643,110.15599822998047,115.49187605345283,262.50705741382524,17.721694464260565,269.92333984375,143.07229678522884,104.42849731445312,112.38733478952014,250.8405087610353,16.538784636687943,242.39999389648438,150.6179132038416,108.10350036621094,112.38733478952014,257.0123704889284,17.316410271106523,265.0,142689800,109704000,37534000,48975900,670167000,97224600
2022-05-12,139.88330078125,106.93049621582031,111.99777221679688,247.0193328857422,16.146484375,242.6666717529297,143.45495579096956,110.78050231933594,113.437887434489,251.4015425966811,16.75840458718879,253.22000122070312,136.19390367446763,102.40550231933594,109.00091505173944,241.86321984436174,15.539557366550188,226.6666717529297,140.08936442340104,102.75,110.54227032758833,249.28298794947654,16.190407432027413,233.6666717529297,182602000,132026000,53836000,51033800,708728000,140313000
2022-05-13,144.34788513183594,113.05500030517578,115.18022918701172,252.60113525390625,17.674779891967773,256.5299987792969,145.31930242919321,113.18399810791016,116.99104817996168,254.45850956693343,17.896388580108713,262.45001220703125,140.422988536555,107.80000305175781,112.75307250236035,247.01938815483032,16.5637433859514,250.52333068847656,141.8751960845671,109.06900024414062,113.67410719481575,248.95413953333383,16.758399254402644,257.82666015625,113990900,93684000,35038000,34925100,670437000,92150700
2022-05-16,142.80734252929688,110.81050109863281,113.5867691040039,252.96871948242188,17.233558654785156,241.4566650390625,144.7501769403197,113.99250030517578,115.2988317009477,257.147789161054,17.756634863058387,256.586669921875,141.4728772141811,110.35399627685547,113.03543859089471,247.43532986774056,17.075838212801916,239.69667053222656,142.8171643521235,113.0999984741211,114.0934388924006,251.47895279178755,17.478127488678094,255.72000122070312,86643800,74566000,25990000,32550900,521446000,86098500
2022-05-17,146.4378662109375,115.36849975585938,115.59955596923828,258.1152038574219,18.144948959350586,253.8699951171875,146.95791370140876,115.80000305175781,116.02335578859825,259.57592116021584,18.33860712731935,254.82666015625,143.92592034755194,111.27649688720703,114.00858018939827,253.89743024977278,17.60290714990144,242.9499969482422,146.06499632256597,113.2750015258789,115.96430034993351,257.4283458213499,18.042129937144267,249.1199951171875,78336300,76448000,23054000,28828800,585830000,80236200
2022-05-18,138.17599487304688,107.11250305175781,111.06036376953125,246.36326599121094,16.908132553100586,236.60333251953125,144.59319436014727,112.85299682617188,114.5346170372489,255.59413551227334,18.08605213605823,253.5,137.27325546059197,106.2490005493164,110.71894166841899,245.09305474022761,16.834263633079882,233.60333251953125,144.09277542323014,111.43949890136719,114.13761512238688,255.01235236440064,17.673780282023053,248.17333984375,109742900,108380000,35126000,31356000,545161000,87811800
2022-05-19,134.77113342285156,107.31900024414062,109.55622863769531,245.45179748535156,17.093807220458984,236.47332763671875,139.00020681352638,110.03399658203125,112.16253561354502,249.84422891050363,17.65581425511469,244.6666717529297,134.03521536260072,106.19300079345703,109.17510560363476,244.2300707046364,16.704493580378365,231.3699951171875,137.2536291483144,106.28050231933594,110.59587399910443,246.18870993787448,16.907136667863853,235.6666717529297,136095600,88142000,34144000,32692300,621310000,90296700
2022-05-20,135.0066375732422,107.59100341796875,108.0912857055664,244.88941955566406,16.66456413269043,221.3000030517578,138.05824551298795,109.89800262451172,111.34222744755039,250.6878097739671,17.379301231839957,240.52667236328125,130.12014512321653,105.0094985961914,105.00312313802856,238.95529670794807,15.727219718341468,211.0,136.47847391127468,109.56849670410156,111.11146523229964,249.42727472265636,17.301439650730654,237.99667358398438,137426100,99500000,48962000,39199300,739105000,144973200
2022-05-23,140.4229736328125,107.55699920654297,110.65194702148438,252.7336883544922,16.86820411682129,224.96665954589844,140.57015125059797,108.81900024414062,111.3065015318097,253.55787858160053,16.885174338377944,226.65333557128906,135.0654837610607,103.94999694824219,107.92554522357145,245.73296868765453,16.150472081742095,212.68666076660156,135.20285452842407,108.46099853515625,108.76570147382164,247.73041602924724,16.245303880807757,218.33999633789062,117726300,107798000,37184000,33175400,639889000,88903500
2022-05-24,137.72459411621094,104.0999984741211,105.17533111572266,251.73497009277344,16.125516891479492,209.3866729736328,139.30436527340177,105.4000015258789,105.66017033298499,253.39302669819278,16.56773659401327,217.97332763671875,134.75148674775386,101.26000213623047,101.12046571648337,245.80084784961682,15.75217672510654,206.85667419433594,138.1661418989175,104.0250015258789,104.9788178581926,250.0575315681895,16.48089009745048,217.8433380126953,104132700,102934000,76780000,29043900,588550000,89092500
2022-05-25,137.88162231445312,106.7750015258789,105.01156616210938,254.5469207763672,16.945064544677734,219.60000610351562,139.12776621000188,108.17500305175781,105.70135403815657,256.5443535711688,17.080824385414314,223.10667419433594,135.742545873108,103.6500015258789,103.07767643363695,249.32063736572647,15.971783600712332,207.6699981689453,135.8308524536192,103.65550231933594,104.19820785575082,250.29997184139762,15.991748787169616,207.9499969482422,92482700,93120000,40258000,28547900,781132000,92139300
2022-05-26,141.0803985595703,111.07749938964844,106.9841537475586,257.8243103027344,17.81952667236328,235.91000366210938,141.62988165478208,112.66549682617188,107.83472166540481,258.9975529486111,18.060100987600233,239.55667114257812,134.56507119637524,107.45349884033203,104.4359029084361,253.4900680754524,15.993750916425844,217.8866729736328,134.81037721904417,107.97000122070312,104.88451675621047,254.3045527743794,16.007726172049686,220.47332763671875,90601500,93002000,37948000,25002100,996575000,106003200
2022-05-27,146.83033752441406,115.14649963378906,111.47422790527344,264.9413757324219,18.777833938598633,253.2100067138672,146.86957989093065,115.18699645996094,111.47571962495518,265.03834453491794,18.8477102124589,253.26666259765625,142.53257223488527,112.62799835205078,108.32005857394647,259.4338910030426,18.068087106701686,240.17666625976562,142.66013612756797,113.55000305175781,108.66198041267312,260.32596255899296,18.153935916295296,241.0833282470703,90978500,93660000,37914000,26910800,738379000,89295000
2022-05-31,146.04541015625,120.20950317382812,112.90889739990234,263.61297607421875,18.639076232910156,252.75332641601562,147.831245433681,121.99449920654297,114.86710140737668,266.4248936649032,19.166145079805915,259.6000061035156,144.0829617048982,115.67500305175781,111.23801982101067,260.7622650462861,18.317643518254673,244.7433319091797,146.27110250820675,116.27999877929688,111.90100974803613,264.2529346305631,18.946531790942434,257.9466552734375,103718400,144634000,50012000,37827700,664100000,101914500
2022-06-01,145.91778564453125,121.68399810791016,113.03791809082031,264.1462707519531,18.287691116333008,246.7899932861328,148.89089231132965,125.17900085449219,116.22335308466774,269.2562034890883,19.01939822244366,257.32666015625,144.90711144081428,120.62249755859375,112.40073416812857,261.8385496478532,18.09004034863606,243.63999938964844,147.0854292918547,122.25599670410156,113.99370154703936,266.84183742859545,18.690979868350595,251.72000122070312,74286600,127528000,36606000,25292200,544514000,77247900
2022-06-02,148.3709259033203,125.51100158691406,116.74044036865234,266.2406311035156,19.557453155517578,258.3333435058594,148.42979696294097,125.61000061035156,117.01536355537438,266.30851221318625,19.584405973838475,264.2099914550781,144.1025944132952,120.04499816894531,112.09951102289412,253.65486971991317,18.165912046478592,242.06666564941406,145.05438313661304,121.68399810791016,113.14510810652334,256.4183173881909,18.25974616242298,244.1566619873047,72348100,100560000,37992000,44008200,648656000,93473100
2022-06-03,142.650390625,122.3499984741211,113.68205261230469,261.819091796875,18.686988830566406,234.51666259765625,145.19175791698237,124.4000015258789,115.44920287025536,265.14494022982973,19.29791105823147,247.79666137695312,141.74766608402808,121.04650115966797,112.66722129124575,260.25800402669876,18.489338025612042,233.4166717529297,144.14184075062616,124.19999694824219,115.19214245668354,262.1002923632558,19.048351903370342,243.22666931152344,88570300,97604000,26136000,28059000,598779000,112393800
2022-06-06,143.39605712890625,124.79000091552734,115.94446563720703,260.5877685546875,18.75287628173828,238.27999877929688,145.78043894130977,128.99000549316406,118.4520163103312,265.8528464138508,19.302905366003518,244.86666870117188,142.179334128492,123.80999755859375,115.29288697757941,259.10423751175404,18.53126758487554,234.35000610351562,144.26934578263374,125.25,115.82933061507269,263.7972378671169,19.105254520476123,244.35333251953125,71598400,135269000,33542000,22400300,422406000,84204600
2022-06-07,145.91778564453125,123.0,116.27099609375,264.2237854003906,18.892623901367188,238.8866729736328,146.20233393485375,124.0999984741211,116.80843927234521,264.8346561341794,18.966492805619453,239.99667358398438,141.3943437071185,120.62999725341797,114.18922914451457,257.863024346633,18.15592452312125,230.0933380126953,141.6396496365394,122.01000213623047,114.61451316562906,258.54177618211287,18.439424074770958,234.0,67808200,85156700,31590000,22860700,388914000,72808500
2022-06-08,145.1819305419922,121.18000030517578,116.31514739990234,262.19732666015625,18.619050979614258,241.86666870117188,147.0560572730291,123.75,117.68132781808734,264.7086616945771,19.150224674884743,249.9633331298828,144.69131847131706,120.75,115.72560012536873,261.4216058677899,18.50622553593558,239.17666625976562,145.79028471849585,122.61000061035156,115.88588804690858,263.4578322605081,18.76981563316662,240.086669921875,53950200,64926600,26108000,17372300,363252000,76210500
2022-06-09,139.9617919921875,116.1500015258789,113.97435760498047,256.74798583984375,18.01998519897461,239.7066650390625,145.17208908244996,121.30000305175781,117.41188598118904,264.4274283960142,18.903611679964875,255.54666137695312,139.85385675234653,116.0999984741211,113.91530215656549,256.59284170053377,18.01299609524454,239.32666015625,144.3184289860741,119.98999786376953,115.45516596971757,259.64716611698157,18.452313635347775,249.33999633789062,69473000,67029800,25798000,26439700,395574000,96491400
2022-06-10,134.55528259277344,109.6500015258789,110.327880859375,245.30636596679688,16.94765281677246,232.22999572753906,138.1171163437947,114.5,112.42950168530383,252.6658293283701,17.669530104023234,239.5,134.4865897104107,109.05000305175781,109.5383447471123,244.86033026242538,16.842814357055154,227.913330078125,137.64613290864105,113.41999816894531,111.6017563504371,252.6658293283701,17.572680551655733,235.1566619873047,91437900,87266000,41452000,31422800,465248000,97536600
2022-06-13,129.40382385253906,103.66999816894531,105.59465789794922,234.9022674560547,15.622711181640625,215.73666381835938,132.6614796951245,106.54000091552734,107.97566213644032,241.45696760455806,16.286678851618216,226.63333129882812,128.9720829038409,101.86000061035156,105.32321034517643,234.19444257567676,15.581774461064812,214.68333435058594,130.37522601482007,104.19000244140625,105.98570048108614,237.66571545060387,15.975162900820372,223.1666717529297,122207100,99277700,47252000,46135800,604153000,102767400
2022-06-14,130.2672882080078,102.30999755859375,105.91523742675781,237.06451416015625,15.811418533325195,220.88999938964844,131.37607607962988,104.87999725341797,107.1151707392392,238.27654997365488,16.041061051837058,226.3300018310547,129.0113227305463,101.43000030517578,105.00660593631495,234.17501012811695,15.388075961207294,211.73666381835938,130.63035125622758,104.19000244140625,105.73609475699467,236.45364337563802,15.706581027600341,218.2866668701172,84784300,69728800,33706000,28651500,469680000,97988700
2022-06-15,132.88717651367188,107.66999816894531,108.94137573242188,244.1137237548828,16.501344680786133,233.0,134.7613181921413,109.05999755859375,110.58793144263325,247.54621774471534,16.841814932140252,235.663330078125,129.67858439406757,103.52999877929688,106.8620849971601,238.93590988722116,15.901276860613777,218.14999389648438,131.76858160626196,103.86000061035156,107.73101553417992,240.76850759522998,16.070014185322673,220.9166717529297,91533000,85011100,39698000,33111700,563936000,119131800
2022-06-16,127.61801147460938,103.66000366210938,105.23834991455078,237.5299530029297,15.5767822265625,213.10000610351562,129.90426555728718,104.58000183105469,107.83373777282833,239.90554045067185,15.917253444550337,225.1666717529297,126.61715864214314,102.01000213623047,104.34956513406651,235.6391799239251,15.37709287922616,208.69332885742188,129.60008846415832,104.47000122070312,106.41694479005933,238.5092727014499,15.835380002777606,222.73666381835938,108123900,82186300,51684000,33169200,545749000,107390700
2022-06-17,129.08981323242188,106.22000122070312,106.34003448486328,240.12855529785156,15.85534954071045,216.75999450683594,130.5812777450833,106.9800033569336,107.88436583223476,242.892003168209,15.970170797325055,220.97000122070312,127.3726714161481,102.51000213623047,104.25825995731333,236.61850393867869,15.304206366327632,213.19667053222656,127.62779921111623,102.80000305175781,105.23835774506158,237.26815342919429,15.62370932462703,213.43333435058594,134520300,99772100,51376000,43084800,630334000,92641800
2022-06-21,133.3189239501953,108.68000030517578,110.70752716064453,246.03363037109375,16.540285110473633,237.0366668701172,134.48658311474856,111.62999725341797,111.64594004037723,247.01295018583383,16.98159844424935,243.57666015625,130.8168142802015,103.55999755859375,107.78560405644993,241.93208967216776,16.381531524997932,224.3333282470703,130.91492771438774,108.19999694824219,108.11263143059072,242.6593113115765,16.44942676298862,224.60333251953125,81000500,70901200,47416000,29928300,483089000,122793000
2022-06-22,132.80868530273438,108.94999694824219,110.65145111083984,245.44212341308594,16.33460235595703,236.086669921875,135.17342395812105,112.12999725341797,112.49650392931514,249.3594317398159,16.63613355859748,246.8333282470703,131.39572023105475,107.0199966430664,109.55473424500163,242.7659386682965,16.15488149414136,233.82666015625,132.25918724085466,107.43000030517578,109.72743298190343,244.23977847011096,16.200809608671182,234.50332641601562,73409200,60040100,30774000,25939900,437135000,101107500
2022-06-23,135.6738739013672,112.44000244140625,111.40028381347656,250.99810791015625,16.199811935424805,235.07000732421875,135.98785785879153,113.0,111.89703403190568,251.4926280887529,16.55925175967928,239.31666564941406,133.08344262037107,107.93000030517578,109.67185020461025,245.92696800307291,15.82838875234843,228.6366729736328,134.25110181028134,110.38999938964844,111.38986449241077,247.80805032436228,16.49335423638741,237.9066619873047,72433800,64345300,28362000,25861400,463680000,104202600
2022-06-24,139.00022888183594,116.45999908447266,117.09030151367188,259.56964111328125,17.099414825439453,245.7066650390625,139.24553494086544,116.70999908447266,117.19352549247178,259.84113599314713,17.113393032351116,246.06666564941406,137.14571567446453,111.43000030517578,112.10546625400416,253.77125024741073,16.2846815144393,236.086669921875,137.2732646440002,112.37999725341797,112.14765087738255,253.85851328836165,16.47438711137464,237.47000122070312,89116800,69867600,41164000,33923200,472153000,95770800
2022-06-27,139.00022888183594,113.22000122070312,114.96485900878906,256.844970703125,16.842817306518555,244.9199981689453,140.79587103060723,117.9800033569336,117.69026114363895,260.1513786610391,17.303102235686215,252.07000732421875,138.3231817633475,112.69999694824219,114.31575650129828,255.28385304721854,16.600194433475785,242.56666564941406,140.02069549958952,117.08999633789062,117.38606391266642,260.06411562547476,17.28513052368087,249.36666870117188,70207900,62133200,36420000,24615100,427968000,89178300
2022-06-28,134.85943603515625,107.4000015258789,111.16754150390625,248.69039916992188,15.957193374633789,232.663330078125,140.72715167094702,114.8499984741211,116.42978308401227,258.8036202038124,17.175299026781286,249.97000122070312,134.74169394010806,107.04000091552734,111.00923749311733,248.5352550148448,15.92025015026535,232.3433380126953,139.46137923230657,113.5,114.93408050890979,255.96261499134835,16.8737677400976,244.48333740234375,67083400,74942900,35792000,27295500,461149000,90391200
2022-06-29,136.61581420898438,108.91999816894531,110.86384582519531,252.35556030273438,15.517874717712402,228.49000549316406,138.02877917366496,110.98999786376953,112.31190436109492,254.01361699822033,15.795443069795565,231.17333984375,134.10388314834785,106.91000366210938,110.04106016755956,247.99221661030455,15.146452414426411,222.27333068847656,134.87905849783044,107.37999725341797,110.71546893086192,249.76663880388978,15.789452817507586,230.5,66242400,66375300,24716000,20069800,482352000,82897200
2022-06-30,134.15292358398438,106.20999908447266,108.1458740234375,249.0297393798828,15.135469436645508,224.47332763671875,135.77193691877648,108.18000030517578,110.05644130249395,251.64774884681984,15.542836100215856,229.4566650390625,131.25831627242013,102.5199966430664,105.94947205566056,245.21910548593416,14.838930531324044,218.8633270263672,134.67297101745274,108.11000061035156,109.17510001051674,249.24305888897192,15.337155541620188,224.50999450683594,98964500,97679400,43170000,31730900,686070000,94600500
2022-07-01,136.32147216796875,109.55999755859375,107.92207336425781,251.69618225097656,14.50045394897461,227.26333618164062,136.42940742984914,109.75,108.43072706417608,251.88041405463684,15.039615603372162,230.22999572753906,133.11287978462988,105.8499984741211,105.93012023346462,246.87714165785107,14.369657750368367,222.1199951171875,133.48573480288584,106.29000091552734,107.12360200109673,248.60309420009241,14.875870642287145,227.0,71051600,73021200,35476000,22837700,577610000,74460300
2022-07-05,138.90206909179688,113.5,112.41363525390625,254.86692810058594,14.940771102905273,233.06666564941406,138.95113328697806,114.08000183105469,112.52677878685982,254.99298457519546,14.947760206321728,233.14666748046875,134.35899711370092,106.31999969482422,104.93861261421623,247.00323818444357,14.033182701418724,216.1666717529297,135.18323666479031,107.5999984741211,106.29734968195305,248.3801092623351,14.15299631092678,223.0,73353800,76583700,39342000,22941000,651397000,84581100
2022-07-06,140.23654174804688,114.33000183105469,113.71281433105469,258.1248474121094,15.106513977050781,231.73333740234375,141.41400763305737,115.4800033569336,114.72268583730312,259.8507853109402,15.295220723870164,234.56333923339844,138.43109305954474,112.01000213623047,110.64003080778706,254.430564439945,14.766042751623154,227.18666076660156,138.69602774966668,113.20999908447266,112.45234149088837,255.73956910040374,14.986700366030874,230.77999877929688,74064300,66958900,37432000,23824400,529066000,71853600
2022-07-07,143.60214233398438,116.33000183105469,117.8922348022461,260.248291015625,15.83338451385498,244.5433349609375,143.79838414491758,116.98999786376953,118.2956881859461,260.8882493950364,15.920249363063476,245.3633270263672,140.58977738452884,113.48999786376953,113.97235893217574,256.9709418562369,15.365112647572856,232.2100067138672,140.59958423477383,113.8499984741211,114.21700853285823,257.0679106271867,15.432009036553442,233.9199981689453,66253700,57872300,40936000,20859900,492903000,81930600
2022-07-08,144.27919006347656,115.54000091552734,118.45846557617188,259.53082275390625,15.81341552734375,250.76333618164062,144.7796239540416,116.58000183105469,118.78747686308,259.9574617514012,16.012106984675512,254.97999572753906,142.2774994180926,113.69000244140625,116.02484973064558,255.29355004720045,15.365112136209438,241.16000366210938,142.5326123028861,114.5999984741211,116.37073941015483,256.7479931048278,15.406048858995538,242.3333282470703,64547800,45719700,38238000,19658800,467972000,101854200
2022-07-11,142.14993286132812,111.75,114.80903625488281,256.47650146484375,15.128479957580566,234.3433380126953,143.88670373849325,114.30000305175781,117.11312990957636,258.4351408209991,15.502897844600374,253.06333923339844,141.08040216848238,110.87000274658203,114.4656302547842,254.2172499828831,15.014656599989385,233.6266632080078,142.93491514840724,114.08000183105469,117.11312990957636,257.5818628153171,15.50189899317143,252.10333251953125,63141600,53487600,31196000,19455200,437321000,99241200
2022-07-12,143.12132263183594,109.22000122070312,113.16545867919922,245.9657440185547,15.058588027954102,233.07000732421875,145.66268901013973,113.2300033569336,116.09680918580032,257.8630939289556,15.40704625326835,239.77333068847656,142.32653364630602,108.33999633789062,112.83743934520429,244.38524428800383,14.853906325120404,228.3699951171875,143.02319425019243,112.16000366210938,115.34349827319495,257.8049185662981,15.244299171117744,236.84666442871094,77588800,54280300,29960000,35868500,458483000,87930900
2022-07-13,142.75828552246094,110.4000015258789,110.5184555053711,245.0445556640625,15.140460014343262,237.0399932861328,143.700252180436,111.77999877929688,113.3396382596684,245.84934922574635,15.351132914368169,242.05999755859375,139.4515504526769,106.01000213623047,110.36759493610163,240.5745669583086,14.442545687722442,225.03334045410156,140.30522551606126,107.02999877929688,110.86334564985317,242.59139634264417,14.567351646375842,225.5,71185600,61353800,43722000,29497400,521918000,97954500
2022-07-14,145.6823272705078,110.62999725341797,109.53985595703125,246.36326599121094,15.348137855529785,238.31333923339844,146.15331059436355,111.18000030517578,110.25991744168836,247.39107006314066,15.448980906104412,238.65333557128906,140.56033683517074,107.58000183105469,107.56031347226879,238.47048883303972,14.705137480469018,229.3333282470703,141.37475454509644,110.23999786376953,109.3840355997886,242.95987452362783,15.084547722465837,234.89666748046875,78140700,51163100,37004000,25102800,456235000,78557400
2022-07-15,147.3504180908203,113.55000305175781,110.93927001953125,248.923095703125,15.737534523010254,240.06666564941406,148.02746510063992,115.58999633789062,112.29205534108347,252.46223474835,15.757502984142945,243.6233367919922,145.4174054581408,111.58999633789062,110.06835559507293,247.03232258587656,15.421026177578668,236.88999938964844,146.96774129904725,112.5,111.16060487695782,247.95346694603754,15.634694710520902,240.0,76259900,84317800,46770000,29774100,385935000,69683100
2022-07-18,144.30862426757812,113.76000213623047,108.2123794555664,246.52813720703125,16.076007843017578,240.54666137695312,148.7241323716371,117.23999786376953,112.82751047657966,252.91798783193323,16.870771818679195,250.51666259765625,143.9455611978647,113.1500015258789,107.55733275345759,245.60699275077752,15.977162485969991,239.60333251953125,147.90971463576915,115.0,111.79530855999529,251.86109592734067,16.276696063894367,244.93666076660156,81420900,59115400,43164600,20975000,670517000,82537500
2022-07-19,148.16482543945312,118.20999908447266,112.95652770996094,251.64772033691406,16.965621948242188,245.52999877929688,148.39050276940443,118.94999694824219,113.16495199528867,251.83195214619707,17.08343879377703,247.13999938964844,144.1516228338136,114.02999877929688,108.73839878398343,245.97538686166658,16.14689523300348,236.97666931152344,145.1426536934173,115.69999694824219,110.01872588429481,249.75693264825895,16.460406952090203,245.0,82982400,60990000,36530900,25012600,702366000,80890200
2022-07-20,150.16653442382812,122.7699966430664,113.04586029052734,254.3045196533203,17.77935791015625,247.5,150.83377461851506,123.4800033569336,114.5346117230483,256.8255603020686,17.90516367987839,250.663330078125,147.5466677906739,118.31999969482422,111.63651075173104,251.04658128193176,16.774920881624166,243.48333740234375,148.28258588894056,118.62000274658203,112.32133126160736,252.00650426801573,16.920694158582595,246.78334045410156,64823400,71268300,35600400,22788300,760538000,88864200
2022-07-21,152.4331817626953,124.62999725341797,113.48255920410156,256.7964782714844,18.021984100341797,271.7066650390625,152.6490522792443,124.8499984741211,113.69099107486413,256.8449774641106,18.115838067216817,273.26666259765625,149.08720372847873,121.26000213623047,110.27678525693223,249.2236799929457,17.517768741299832,254.86666870117188,151.59913522400217,123.19999694824219,113.42301156798746,251.89986485024778,17.857241184682085,255.10667419433594,65086600,60239900,32676200,22404700,557049000,142032300
2022-07-22,151.19683837890625,122.41999816894531,107.09085845947266,252.4525146484375,17.2921142578125,272.24334716796875,153.34572184345396,125.5,111.49755771109314,257.27157048099224,17.939107115384,280.78668212890625,150.5296130875675,121.3499984741211,105.70135555742696,251.2017149281793,17.11039568213851,270.71331787109375,152.47243287549966,125.01000213623047,110.16761001759993,257.18430744869886,17.86522258702626,276.2200012207031,66675400,51463800,48901200,21881300,536671000,103472700
2022-07-25,150.0782470703125,121.13999938964844,106.70377349853516,250.96897888183594,16.997575759887695,268.4333190917969,152.1290021734992,123.63999938964844,109.04607621995325,253.55790048413337,17.09742092220505,274.14666748046875,149.4208286149878,120.02999877929688,105.50284832248128,249.0103395957646,16.623157829488665,267.3999938964844,151.11834238686484,122.69999694824219,107.59702581978459,253.0730861428635,16.992582454358388,272.2166748046875,53623900,50221300,34690900,21056000,480748000,64073400
2022-07-26,148.7535400390625,114.80999755859375,104.23245239257812,244.24948120117188,16.507335662841797,258.8599853515625,150.21555397747602,118.1500015258789,106.39610489008601,251.98712943704783,16.89273612928647,267.30999755859375,147.96855797310025,114.52999877929688,103.28957946507946,241.9902591873935,16.45242073831852,256.2633361816406,149.40113639411533,115.79000091552734,105.80060580049833,251.9677179235894,16.86278201471348,266.5133361816406,55138700,67075100,47991000,39348000,397865000,66820800
2022-07-27,153.8461151123047,120.97000122070312,112.212158203125,260.5780029296875,17.762386322021484,274.82000732421875,154.37598449377768,121.9000015258789,113.05579009257278,261.84821413779025,17.908159601580824,275.9266662597656,149.3030578563077,117.16000366210938,107.20003280514234,250.9883906372331,16.886746840994853,261.7900085449219,149.71517016840275,117.30999755859375,108.44065902823431,253.22823052881697,17.005561604819313,263.80999755859375,78620700,61582000,59858500,45994000,569776000,88110000
2022-07-28,154.39561462402344,122.27999877929688,113.36345672607422,268.0151062011719,17.956083297729492,280.8999938964844,154.68016301876492,122.83999633789062,113.4825519907323,269.40166831465785,18.11184128131467,283.29998779296875,151.51081343985047,118.08000183105469,110.62415205622167,259.7344677770861,17.412929010303365,272.79998779296875,154.0325515340952,121.56999969482422,111.5273315315114,261.5573746966984,17.947098395523145,280.0666809082031,81378700,82245500,32816600,33459300,474646000,84723000
2022-07-29,159.4586944580078,134.9499969482422,115.44770812988281,272.21356201171875,18.134809494018555,297.1499938964844,160.55767543376024,137.64999389648438,115.83478288766385,273.43530368872024,18.21568315008048,298.32000732421875,156.50521583755506,132.41000366210938,112.21215297072065,268.2284021083121,17.664539858114644,279.1000061035156,158.21255085489784,134.89999389648438,112.23200722978598,269.2659119581238,17.785352344678618,280.70001220703125,101786900,148892900,37223400,32152800,435460000,95313000
2022-08-01,158.47747802734375,135.38999938964844,113.9986572265625,269.5664978027344,18.412372589111328,297.27667236328125,160.51842568191043,138.8300018310547,115.84470955891426,272.7371731572371,18.816744561755613,311.8766784667969,157.8691239569894,133.50999450683594,113.48255250344202,267.4623903988592,17.962072498125625,295.0,157.9868660422736,134.9600067138672,114.4353600580981,269.3822659732868,18.153773877924205,301.27667236328125,67829400,76846900,26034300,21539600,476469000,117042900
2022-08-02,157.0056610107422,134.16000366210938,114.26664733886719,266.4733581542969,18.497241973876953,300.586669921875,159.36060780651525,137.44000244140625,115.47749987569318,269.45012527255744,18.90860309946713,307.8333435058594,156.63280603827062,134.08999633789062,112.86722474472963,264.1074618325668,18.06391563779565,292.6666564941406,157.0939825576486,134.72000122070312,113.14512383734234,267.6175128829661,18.093869755691863,294.0033264160156,59907000,61922400,20236000,22754200,489527000,95577600
2022-08-03,163.01075744628906,139.52000427246094,117.19451141357422,273.8910217285156,18.863672256469727,307.39666748046875,163.4621121282082,140.49000549316406,117.73046282343833,274.8897381119249,18.938556596561604,309.54998779296875,157.73176722636683,136.0500030517578,114.61401051481387,268.20898212498906,18.108845268842018,301.1499938964844,157.82007379818262,136.2100067138672,114.84228148786751,268.3544501034442,18.15577319490234,305.0,82507500,71827800,28499000,23518900,418146000,80091000
2022-08-04,162.69677734375,142.57000732421875,117.30369567871094,275.0351867675781,19.18517303466797,308.6333312988281,164.05087149041262,143.55999755859375,117.88926763439125,275.18062516074315,19.24408146520657,313.6066589355469,161.3426831970874,139.5500030517578,116.01344134911656,271.6608976832657,18.73087939960465,305.0,162.8930191834261,140.5800018310547,116.59902087697859,273.2413676766203,18.819741947233144,311.0,55474100,70585000,21602900,18098700,409652000,72256200
2022-08-05,162.47079467773438,140.8000030517578,116.58908081054688,274.31768798828125,18.95952033996582,288.1700134277344,162.96208826310027,142.86000061035156,117.22428077464862,275.03520383289623,19.199147517032394,304.6066589355469,160.16170882927858,139.60000610351562,115.1301032900635,270.2161475022105,18.637021835643775,285.5433349609375,160.368058732092,140.10000610351562,115.35838182662235,270.67187422288504,18.78079738012871,302.6700134277344,56697000,50686900,19159500,16774600,386068000,113172900
2022-08-08,161.9991455078125,139.41000366210938,116.42035675048828,271.80633544921875,17.765382766723633,290.42333984375,164.88795425048374,144.22999572753906,119.24898275614252,277.23626231037696,18.210691581679537,305.20001220703125,161.34081388850365,138.2899932861328,116.00350062424911,270.83670670939483,17.215239283630606,289.086669921875,163.47302629545368,142.0500030517578,117.50217907966554,275.4230317107007,17.47483596635167,295.0,60276900,52229000,19138300,18739200,981859000,98994000
2022-08-09,162.0482635498047,137.8300018310547,115.75537872314453,273.7261962890625,17.059478759765625,283.3333435058594,162.9326009401167,138.9499969482422,116.44020677601095,274.4825055635908,17.41991845975433,292.39666748046875,160.40734488370262,136.2100067138672,114.84227970077666,269.1786348849365,16.698041160487055,279.35333251953125,161.16394115258205,138.0500030517578,116.26155630883628,271.1470097408237,17.22522145250511,290.2933349609375,63135500,40434700,19086500,23405200,668263000,86244600
2022-08-10,166.2930450439453,142.69000244140625,118.80236053466797,280.3777770996094,18.06890869140625,294.3566589355469,166.39129475740782,144.60000610351562,120.01321290367328,281.0080296985738,18.089876002325298,297.510009765625,163.99377985120265,141.00999450683594,117.5220409743198,278.2252006729384,17.290118776438867,283.3699951171875,164.76019658442047,142.89999389648438,117.88926147915558,279.4178543656592,17.67052787955639,297.0666809082031,70170500,54773800,30930400,24687800,597422000,94918800
2022-08-11,165.55609130859375,140.63999938964844,117.94881439208984,278.3028564453125,17.91414451599121,286.6300048828125,168.0125588424397,144.49000549316406,120.57894353839131,282.3656036148159,18.67795814995378,298.2366638183594,165.26131220591463,139.75999450683594,117.67091532555504,277.80836586315127,17.848246996098702,285.8333435058594,167.09874512344325,143.86000061035156,120.37051923849022,282.0165514391727,18.10285217554872,296.5133361816406,57149200,44867300,24293700,20065900,509327000,70155000
2022-08-12,169.10321044921875,143.5500030517578,120.76750946044922,283.0443420410156,18.679954528808594,300.0299987792969,169.17198373539173,143.57000732421875,120.76750946044922,283.0443420410156,18.688941333595494,300.1600036621094,166.45021384103478,140.1199951171875,118.56415625736685,278.2252857983071,17.925127675885207,285.0333251953125,166.8629135304174,142.0500030517578,119.35816000390892,279.71852241187486,18.131807046496085,289.4166564941406,68039400,47643500,19096300,22619700,478094000,79657200
2022-08-15,170.17425537109375,143.17999267578125,121.1645278930664,284.5569152832031,19.002456665039062,309.32000732421875,170.37076978453467,143.75999450683594,121.38287933181624,285.2453433252316,19.134251734089823,313.1333312988281,168.36629877849532,141.49000549316406,119.70555016340342,281.2989476986178,18.584108348581022,301.2300109863281,168.53333677957454,142.8000030517578,120.22164736866324,282.16193138302435,18.67197109315223,301.78668212890625,54091700,39014600,19494800,18085700,457666000,89359200
2022-08-16,170.01702880859375,144.77999877929688,120.78736114501953,283.820068359375,18.84969139099121,306.5633239746094,170.6851957704937,146.57000732421875,121.511890161635,285.10969137320546,19.11228358951399,314.6666564941406,168.6708894053126,142.0,119.73531257366949,281.59963947332545,18.47227795040579,302.8833312988281,169.77138205657383,143.91000366210938,120.60871067326374,283.12193436448484,18.89062810701759,311.6666564941406,56377100,59102900,19041200,18102900,451240000,88136400
2022-08-17,171.5105438232422,142.10000610351562,118.65348815917969,283.0718688964844,18.306541442871094,303.9966735839844,173.0826738438294,143.3800048828125,120.3804376418693,285.0443923547638,18.658994193572546,309.65667724609375,169.56502598846322,140.77999877929688,118.48475724771684,281.2742419844088,18.11683771188579,300.0333251953125,169.76154036690085,142.69000244140625,119.21921338138048,281.5365868037145,18.494251279360228,303.39666748046875,79542000,48149800,22847000,18253400,446799000,68766000
2022-08-18,171.11753845214844,142.3000030517578,119.26883697509766,281.9543762207031,18.74386215209961,302.8699951171875,171.8544787813878,142.77000427246094,119.91396410503756,283.64510179006146,18.835718409468257,306.5,170.1054749327735,140.3800048828125,117.82971363092356,280.89521149700556,18.15477776988283,301.85333251953125,170.72450960712317,141.32000732421875,118.53438839458119,281.9737992817374,18.272594646326187,306.0,62290100,37458700,17987700,17186200,415447000,47500500
2022-08-19,168.53335571289062,138.22999572753906,116.33103942871094,278.0481872558594,17.821292877197266,296.6666564941406,170.71470043124475,141.11000061035156,118.25649376081427,281.06042243303864,18.49125077215721,300.3599853515625,168.3270058100883,137.91000366210938,115.88441701477308,277.4748955705993,17.742415041253963,292.5,170.01705694310306,140.47000122070312,118.16716473471774,280.7203261035374,18.377427421122775,299.0,70346300,47792800,21809500,20570000,441588000,61395300
2022-08-22,164.65211486816406,133.22000122070312,113.38330841064453,269.88604736328125,17.007556915283203,289.913330078125,166.90223255698254,136.32000732421875,114.76288414973949,274.4626845439324,17.530743628369223,292.3999938964844,164.22959465128477,132.85000610351562,112.99623363908157,269.3710544716456,16.93966168585565,286.2966613769531,166.73519456201245,135.72000122070312,114.33610843081347,274.0934387624706,17.462848398941674,291.913330078125,69026800,50461500,21456600,25061100,409593000,55843200
2022-08-23,164.3180389404297,133.6199951171875,113.00615692138672,268.61309814453125,17.154333114624023,296.4533386230469,165.77227866474297,134.99000549316406,114.14753450962371,270.96456356636963,17.437892714146447,298.82666015625,163.74813661491604,132.9499969482422,112.57938121699137,267.60253558165664,16.94366016604736,287.92333984375,164.17065687050786,133.41000366210938,112.62900929255083,268.61309814453125,16.962631681651615,291.4533386230469,54147100,36252100,15870400,17527400,369986000,63984900
2022-08-24,164.61279296875,133.8000030517578,112.83743286132812,267.9815673828125,17.195266723632812,297.0966796875,165.18269520734955,135.47000122070312,113.91925523756754,269.38079904214317,17.378981119005086,303.64666748046875,163.35508285359487,132.10000610351562,112.02358240373205,267.3207976827984,16.868774654974345,296.5,164.40645810232692,132.75,112.6488552620206,267.61232157638716,16.98559171254238,297.5633239746094,53841500,38627000,17734600,18137000,522661000,57259800
2022-08-25,167.0692901611328,137.27999877929688,115.77523803710938,270.9548645019531,17.885196685791016,296.07000732421875,167.17737534622174,137.4199981689453,115.84471280114529,271.12003464855854,17.919144309263267,302.9599914550781,165.41855096314578,134.27999877929688,113.2542847000928,266.7474441390709,16.806873069370276,291.6000061035156,165.841056236527,135.25999450683594,113.38330709839337,269.4778816182688,16.817855675931728,302.3599853515625,51218200,37496300,16956800,16583400,770691000,53230000
2022-08-26,160.77084350585938,130.75,109.51255798339844,260.4995422363281,16.23476219177246,288.0899963378906,168.0714710486029,137.8300018310547,114.25671917939691,272.40270697945806,17.89617896439729,302.0,160.71189069818755,130.5,109.36368888940646,260.3926709090645,16.211797175282506,287.4700012207031,167.5998335941439,136.5500030517578,113.85971726032743,271.1783719738918,17.829283522466564,297.42999267578125,78961000,53322700,37245700,27549300,769127000,57163900
2022-08-29,158.56991577148438,129.7899932861328,108.59944915771484,257.7205810546875,15.776472091674805,284.82000732421875,160.0634374134409,131.9499969482422,110.1179743580815,259.82912546263174,16.312638221113218,287.739990234375,157.03708224821386,128.77000427246094,107.98410343176194,256.3796481077176,15.742525425220169,280.70001220703125,158.3439099366534,129.89999389648438,109.16517438083538,258.3230223141001,15.995132957792901,282.8299865722656,73314000,48101600,21191200,20338500,496132000,41864700
2022-08-30,156.14291381835938,128.72999572753906,108.12305450439453,255.5244903564453,15.443990707397461,277.70001220703125,159.7293506019625,132.07000732421875,109.67135354308121,259.4889596293657,16.01410353790401,288.4800109863281,154.97363281420544,126.8499984741211,106.99160404194176,253.27989612081268,15.158434390290923,272.6499938964844,159.3068453614504,131.25,109.34382641653404,259.11974353789395,15.935226643010983,287.8699951171875,77906200,49203000,27513300,22767100,530181000,50541800
2022-08-31,154.48236083984375,126.7699966430664,107.408447265625,254.0670166015625,15.070568084716797,275.6099853515625,157.78385443277264,130.58999633789062,110.01872187397939,259.5473161966127,15.515875817701323,281.25,154.40375206464415,126.73999786376953,107.31911824820861,253.9309661795525,14.935777428871644,271.80999755859375,157.51855169061037,129.4499969482422,109.82022472533541,257.87604292187785,15.360117853461658,280.6199951171875,87991100,53648700,28627000,24791800,573710000,52107300
2022-09-01,155.20948791503906,127.81999969482422,108.91706085205078,253.0272674560547,13.915366172790527,277.1600036621094,155.66146965189284,128.02000427246094,109.62173567430116,253.50341421016233,14.357678353574007,277.5799865722656,151.9767674808192,123.66000366210938,106.5549111279362,248.17855922552292,13.249401725179203,266.1499938964844,153.9124655541372,126.0,107.46801025771005,251.54058765801105,14.186943313242518,272.5799865722656,74229900,56636100,28360900,23263400,1178865000,54287000
2022-09-02,153.0968780517578,127.51000213623047,107.0412368774414,248.81011962890625,13.62581729888916,270.2099914550781,157.56765189981036,131.3800048828125,109.90956431016964,257.24435393582866,14.149003156104582,282.3500061035156,152.2715085702032,126.38999938964844,106.45566489177163,247.26514117537187,13.569903514231424,269.0799865722656,156.9682732301626,129.5,109.76068763802547,254.29044741444957,14.07811421619894,281.07000732421875,76957800,57429800,24160700,22855400,743157000,50890100
2022-09-06,151.83914184570312,126.11000061035156,106.00902557373047,246.07969665527344,13.444097518920898,274.4200134277344,154.35456173500972,128.6199951171875,107.21987796172488,250.53000941495102,13.75761020490667,275.989990234375,151.01377250572787,124.73999786376953,104.98675079205103,244.80678924426493,13.330274168921454,265.739990234375,153.7453626973735,127.91999816894531,106.49535649820784,248.94618474623337,13.709684383392407,272.67999267578125,73714800,43888600,25068300,21328200,535751000,55860000
2022-09-07,153.24429321289062,129.47999572753906,108.62921905517578,250.78265380859375,13.69678020477295,283.70001220703125,153.9419216691413,129.82000732421875,109.15525088592688,251.5016925834483,13.820625056780996,283.8399963378906,150.93520749298594,125.4000015258789,106.09834633659005,246.05054362667008,13.329242241678006,272.2699890136719,152.1241445003408,126.12000274658203,106.25714254097879,247.4886360031437,13.545969780215222,273.1000061035156,87449600,47900300,23167000,24126700,512657000,50028900
2022-09-08,151.77040100097656,129.82000732421875,107.56724548339844,251.20046997070312,13.972433090209961,289.260009765625,153.6373103822705,130.27999877929688,108.77809780045992,253.056395384433,13.990411090298151,289.5,150.02138227376568,127.0999984741211,106.35640073851793,247.5760822267559,13.352213517895981,279.760009765625,151.94725947173376,127.72000122070312,107.22979880995165,250.21908643151144,13.442099708429629,281.29998779296875,84923800,43988500,24238300,20319900,624873000,53713100
2022-09-09,154.6297149658203,133.27000427246094,109.82022857666016,256.97235107421875,14.368935585021973,299.67999267578125,155.07189112050955,133.69000244140625,110.15767525562512,257.72056908719554,14.455826240046429,299.8500061035156,152.0553417641127,130.75999450683594,108.20244722697193,252.92043264804659,14.108263619948604,291.25,152.76280561990976,130.91000366210938,108.25207530196377,253.1244786272513,14.139223880637113,291.6700134277344,68028800,49387600,23197700,22084700,486612000,54338100
2022-09-12,160.58416748046875,136.4499969482422,110.02864837646484,259.1002502441406,14.486787796020508,304.4200134277344,161.39971639450192,136.49000549316406,110.78295116694179,259.87761738911445,14.528734878407432,305.489990234375,156.52609383916058,134.0,109.10562225338329,257.6524465635684,14.18017310182383,300.3999938964844,156.81103743896202,134.10000610351562,110.15767076513058,258.2548875674703,14.350958876155167,300.7200012207031,104956000,53826900,22966800,18747700,484159000,48674600
2022-09-13,151.1611785888672,126.81999969482422,103.53770446777344,244.85537719726562,13.114511489868164,292.1300048828125,157.7445084078153,131.39999389648438,107.48786179672693,253.02725242179903,13.904518628297684,297.3999938964844,150.6993615052029,126.2699966430664,103.30942590501988,244.46669355719365,13.082552082468736,290.3999938964844,157.11565333541313,131.00999450683594,106.99161129456695,251.51142329243044,13.784669421834586,292.8999938964844,122656600,72694000,38172900,33353300,714956000,68229600
2022-09-14,152.60557556152344,128.5500030517578,104.21259307861328,245.0789031982422,13.111515998840332,302.6099853515625,154.3644145838136,128.83999633789062,104.49049211527398,247.03198878537128,13.273312285293565,306.0,150.93518075875835,126.33000183105469,102.88264552539968,242.78572122086985,12.896785812619402,291.6400146484375,152.0946261536245,127.36000061035156,103.78581739454697,246.35181083165224,13.23735723747835,292.239990234375,87965400,45316800,26395100,23913000,588507000,72628700
2022-09-15,149.71678161621094,126.27999877929688,102.13827514648438,238.4325408935547,12.912766456604004,303.75,152.5368165999088,130.3699951171875,104.48057039335076,244.28208546979903,13.216384660038566,309.1199951171875,148.74403004784534,125.5,101.5824694722177,237.11104609083932,12.77394104372565,300.7200012207031,151.9570788549336,127.37999725341797,103.2498713506553,242.69824587426376,12.99865891833725,301.8299865722656,90481100,52887200,34188300,31530900,523625000,64795500
2022-09-16,148.07586669921875,123.52999877929688,102.02910614013672,237.81065368652344,13.181427955627441,303.3500061035156,148.71455728301882,123.87000274658203,102.35662571627779,238.3547959701018,13.195410315643226,303.7099914550781,145.78643705402317,120.69999694824219,100.18305366873035,235.2065251235573,12.601157157541842,295.6000061035156,148.57699569456918,122.77999877929688,101.30457707616641,237.34423330622892,12.726000201955259,299.6099853515625,162278800,115667800,42797200,39791800,670751000,87087800
2022-09-19,151.7900390625,124.66000366210938,102.29708099365234,237.59686279296875,13.365198135375977,309.07000732421875,151.8686478234834,124.70999908447266,102.55513338200242,238.19930387024996,13.446096763090381,309.8399963378906,146.50373107588743,121.80000305175781,100.78848275782978,234.03077398157757,12.99366546083005,297.79998779296875,146.71006595451675,122.16000366210938,100.98697993521787,235.60490186828736,12.995662804943986,300.0899963378906,81474200,47279700,23036800,26826900,569685000,60231200
2022-09-20,154.16793823242188,122.19000244140625,100.38154602050781,235.58547973632812,13.159456253051758,308.7300109863281,155.32739901921212,124.4000015258789,101.60232552737466,236.6154654509246,13.4660709531129,313.3299865722656,150.41446261928672,121.13999938964844,99.76619270219214,232.85504199150714,13.040606184015623,305.5799865722656,150.7288827524741,123.3499984741211,101.31449934165514,235.21624880625103,13.198407796353832,306.9100036621094,107689800,47698400,26517100,26660300,524818000,61642800
2022-09-21,151.0432891845703,118.54000091552734,98.53548431396484,232.1845703125,13.24435043334961,300.79998779296875,155.97588059110078,123.76000213623047,102.10848590077619,240.64796931692138,14.013384151989733,313.79998779296875,150.92538353116046,118.44999694824219,98.52555718513969,232.13598300454865,13.0935399916861,300.6300048828125,154.60024966459952,122.48999786376953,100.90756076707413,237.35395148181902,13.196411314775915,308.2900085449219,101696800,58498900,31487300,28625600,807679000,62555700
2022-09-22,150.08030700683594,117.30999755859375,99.38904571533203,234.1571044921875,12.545228004455566,288.5899963378906,151.78017790229165,118.79000091552734,100.48079525894666,236.9555675025579,13.132489995982901,301.2900085449219,148.2821714382206,116.26000213623047,98.0491709312513,230.8436634388637,12.412395581267017,285.82000732421875,149.72657517377908,117.08000183105469,98.07894474855821,231.1351576468061,13.053588717680212,299.8599853515625,86652500,55229200,34298600,31061200,759162000,70545400
2022-09-23,147.81056213378906,113.77999877929688,97.99954223632812,231.18373107910156,12.500284194946289,275.3299865722656,148.8324610577634,116.05000305175781,98.9126488703435,234.30285235773331,12.595165175770894,284.5,145.97312915554878,112.05999755859375,96.73906935446827,228.54074168946926,12.241609581149898,272.82000732421875,148.55733788432917,116.0,98.88286748104298,232.75785901455737,12.40440501838907,283.0899963378906,96029900,65126700,31625400,34176000,663309000,63748400
2022-09-26,148.14463806152344,115.1500015258789,97.43382263183594,230.72705078125,12.212646484375,276.010009765625,151.09239889982268,117.33999633789062,99.1309984554555,234.61379837015886,12.643106039060946,284.0899963378906,147.0343100146429,113.12999725341797,97.06660210321118,230.19262002242195,12.198664123420288,270.30999755859375,147.05396595162924,113.30000305175781,97.3643478638111,230.33838195306527,12.475316755127498,271.8299865722656,93339400,62723300,27072700,27694200,547343000,58076900
2022-09-27,149.11741638183594,114.41000366210938,96.76883697509766,229.7165069580078,12.397414207458496,282.94000244140625,152.02588086273627,118.31999969482422,99.25008920522836,234.95389883278438,12.720008599389836,288.6700134277344,147.33893608818533,113.05000305175781,96.14356413908983,227.86058139335248,12.24260909385547,277.510009765625,150.08036255735442,117.19999694824219,98.6843639996458,233.18542153198845,12.491296042868766,283.8399963378906,84442700,60094700,30072800,27018700,553854000,61925200
2022-09-28,147.2308349609375,118.01000213623047,99.29972076416016,234.24456787109375,12.72000789642334,287.80999755859375,148.01690757279204,118.69999694824219,99.94484030889338,235.46888802626256,12.80689854678782,289.0,142.31789987820665,113.80000305175781,96.38176561600726,228.0840616627681,12.338487591385359,277.57000732421875,145.06914652315353,114.37999725341797,96.91771702518929,230.10517219200622,12.39441703024492,283.0799865722656,146691400,55763800,32466300,29029700,542414000,54664800
2022-09-29,139.9989776611328,114.80000305175781,96.68943786621094,230.77565002441406,12.204655647277832,268.2099914550781,144.16515152497595,116.06999969482422,97.90029020087542,233.15628008036532,12.48430378537677,283.6499938964844,138.2303182381293,113.05999755859375,95.24038743081641,227.77314091515188,11.930999540666457,265.7799987792969,143.55595244325275,115.5999984741211,97.90029020087542,232.1262942883284,12.432369035910718,282.760009765625,128138200,58969700,31047200,27484200,532763000,77620600
2022-09-30,135.7935333251953,113.0,94.9327163696289,226.30587768554688,12.123757362365723,265.25,140.60821907927374,116.91999816894531,98.15834442273268,233.72956515957875,12.617137495774331,275.57000732421875,135.59701890511008,112.83999633789062,94.84338734754718,226.14069268839654,12.05983759570121,262.4700012207031,138.8199033723931,114.08000183105469,96.32221919924832,231.54326959007867,12.071822611480606,266.1499938964844,124925300,59479600,32941500,35694800,565638000,67726600
2022-10-03,139.96951293945312,115.87999725341797,97.90028381347656,233.9238739013672,12.49629020690918,242.39999389648438,140.57872706512543,116.91000366210938,98.54541088420336,234.7692366306355,12.662082145584952,255.16000366210938,135.2924042908768,112.44999694824219,95.79617927312808,228.01601667284308,12.089800688912364,241.00999450683594,135.80335372086685,113.58000183105469,96.03438493049775,228.74478173649183,12.331497416498822,254.5,114311700,50941900,27982000,28880400,547478000,98363500
2022-10-04,143.55596923828125,121.08999633789062,100.87779235839844,241.83343505859375,13.150467872619629,249.44000244140625,143.67387488258018,123.0,101.07628951245434,243.27152748723756,13.203401777565151,257.5,141.7479977315321,119.79000091552734,99.62723908573932,238.04384733649516,12.862829366915662,242.00999450683594,142.504593932989,119.88999938964844,99.68679428970093,238.15073348619765,12.862829366915662,250.52000427246094,87830100,62812600,28850800,34888400,584182000,109578500
2022-10-05,143.85076904296875,120.94999694824219,100.66936492919922,242.1443634033203,13.192414283752441,240.80999755859375,144.81371535397435,121.75,101.16561537101285,243.4852960194291,13.304274120258059,246.6699981689453,140.51979882721227,117.69000244140625,98.05909033124465,237.18876929584698,12.605153237647787,233.27000427246094,141.56135391828514,118.58000183105469,99.08136502983179,239.02525687467363,12.894789072692479,245.00999450683594,79471000,48217500,22176900,20347100,507131000,86982700
2022-10-06,142.8976287841797,120.30000305175781,100.6594467163086,239.80262756347656,13.113513946533203,238.1300048828125,144.97088807825529,121.52999877929688,102.15812530354549,243.25211936958422,13.63885351819357,244.5800018310547,142.69129389793306,119.5,99.83566909260647,239.11273809831516,13.086547421310968,235.35000610351562,143.27101666436323,120.7699966430664,99.92499811757948,240.91035014743682,13.203401093971486,239.44000244140625,68402200,42253800,22324000,20239900,644157000,69298400
2022-10-07,137.65060424804688,114.55999755859375,97.93999481201172,227.6079559326172,12.06083869934082,223.07000732421875,140.60820060654387,118.16999816894531,99.77612006938209,234.4875013005094,12.654092790461354,234.57000732421875,137.02174919053795,113.87999725341797,97.56284717405835,226.56824378188696,12.006906595827768,222.02000427246094,140.05793931227225,118.0,99.10121911523618,234.0793797349826,12.489299987372316,233.94000244140625,85925600,54678000,27502800,37769600,672478000,83916800
2022-10-10,137.97488403320312,113.66999816894531,97.12615203857422,222.75924682617188,11.655346870422363,222.9600067138672,139.41928832461434,116.25,98.35685120363479,227.91890247197844,12.10877633421103,226.99000549316406,136.15710682488464,112.43000030517578,96.28252767197772,220.31059141185503,11.393675761746923,218.36000061035156,137.97488403320312,115.0999984741211,98.25760261442026,226.45166042593948,12.02188568072584,223.92999267578125,74899000,42339700,18225100,29743600,698699000,67925000
2022-10-11,136.55992126464844,112.20999908447266,96.45124053955078,219.02793884277344,11.571453094482422,216.5,138.88866238055874,115.4800033569336,98.50571715876575,222.5745899538486,11.831125915365966,225.75,135.81316062854552,110.38999938964844,95.5877620057255,217.76474295842993,11.268833090820673,215.0,137.4638994009055,112.70999908447266,96.69936577168872,221.17535850206903,11.546483912922639,220.9499969482422,77033700,56432200,26507100,30474000,667482000,77013200
2022-10-12,135.9310760498047,112.9000015258789,96.8283920288086,219.35830688476562,11.485560417175293,217.24000549316406,137.9159059012539,113.83000183105469,98.00947060399531,221.40856673598395,11.720265004547636,219.3000030517578,135.7542175942047,111.4000015258789,96.01454153781964,217.6189939430992,11.330755304332975,211.50999450683594,136.70732814205923,112.48999786376953,96.5703472290624,219.01821055578878,11.564461695947893,215.3300018310547,70433700,45728700,21876400,21903900,492590000,66860700
2022-10-13,140.5001220703125,112.52999877929688,98.317138671875,227.6079559326172,11.944982528686523,221.72000122070312,141.08966528093347,113.44000244140625,99.03174054553159,229.41529424813774,12.062834393103017,222.99000549316406,132.0302118420066,105.3499984741211,93.67223406528825,212.92576556200996,10.79942244062999,206.22000122070312,132.63942598399592,107.87999725341797,94.43646401379698,213.62538135038992,10.957224041163421,208.3000030517578,113224000,86868100,34574500,42551800,850103000,91483000
2022-10-14,135.97039794921875,106.9000015258789,95.83589172363281,222.08877563476562,11.21290397644043,204.99000549316406,142.00348171103434,114.95999908447266,99.93492559661024,230.52302640165487,12.095793879242922,226.25999450683594,135.78370401470698,106.5999984741211,95.64732168746481,221.87500331123564,11.189933090714273,204.16000366210938,141.79713183786654,114.0999984741211,99.24017037079604,228.87114666042004,12.041861778962122,224.00999450683594,88598000,67737300,25410700,30198600,713432000,94124500
2022-10-17,139.9302215576172,113.79000091552734,99.22032165527344,230.80479431152344,11.873072624206543,219.35000610351562,140.41167960335844,114.19000244140625,100.17312166314639,232.19431432541026,11.932997705589505,221.86000061035156,137.82748592791265,110.08999633789062,98.08887117266298,228.4824631518074,11.502539125284484,209.4499969482422,138.61355854500806,110.11000061035156,98.11864498975567,229.1432179713051,11.503537321029368,210.0399932861328,85250900,62782000,28419200,28142300,580774000,79428800
2022-10-18,141.2468719482422,116.36000061035156,100.01432037353516,231.747314453125,11.951974868774414,220.19000244140625,144.14550040873658,119.5199966430664,102.69407756152302,237.02356694835538,12.47631532526222,229.82000732421875,138.1615495711484,114.79000091552734,99.22032413323551,228.7059298585046,11.603413077767147,217.25,142.95657861316172,119.05999755859375,102.35662329095497,236.3531154742312,12.328501382530158,229.5,99136600,65607400,24060700,26329600,659362000,75891900
2022-10-19,141.35494995117188,115.06999969482422,98.88287353515625,229.78451538085938,12.035867691040039,222.0399932861328,142.42596605805213,116.58999633789062,100.26244934213878,232.82590014122383,12.334492988016361,222.92999267578125,139.03604430161235,113.22000122070312,98.17819872219395,227.65651868442322,11.819140161499208,217.77999877929688,139.22273820875563,114.70999908447266,99.26002876757398,230.32865767594038,11.864083733026597,219.8000030517578,61758300,47198100,23811100,19985700,523131000,66571500
2022-10-20,140.89315795898438,115.25,99.22032165527344,229.4638671875,12.178689956665039,207.27999877929688,143.34962560942563,118.23999786376953,101.55269738443776,234.477775405208,12.75296781971056,215.5500030517578,140.16603813694184,113.51000213623047,98.64466928421018,228.220109078315,12.089801000398303,202.0,140.52960554450746,113.83000183105469,99.25009547236613,229.094636228901,12.097791329296781,208.27999877929688,64522000,48795100,25323200,21811000,652398000,117798100
2022-10-21,144.7056121826172,119.31999969482422,100.37161254882812,235.2648162841797,12.450346946716309,214.44000244140625,145.2755145225026,119.58999633789062,100.55026301239435,236.11990546004,12.482307307631256,214.66000366210938,140.16604940438248,114.5,96.98718844238796,227.86056720320732,11.872074435302578,203.8000030517578,140.38221977444553,114.79000091552734,97.11621083244879,228.09377738574145,12.082808987293975,206.4199981689453,86548600,55660500,32458700,26299700,609494000,75713800
2022-10-24,146.84762573242188,119.81999969482422,101.75119018554688,240.24960327148438,12.583181381225586,211.25,147.6140424012265,120.38999938964844,101.97946872710929,240.82289502521482,12.69404207682602,213.5,143.45770354454174,116.56999969482422,99.23024453211379,234.468068766806,12.048853249537009,198.58999633789062,144.62698448602487,119.9800033569336,101.03659588940504,236.8584104094097,12.492296031938748,205.82000732421875,75981900,49531500,27176400,24911200,517457000,100446800
2022-10-25,149.68731689453125,120.5999984741211,103.69650268554688,243.56301879882812,13.24435043334961,222.4199981689453,149.83471395703802,121.31999969482422,104.03394937421807,243.9322497035884,13.283301979197523,224.35000610351562,146.75921150175503,118.94999694824219,101.94969889168885,238.8697697379953,12.648099847684048,210.0,147.476495894735,119.6500015258789,102.12834936574457,240.2592747562869,12.678062868329203,210.10000610351562,74732300,50934600,40611400,34775500,505482000,96507900
2022-10-26,146.74940490722656,115.66000366210938,94.2181167602539,224.77059936523438,12.879806518554688,224.63999938964844,149.34343452593197,119.3499984741211,97.57276729062485,231.55296912820415,13.371188345254836,230.60000610351562,145.46220307585523,114.76000213623047,93.97991864924414,223.5462644989959,12.692042862759553,218.1999969482422,148.33137090531034,116.0,95.70686820538242,224.62483744809148,12.852840947976517,219.39999389648438,88194300,68802300,88114100,82543200,532953000,85012500
2022-10-27,142.27859497070312,110.95999908447266,91.5284423828125,220.33001708984375,13.159456253051758,225.08999633789062,146.45458955551916,114.12000274658203,94.71436964764622,227.07352693116061,13.820625721091393,233.80999755859375,141.62026350591435,109.7699966430664,91.11159378491239,219.38747955716596,13.105524152883197,222.85000610351562,145.49165853167307,113.91999816894531,93.81119011334766,224.49854760384136,13.612886696752097,229.77000427246094,109180200,129605400,60710900,40424600,583113000,61638800
2022-10-28,153.02809143066406,103.41000366210938,95.56790924072266,229.19174194335938,13.816629409790039,228.52000427246094,154.75743900232175,103.95999908447266,95.82596158594453,229.90108392435704,13.832610066638065,228.86000061035156,145.24600486857483,97.66000366210938,91.4391020058955,219.64978606114724,13.044600239000303,216.35000610351562,145.6193777007102,97.91000366210938,91.57805152128097,219.8344089102627,13.087546468385248,225.39999389648438,164762400,223133400,43697300,40647700,521040000,69152400
2022-10-31,150.66990661621094,102.44000244140625,93.80126953125,225.55770874023438,13.480053901672363,227.5399932861328,151.55424402730603,104.87000274658203,95.30986768573264,228.26870895469804,13.820626323430826,229.85000610351562,149.27463469355658,100.73999786376953,93.27524522456974,224.60544480206738,13.280305197439352,221.94000244140625,150.49304812984573,103.55999755859375,94.70444148350553,227.14154847284752,13.760701235922447,226.19000244140625,97943200,99251400,31675000,28357300,486341000,61554300
2022-11-01,148.02674865722656,96.79000091552734,89.79156494140625,221.7097930908203,13.525996208190918,227.82000732421875,152.7431699919974,104.58000183105469,95.30986797136448,229.0654698713663,13.907516554815446,237.39999389648438,146.5332269791364,96.05999755859375,89.692316357766,220.89357967203034,13.502026173930659,227.27999877929688,152.37961754304112,103.98999786376953,94.7342155851969,227.95774742393274,13.793659368317671,234.0500030517578,80379300,153370000,47161400,30592300,432817000,62688800
2022-11-02,142.50460815429688,92.12000274658203,86.31781005859375,213.8682861328125,13.20240306854248,214.97999572753906,149.5202795588878,97.73999786376953,90.49623820875753,224.7511761173168,14.192159017824103,227.8699951171875,142.47513174028055,92.01000213623047,86.22848103429116,213.80997246609851,13.194413691854113,214.82000732421875,146.35634784769096,97.31999969482422,90.25804009758635,222.96327583397812,13.832611349969781,226.0399932861328,93604600,135761800,57038300,38407000,672628000,63070300
2022-11-03,136.46168518066406,89.30000305175781,82.80435180664062,208.18389892578125,13.404146194458008,215.30999755859375,140.3134243600425,93.5,85.87117600546605,214.16949323044878,13.763694736393855,221.1999969482422,136.33394407491397,89.0199966430664,82.71502278657815,207.9215393357344,12.939730915252117,210.13999938964844,139.58630459413143,92.47000122070312,85.67267885094222,213.85854633457637,13.026621558892815,211.36000061035156,97918500,136683300,61288000,36633900,500065000,56538800
2022-11-04,136.19593811035156,90.9800033569336,85.93073272705078,215.12173461914062,14.138224601745605,207.47000122070312,140.41822196260875,92.44000244140625,85.99028036002329,215.31606900887368,14.211132890719782,223.8000030517578,132.25907054843208,88.04000091552734,83.08225231902676,207.38710136295038,13.67980037633338,203.0800018310547,139.84737436397546,91.48999786376953,84.75958132144375,211.39046095991677,13.968437992700602,222.60000610351562,140814800,129101300,51124900,36789100,612576000,98622200
2022-11-07,136.72740173339844,90.52999877929688,87.8263931274414,221.41830444335938,14.283042907714844,197.0800018310547,136.95376740177366,92.0999984741211,88.23332208756574,221.9430237085704,14.393903593979909,208.89999389648438,133.52869700052665,89.04000091552734,86.19869243130431,215.01489088874334,13.936479441145188,196.66000366210938,134.94597165427223,91.94999694824219,86.62546807554637,215.70479515914553,14.210134614268167,208.64999389648438,83374600,77495700,34078900,33498000,410061000,93916500
2022-11-08,137.2982635498047,89.9800033569336,88.23332977294922,222.38998413085938,14.58366584777832,191.3000030517578,139.19779504119253,91.72000122070312,89.64267920564933,225.09127262477088,14.872302535108739,195.1999969482422,135.31999290082103,88.2300033569336,86.9331484706756,219.44577390313017,14.198149880032776,186.75,138.1939045722533,90.79000091552734,88.23332977294922,222.22479913107526,14.782415387435028,194.02000427246094,89908500,88703400,30429000,28192500,595292000,128803400
2022-11-09,132.74136352539062,86.13999938964844,86.66517639160156,218.1534423828125,13.75870132446289,177.58999633789062,136.36329048249235,89.4800033569336,88.769280979615,222.15680289309407,14.193155508520551,195.88999938964844,132.4657839221066,85.87000274658203,86.62547544780726,217.9785458401814,13.741722473463918,177.1199951171875,136.31407662091405,89.47000122070312,87.78669965811274,220.93246778760866,14.14421629932173,190.77999877929688,74917800,90796200,31769100,27852900,454414000,127062700
2022-11-10,144.5519561767578,96.62999725341797,93.23554992675781,236.10047912597656,15.730223655700684,190.72000122070312,144.5519561767578,98.69000244140625,93.68217236495597,236.44057547213717,15.753194539745545,191.0,137.2982811810409,91.6500015258789,90.92302069104444,228.34642180511014,14.528734123134546,180.02999877929688,139.0108242882595,92.94000244140625,91.5582207495486,228.764240055821,14.78141670505855,189.89999389648438,118854000,173414900,51620100,46268000,700819000,132703000
2022-11-11,147.3372802734375,100.79000091552734,95.68701171875,240.11354064941406,16.306503295898438,195.97000122070312,147.64238513720315,101.19000244140625,96.20310883511553,240.9686298310699,16.368425737488906,196.52000427246094,142.0914019190675,96.66000366210938,93.21567912095048,235.0801950029828,15.462564766373632,182.58999633789062,143.5185285677149,97.87999725341797,93.97990902494139,236.1101955294159,15.787156581766027,186.0,93979700,111590500,33090500,34620200,655487000,114403600
2022-11-14,145.939697265625,98.48999786376953,94.9823226928711,234.71096801757812,16.2745418548584,190.9499969482422,147.90813128864986,100.12000274658203,96.0641524928572,237.0041496395175,16.519235097810885,195.72999572753906,145.10310679865555,97.29000091552734,93.80125190037704,232.43722428466577,15.902010008121769,186.33999633789062,146.61880940644215,98.7699966430664,94.3768966044398,235.13851261558185,16.19763886291601,192.77000427246094,73374100,99533100,30179500,31123300,527852000,92226600
2022-11-15,147.67190551757812,98.94000244140625,97.70178985595703,235.1190948486328,16.64507484436035,194.4199981689453,151.16587871608763,103.79000091552734,99.38903833699794,240.00667907027895,16.976656817848582,200.82000732421875,146.21526862726066,97.33999633789062,95.98475998763868,233.2340197743407,16.361431033277864,192.05999755859375,149.81750629168315,103.20999908447266,97.52313939319663,238.7046221025726,16.70100428796189,195.8800048828125,89868300,111336300,41640800,31390100,545876000,91293800
2022-11-16,146.44166564941406,97.12000274658203,98.10871887207031,235.5478057861328,15.890023231506348,186.9199981689453,147.5046219917799,98.48999786376953,98.89279554305216,237.56487314144158,16.341455364463524,192.57000732421875,144.96533989912186,95.54000091552734,96.90779361312791,234.27131111867024,15.853069985925872,185.66000366210938,146.7763108997982,96.8499984741211,97.16584598422887,236.58069414702467,16.14170762768842,191.50999450683594,64218300,87958800,29105200,24093300,649547000,66567600
2022-11-17,148.34120178222656,94.8499984741211,97.62239837646484,235.49908447265625,15.657316207885742,183.1699981689453,149.08920136807347,96.97000122070312,98.5354974736292,237.02893923380267,16.245577368149426,186.16000366210938,143.84332244877638,94.02999877929688,96.06417211875853,231.5526741520921,15.51549430312848,180.89999389648438,144.1189020339811,95.37000274658203,96.24282260056737,231.6988319904281,15.695268602256101,183.9600067138672,80389400,82617900,26052600,23123500,710894000,64336000
2022-11-18,148.90220642089844,94.13999938964844,96.6993637084961,235.05084228515625,15.389654159545898,180.19000244140625,150.28995621048665,95.98999786376953,98.15834125388724,237.50639789334227,15.981910050388137,185.19000244140625,147.6030475887024,92.4800033569336,95.64731516977584,232.91684876946883,15.101016492966707,176.5500030517578,149.90611212166033,95.94999694824219,98.02931128973258,237.28226939737314,15.945954045011389,185.0500030517578,74829600,72428200,28342300,27613500,492072000,76048900
2022-11-21,145.6739959716797,92.45999908447266,94.88308715820312,235.85964965820312,15.297767639160156,167.8699951171875,147.99674938134646,95.0199966430664,97.66209278418218,238.4126392167858,15.457566583198409,176.77000427246094,145.38857956492498,90.58999633789062,94.64488905580471,235.02164329544348,15.06106476275779,167.5399932861328,147.79007216010163,93.97000122070312,96.56041614884042,235.25549585436693,15.127981023000306,175.85000610351562,58724100,84330300,21647400,26394700,404739000,92882700
2022-11-22,147.80967712402344,93.19999694824219,96.32221984863281,238.76341247558594,16.017860412597656,169.91000366210938,148.04589457097163,93.3499984741211,96.49094319214763,239.03625034999712,16.037835754816946,170.9199981689453,144.6109724091407,90.87000274658203,93.34471701030947,234.5539032214211,15.10301031245184,166.19000244140625,145.7920446259246,92.62000274658203,95.23046275016921,237.36023776801466,15.308751955917504,168.6300048828125,51804100,62192000,23438500,19665700,472866000,78452300
2022-11-23,148.68565368652344,94.12999725341797,97.72164154052734,241.2482147216797,16.498258590698242,183.1999969482422,149.43365312101446,94.58000183105469,98.01939485108537,241.93030944994973,16.506249872107517,183.6199951171875,146.98294764352303,92.83000183105469,96.36191252817821,238.02286939557064,16.02785119143118,172.5,147.09121210280074,93.23999786376953,96.36191252817821,238.8413830694947,16.07778765170836,173.57000732421875,58301400,59414700,18868100,19508500,427241000,109536700
2022-11-25,145.77239990234375,93.41000366210938,96.72913360595703,241.16049194335938,16.249570846557617,182.86000061035156,146.5302512983949,94.43000030517578,97.90028493210765,242.33953807886874,16.466297423181434,185.1999969482422,144.7980195359923,93.06999969482422,96.66958597702451,240.4199192943966,16.151694328082346,180.6300048828125,145.9692403249909,93.79000091552734,97.50328307080257,240.98508768019255,16.297510910083282,185.05999755859375,35195900,35088600,9701400,9200800,167934000,50672700
2022-11-28,141.9438018798828,93.94999694824219,95.32971954345703,235.57704162597656,15.807126998901367,182.9199981689453,144.32560563619245,96.4000015258789,96.84824478966246,240.34198047417644,16.336462207153392,188.5,141.1170630589414,93.43000030517578,94.8930167011355,234.64160171816698,15.7052557881983,179.0,142.84927987681326,93.93000030517578,96.31229336649913,239.78656581676748,16.005876536577063,179.9600067138672,69246000,74943100,26237500,24778200,303741000,92905200
2022-11-29,138.94192504882812,92.41999816894531,94.4761734008789,234.18360900878906,15.619362831115723,180.8300018310547,142.52447466230237,94.41000366210938,95.39919964146274,236.58068666323004,15.911995146685767,186.3800048828125,138.13487484288268,91.44000244140625,93.40427049461734,232.11783235235237,15.500512771594675,178.75,142.01267756953146,94.04000091552734,95.01212485400968,235.22623623628454,15.807126494631538,184.99000549316406,83763800,65567300,20061700,17956300,298384000,83357100
2022-11-30,145.6936492919922,96.54000091552734,100.23268127441406,248.61485290527344,16.90607261657715,194.6999969482422,146.37276146207836,96.54000091552734,100.28230935695298,248.79999607817797,16.91306558413823,194.75999450683594,138.33170993361605,91.52999877929688,93.71194952558646,233.72563656132382,15.581398772907361,180.6300048828125,139.16828541868128,92.47000122070312,94.10895146935107,234.41748501766983,15.681298173391307,182.42999267578125,111380900,102805800,43647500,47594200,565298000,109186400
2022-12-01,145.9691925048828,95.5,100.23268127441406,248.1763916015625,17.117862701416016,194.6999969482422,146.77625749668832,97.2300033569336,101.48323474700877,249.56981269736582,17.247731843848307,198.9199981689453,144.29602693357575,94.91999816894531,99.49823260036801,244.50280391577542,16.618362775160893,191.8000030517578,145.87077983478045,96.98999786376953,100.26245509506451,247.37735568786078,16.98199904158871,197.0800018310547,71250400,68488000,28687100,26041500,470977000,80046200
2022-12-02,145.47711181640625,94.12999725341797,99.68680572509766,248.49794006347656,16.859121322631836,194.86000061035156,145.66411544857186,95.36000061035156,100.01432530964262,249.51133581657106,16.91606542821989,196.25,143.35119950014382,93.77999877929688,98.1583532325541,243.30425151606138,16.428552620891118,191.11000061035156,143.65631938407483,94.4800033569336,98.30722990126469,243.4309315609044,16.642339295101205,191.77999877929688,65447400,72496400,21480700,21528500,371389000,73645900
2022-12-05,144.31573486328125,91.01000213623047,98.7339859008789,243.80120849609375,16.593387603759766,182.4499969482422,148.53801893223152,94.05999755859375,100.61973142014833,247.32863821310553,16.978002762737614,191.27000427246094,143.4693076933105,90.81999969482422,98.25758217071605,241.7159389367775,16.455525140941326,180.5500030517578,145.43774157529282,93.05000305175781,98.65458401715503,245.56491592032455,16.66231883516899,189.44000244140625,68826400,71535500,24405100,23435300,352255000,93122700
2022-12-06,140.6544647216797,88.25,96.25273132324219,238.85110473632812,15.971012115478516,179.82000732421875,144.97517704731527,91.04000091552734,99.03172903169889,245.41873605992336,16.556425555356533,183.64999389648438,139.68008441838234,87.9000015258789,95.69692572380669,237.5453785123422,15.803179908628083,175.3300018310547,144.74881132681773,90.5,98.55533288610297,244.40534037511836,16.513469290675516,181.22000122070312,64727200,75503600,24910700,22463700,352694000,92150800
2022-12-07,138.71554565429688,88.45999908447266,94.22804260253906,238.1202850341797,16.103879928588867,174.0399932861328,141.10718574311466,89.88999938964844,96.1534892961787,239.8645144954358,16.169813909620327,179.3800048828125,137.7903792762826,87.4800033569336,94.00969118202147,236.0155378698541,15.651331932839504,172.22000122070312,139.9458168978351,88.33999633789062,95.68702021037814,238.56852717524598,15.75622742232806,175.02999877929688,69721100,68086900,31045400,20481500,372388000,84213300
2022-12-08,140.3985595703125,90.3499984741211,93.00726318359375,241.07281494140625,17.15182876586914,173.44000244140625,141.25483863673134,90.86000061035156,94.8632426874311,242.37855615254333,17.161818992856777,175.1999969482422,138.87303512029186,87.87999725341797,92.74921081619499,236.84381267858302,15.943037976538454,169.05999755859375,140.11314322681335,89.23999786376953,94.66473795397769,238.5782885351059,16.2567250065392,172.1999969482422,62128300,73305900,32213300,22611800,515456000,97624500
2022-12-09,139.91632080078125,89.08999633789062,92.13386535644531,239.14341735839844,16.983997344970703,179.0500030517578,143.272505058159,90.30000305175781,93.55314202323372,241.9595054333745,17.565416038789124,182.5,138.676197516891,88.62999725341797,92.05446346281963,237.9156470280844,16.95802427651782,173.36000061035156,140.09347268821548,88.9000015258789,93.0668111039124,238.4418300643482,17.142838730956267,173.83999633789062,76097000,67398500,28225400,20609700,465338000,104872300
2022-12-12,142.2095489501953,90.55000305175781,92.61026000976562,246.0520782470703,17.517465591430664,167.82000732421875,142.2193857157506,90.58000183105469,92.85838524401936,246.08130981077647,17.520462850697957,177.3699951171875,138.83367613735973,87.87000274658203,90.92301144571273,240.84865174771184,16.78020459668349,167.52000427246094,140.44779174822483,89.20999908447266,92.0147609619929,241.12148958800086,17.019964378211757,176.10000610351562,70462700,61999800,29420000,30665100,457328000,109794500
2022-12-13,143.17405700683594,92.48999786376953,94.91285705566406,250.34934997558594,18.053926467895508,160.9499969482422,147.60303377953338,96.25,98.78361202768082,257.1703267708484,18.77120879861469,175.0500030517578,141.9634742273276,90.5199966430664,94.31735803816476,246.59780679077178,17.69328744757466,156.91000366210938,147.1404505596148,95.2300033569336,97.02688879023073,254.9973477435735,18.512467050361487,174.8699951171875,93886200,100212000,40593700,42196900,656589000,175862700
2022-12-14,140.94970703125,91.58000183105469,94.35707092285156,250.64169311523438,17.656326293945312,156.8000030517578,144.34525228867759,93.45999908447266,96.14357577360637,255.87435255775398,18.2337493318541,161.6199951171875,138.93205940879196,89.87000274658203,92.89809322343211,247.80611173983112,17.402580576281,155.30999755859375,143.05593056925082,92.5,94.48609332844649,250.55399840099744,17.969013028546826,159.25,82291200,70298000,28733600,35410900,496888000,140682300
2022-12-15,134.3456268310547,88.44999694824219,90.17863464355469,242.6416015625,16.935049057006836,157.6699981689453,139.5619801804679,89.97000122070312,92.93778600326951,247.69887047650548,17.30268111771984,160.92999267578125,133.88304361781863,87.47000122070312,89.33501037181313,241.01431334412206,16.683302133842908,153.27999877929688,138.88286801559113,89.88999938964844,92.43160841135212,247.23115056709423,17.12885531683767,153.44000244140625,98931900,84802900,40107000,35560400,478542000,122334500
2022-12-16,132.38702392578125,87.86000061035156,89.5831298828125,238.43214416503906,16.55443000793457,150.22999572753906,135.47746472052233,89.3499984741211,90.64510550177309,243.4504288310408,17.02396128021654,160.99000549316406,131.61933586337778,86.7300033569336,88.84867379330282,237.28231450643366,16.393591691050435,150.0399932861328,134.5326248058533,88.2699966430664,90.0793803135825,242.19342665644314,16.84713821460191,159.63999938964844,160156900,146144100,58011800,86102000,478232000,139032200
2022-12-19,130.28079223632812,84.91999816894531,87.77678680419922,234.30055236816406,16.23774528503418,149.8699951171875,133.0661279935264,87.62999725341797,89.88088398070708,238.93882615281237,16.592389818438555,155.25,129.24737645818792,84.51000213623047,87.54850825299513,232.60506192023936,16.128855034819484,145.82000732421875,132.97755207276447,87.51000213623047,89.5831382377842,238.59777136210013,16.55542806937623,154.0,79592600,83531500,29493000,29696400,354039000,139390600
2022-12-20,130.2119140625,85.19000244140625,88.3524169921875,235.6160430908203,16.06891632080078,137.8000030517578,131.14691722297425,86.61000061035156,88.51122075323062,236.69765578039272,16.293691733158465,148.47000122070312,127.83994745250583,84.33000183105469,86.78427149887727,232.32248078286008,15.836150439306303,137.66000366210938,129.31627297471567,85.33000183105469,87.44924521084009,233.27741342411088,16.0479374093435,146.0500030517578,77432800,74348300,23453800,25150800,403260000,159563300
2022-12-21,133.3121795654297,86.7699966430664,88.90823364257812,238.1787567138672,16.4844970703125,137.57000732421875,134.65071518492888,87.2300033569336,89.54343362140024,239.33832514030232,16.610372416442008,141.25999450683594,130.6547968699711,85.20999908447266,87.6576803714429,233.9692473656318,16.085895936024823,135.88999938964844,130.8811625578248,86.18000030517578,88.41198318586204,235.5088410448142,16.09788497158055,139.33999633789062,85928000,59267200,24745600,23690600,325025000,145417400
2022-12-22,130.14300537109375,83.79000091552734,87.10189056396484,232.0983428955078,15.323657989501953,125.3499984741211,132.4362327068824,85.68000030517578,87.87604013849288,235.80116166317555,16.12185958509931,136.6300048828125,128.24347383297044,82.25,85.67268668964738,227.88881885599957,14.867115292732318,122.26000213623047,132.2295555538223,85.5199966430664,87.49889248151766,235.08982055529697,16.077902968028827,136.0,77852100,81431300,27658300,28651700,565045000,210090300
2022-12-23,129.7788543701172,85.25,88.56086730957031,232.62454223632812,15.19079303741455,123.1500015258789,130.33001348787815,85.77999877929688,88.87846732577863,232.76096118037862,15.323659446874593,128.6199951171875,127.59389142616514,82.93000030517578,86.41706152102789,227.9570517012324,14.868116110553647,121.0199966430664,128.8536879861786,83.25,86.45676246957663,230.07155276829016,15.180802809610176,126.37000274658203,63814900,57433700,23003000,21207000,349326000,166989700
2022-12-27,127.97772979736328,83.04000091552734,86.73464965820312,230.89981079101562,14.106879234313965,109.0999984741211,129.33595400462013,85.3499984741211,88.27302902200118,232.8194148295831,15.084900321940324,119.66999816894531,126.68840798575984,83.0,86.35750205691602,229.7987055148439,14.04194370104502,108.76000213623047,129.30642869732836,84.97000122070312,88.13407950720169,232.59530118818017,15.058926299176873,117.5,69007800,57284000,20097300,16688600,464902000,208643400
2022-12-28,124.05072021484375,81.81999969482422,85.37493896484375,228.5319366455078,14.02196216583252,112.70999908447266,128.9619612841453,83.4800033569336,87.37979537265875,233.58920571685437,14.247735964571142,116.2699966430664,123.883405115354,81.69000244140625,85.29554463386492,228.18114298539857,13.870113761600244,108.23999786376953,127.62342547026658,82.80000305175781,86.32774665841227,230.83158066876882,13.913070976241796,110.3499984741211,85438400,58228600,19523200,17457100,351066000,221070500
2022-12-29,127.56436157226562,84.18000030517578,87.78670501708984,234.84620666503906,14.588393211364746,121.81999969482422,128.42062552699434,84.55000305175781,88.18370690708726,235.732937144972,14.668313116103667,123.56999969482422,125.71403637929805,82.55000305175781,85.96050692415548,229.6232871191542,14.2127698496359,117.5,125.9699273840094,82.87000274658203,85.97043405375527,229.6232871191542,14.387594998522445,120.38999938964844,75703700,54995900,23333500,19770700,354923000,221923300
2022-12-30,127.87930297851562,84.0,87.568359375,233.6867218017578,14.599384307861328,123.18000030517578,127.89899152283257,84.05000305175781,87.63783413641092,233.82314077191054,14.614368696054798,124.4800033569336,125.41876807644428,82.47000122070312,85.9208042155681,230.60753376853606,14.218764842042592,119.75,126.38330400552722,83.12000274658203,86.32773322681854,232.11789621072512,14.319663660456738,119.94999694824219,77034200,62401200,23986300,21938500,310490000,157777300
2023-01-03,123.09601593017578,85.81999969482422,88.4516830444336,233.45278930664062,14.300683975219727,108.0999984741211,128.83399514878522,86.95999908447266,90.36721008671273,239.46499095764855,14.981003655234762,118.80000305175781,122.21021915687207,84.20999908447266,87.85617644594524,231.32853465622566,14.081903121676092,104.63999938964844,128.2237854341601,85.45999908447266,88.91815210738409,236.86327747897744,14.836148204062967,118.47000122070312,112117500,76706000,28131200,25740000,401277000,231402800
2023-01-04,124.36566925048828,85.13999938964844,87.41948699951172,223.2408447265625,14.73425006866455,113.63999938964844,126.62937150933897,86.9800033569336,89.97021418207204,226.91441744415422,14.838146156406989,114.58999633789062,123.10587260552037,83.36000061035156,86.61555606707714,220.18114984436647,14.226758666083303,107.5199966430664,124.8873030948284,86.55000305175781,89.67246086306939,226.3395100790415,14.552432867835895,109.11000061035156,89113600,68885100,34854800,50623400,431324000,180389000
2023-01-05,123.04680633544922,83.12000274658203,85.5535888671875,216.6244659423828,14.250736236572266,110.33999633789062,125.75340309203497,85.41999816894531,86.91331805370213,221.7304593927792,14.549437041892885,111.75,122.79091532129203,83.06999969482422,85.25584309067294,216.0885291034545,14.133852649988928,107.16000366210938,125.12350481122068,85.33000183105469,86.81406946153061,221.3894046220388,14.47651008305059,110.51000213623047,80962700,67930800,27194400,39585600,389168000,157986300
2023-01-06,127.57420349121094,86.08000183105469,86.68502807617188,219.17745971679688,14.84414005279541,113.05999755859375,128.23362708296847,86.4000015258789,87.03240946135887,219.98623444144232,14.994989063943777,114.38999938964844,122.91886125861728,81.43000030517578,84.2236299964327,213.74018002094996,14.01996530735585,101.80999755859375,124.02118700839063,83.02999877929688,86.13915710492884,217.2968261609176,14.45952485401676,103.0,87754700,83303400,41381500,43613600,405044000,220911100
2023-01-09,128.09584045410156,87.36000061035156,87.35993194580078,221.3114471435547,15.612369537353516,119.7699966430664,131.30439758356596,89.4800033569336,89.37471527318449,225.3260890868295,16.039940959776242,123.5199966430664,127.83994943275363,87.08000183105469,87.20113572832027,220.6196135764492,15.125856157242278,117.11000061035156,128.41079711233908,87.45999908447266,87.69738621274176,220.65858404237193,15.268713734456611,118.95999908447266,70790800,65266100,29003900,27369800,504231000,190284000
2023-01-10,128.66671752929688,89.87000274658203,87.75692749023438,222.99722290039062,15.89309024810791,118.8499984741211,129.18835147296187,90.19000244140625,88.00505271446971,225.39430067277652,15.9460367412462,122.76000213623047,126.09790989326439,87.29000091552734,85.18635380180301,221.516092367223,15.456527005264633,114.91999816894531,128.2041342180523,87.56999969482422,85.3352304507804,221.93508808498302,15.491491850303234,121.06999969482422,63896200,67756600,30467800,27033900,384101000,167642500
2023-01-11,131.3831329345703,95.08999633789062,90.83368682861328,229.74026489257812,15.984997749328613,123.22000122070312,131.4028064616691,95.26000213623047,90.91308872474838,229.91565431558936,16.011971174963055,125.94999694824219,128.40095662151043,90.93000030517578,88.34251480787275,225.19943927297896,15.547436042925577,120.51000213623047,129.1784814447806,90.93000030517578,88.51123815802363,225.37482869599023,15.824159457593446,122.08999633789062,69458900,103126200,26862000,28669300,353285000,183810800
2023-01-12,131.30441284179688,95.2699966430664,90.44660949707031,232.41014099121094,16.494487762451172,123.55999755859375,132.14098840377943,97.19000244140625,91.18106565731547,233.76459137721616,16.620361206682915,124.12999725341797,129.36550386584642,93.5,89.07696090221926,227.58673939319505,15.476506765719616,117.0,131.76699610111268,96.93000030517578,90.79399088981015,229.2432592016942,16.083899486490765,122.55999755859375,71379600,85254800,30258100,27269500,551409000,169400900
2023-01-13,132.633056640625,98.12000274658203,91.42919158935547,233.11175537109375,16.882099151611328,122.4000015258789,132.7905349401524,98.37000274658203,91.49866635399357,233.24817431543465,16.905076865313244,122.62999725341797,129.5819934315568,94.12000274658203,89.4541092177354,228.91198479686696,16.148833986111153,115.5999984741211,129.9461488585014,94.18000030517578,90.16871112383096,230.93879116175304,16.261719936070204,116.55000305175781,57809700,85549400,26329200,21333300,447287000,180714100
2023-01-17,133.7944793701172,96.05000305175781,90.60541534423828,234.20310974121094,17.684297561645508,131.49000549316406,135.12316348796887,98.88999938964844,91.5582153760755,234.74878549049157,17.71027253708016,131.6999969482422,132.01304876349633,95.7300033569336,89.37471624963791,231.02647397875015,16.882101069354157,125.0199966430664,132.70199775252627,98.68000030517578,91.36963776683697,231.8839729382192,16.882101069354157,125.69999694824219,63646600,72755000,32602400,29831300,511102000,186477000
2023-01-18,133.0759735107422,95.45999908447266,90.43668365478516,229.77919006347656,17.359621047973633,128.77999877929688,136.42230495988363,99.31999969482422,92.10408544977494,236.18117037516788,17.855123353381586,136.67999267578125,132.8988066595986,95.37999725341797,89.96027989671057,229.49661331481735,17.264714843579952,127.01000213623047,134.66056331872014,97.25,91.44903122894499,235.3918883901205,17.64933001108455,136.55999755859375,69672800,79570400,29116700,30028700,439624000,195680300
2023-01-19,133.13504028320312,93.68000030517578,92.35221862792969,225.99842834472656,16.748233795166016,127.16999816894531,134.0995687562006,95.44000244140625,92.90801675008117,229.49662609495516,17.179802892609352,129.99000549316406,131.65871475561192,92.86000061035156,89.95036051681471,224.7803968509481,16.71426930548233,124.30999755859375,131.96381962844052,94.73999786376953,90.03968954197848,227.80112090293807,17.018962694085385,127.26000213623047,58280400,69002700,37000400,28623000,452932000,170291900
2023-01-20,135.69400024414062,97.25,97.2849349975586,234.07644653320312,17.8211612701416,133.4199981689453,135.84164181281548,97.3499984741211,97.56284161050858,234.583151851916,17.838144467896704,133.50999450683594,132.10161400912494,93.19999694824219,94.3074322941516,228.51247153332469,16.80817535561797,127.3499984741211,133.14488168206822,93.86000061035156,94.38683418356587,228.85352633542087,16.99398826883285,128.67999267578125,80223600,67481500,63191100,35389800,564967000,138858100
2023-01-23,138.8828582763672,97.5199966430664,99.04167175292969,236.37606811523438,19.173805236816406,143.75,141.0579844042408,97.77999877929688,99.28979699304459,238.89982582882288,19.22575327562238,145.3800048828125,135.72351517113088,95.86000061035156,96.76884364481533,233.52099453170575,17.800180419919084,134.27000427246094,135.94004410758743,97.55999755859375,97.21546604814961,234.93392297440502,18.045932771346358,135.8699951171875,81760300,76501100,40005100,31934000,655163000,203119200
2023-01-24,140.28042602539062,96.31999969482422,96.96733856201172,235.84988403320312,19.245729446411133,143.88999938964844,140.90048744485267,98.08999633789062,98.86301898722769,237.7110398533446,19.475500835522777,146.5,138.08562666123444,96.0,96.47108809327639,234.29081253406932,18.801174865479027,141.10000610351562,138.0954634232415,96.93000030517578,97.36434045143623,236.29812619619068,18.80816783319561,143.0,66435100,66929500,33078500,40234400,496204000,158699100
2023-01-25,139.6210174560547,97.18000030517578,94.50594329833984,234.45645141601562,19.303674697875977,144.42999267578125,140.18201330953534,97.23999786376953,95.43889663050726,237.07765762154605,19.350628576512324,146.41000366210938,136.61915274790366,91.5199966430664,93.05689279504284,224.9947760426561,18.561417754150824,138.07000732421875,138.6663258108729,92.55999755859375,94.85331712238681,228.48322009420318,18.894084898187952,141.91000366210938,65799300,94261600,42330000,66526600,449537000,192734300
2023-01-26,141.68789672851562,99.22000122070312,96.78868103027344,241.65748596191406,19.782196044921875,160.27000427246094,141.9733130723702,99.48999786376953,96.8383091023994,241.9595554403983,20.14583232825715,161.4199981689453,139.66039693887691,96.91999816894531,94.66472978478917,235.81093388219034,19.258719930188406,154.75999450683594,140.91035682918778,98.23999786376953,95.77633347965728,237.41872975669403,19.681297222805807,159.97000122070312,54105100,68523600,30114000,33454500,489535000,234815100
2023-01-27,143.6267852783203,102.23999786376953,98.62482452392578,241.8133544921875,20.34463119506836,177.89999389648438,144.9062704324847,103.48999786376953,99.5676974204637,243.44064274681827,20.607368636676057,180.67999267578125,140.82177572822627,99.52999877929688,96.58026736816271,240.5173672279143,19.38559227826472,161.1699981689453,140.90051489349364,99.52999877929688,96.58026736816271,242.62212916997672,19.44253447559157,162.42999267578125,70555800,87775600,33879800,26498900,542142000,306590600
2023-01-30,140.74302673339844,100.55000305175781,96.21304321289062,236.50274658203125,19.142837524414062,166.66000366210938,143.2527830109075,101.73999786376953,97.55291796280574,239.31883481228712,20.11985820147362,179.77000427246094,140.59540019505755,99.01000213623047,95.67709179848833,236.00578021468996,19.13084848856238,166.5,142.67209860282117,101.08999633789062,96.74899462729292,238.25670004532253,19.93004958460622,178.0500030517578,64015300,70691900,27226200,25867400,488611000,230878800
2023-01-31,142.01271057128906,103.12999725341797,98.09879302978516,241.47232055664062,19.51746368408203,173.22000122070312,142.06192444090843,103.3499984741211,98.1384939775665,241.60873949787776,19.667313303213437,174.3000030517578,140.0344391634921,101.13999938964844,96.09394438600727,236.73661321290928,18.931050789927134,162.77999877929688,140.44780863595872,101.16000366210938,96.14357246377932,237.22382584140612,19.150830104290442,164.57000732421875,65874500,66527300,29870700,26541100,498017000,196813500
2023-02-01,143.13465881347656,105.1500015258789,99.67686462402344,246.28599548339844,20.922056198120117,181.41000366210938,144.29604258311244,106.23999786376953,100.4311674201682,248.65384183422793,21.17080582248784,183.80999755859375,139.0895417079852,101.23999786376953,96.84823860370668,239.1921804627177,19.591387567845597,169.92999267578125,141.69771052689384,102.52999877929688,97.96976188272887,241.65747529132665,19.671307485536968,173.88999938964844,77663600,80450100,35531100,31259900,660477000,213806300
2023-02-02,148.43960571289062,112.91000366210938,106.93204498291016,257.8329162597656,21.687288284301758,188.27000427246094,148.7939093931277,114.0,107.04122068782463,257.92061096012765,21.927048029670438,196.75,145.831421817907,108.87999725341797,104.81802078918444,250.6708850258921,20.679298521540353,182.61000061035156,146.5498959772077,110.25,105.00659838352416,252.20073974099043,20.978997726890935,187.3300018310547,118339000,158154200,69883800,39940400,564276000,217448300
2023-02-03,152.06153869628906,103.38999938964844,103.99424743652344,251.74276733398438,21.078901290893555,189.97999572753906,154.8960886893848,108.77999877929688,107.001524077653,257.44316094972766,21.723256776011066,199.0,145.496812581912,102.5199966430664,101.81074839414418,250.52473578092378,20.768211454332956,183.69000244140625,145.6936529941079,105.26000213623047,102.15812220922525,252.90233575146593,20.979000905493407,183.9499969482422,154357300,144374800,65309300,29077300,429366000,232662000
2023-02-06,149.3352508544922,102.18000030517578,102.12835693359375,250.20315551757812,21.06791114807129,194.75999450683594,150.6836384438328,103.94999694824219,103.57740752067507,251.69402492949268,21.54842912938245,198.1699981689453,148.40024764766747,100.6500015258789,101.11600164820065,248.2640588264018,20.76521275361375,189.9199981689453,150.1620046015634,102.93000030517578,101.63210642135294,250.85603350578165,20.78519321039508,193.00999450683594,69858300,81945200,31999600,22518000,452197000,186188100
2023-02-07,152.2091522216797,102.11000061035156,106.83279418945312,260.7171936035156,22.15082359313965,196.80999755859375,152.77999988075524,102.41000366210938,107.36874557367616,261.8962397215106,22.23673802068742,197.5,148.2624474794368,98.08000183105469,102.3466935405881,253.4284826965279,21.12884604934928,189.5500030517578,148.2624474794368,101.16999816894531,102.44594211421887,253.86698591365706,21.360614360794933,196.42999267578125,83322600,119501300,49010200,50841400,664150000,186010300
2023-02-08,149.52223205566406,100.05000305175781,98.62482452392578,259.9084777832031,22.18279266357422,201.2899932861328,152.14025265616812,102.66999816894531,102.36654986458451,269.681962608756,22.85511993042836,203.0,148.78406936876726,98.77999877929688,97.3047964110275,259.4017575821844,21.985989180590057,194.30999755859375,151.45130381865607,102.04000091552734,101.28472743744483,266.2130108288476,22.364609852385264,196.10000610351562,64120100,75878300,94743500,54686000,559651000,180673600
2023-02-09,148.4888153076172,98.23999786376953,94.29751586914062,256.8780212402344,22.314661026000977,207.32000732421875,151.89421276586904,101.77999877929688,99.27986722656759,266.9730839280978,22.99697853291516,214.0,148.04592065726195,97.56999969482422,92.92785973388537,256.0789852689524,22.097878989240208,204.77000427246094,151.35289040745275,101.31999969482422,99.25009341009356,266.79766475449935,22.58339300958644,207.77999877929688,56007100,64622500,119455000,42375100,523876000,215431400
2023-02-10,148.85354614257812,97.61000061035156,93.8608169555664,256.3712463378906,21.243730545043945,196.88999938964844,149.1788354914484,98.81999969482422,96.02446938516859,257.33591765815356,22.055917123650822,206.1999969482422,147.08911426452642,96.2300033569336,93.54321694627534,253.993646746636,20.79018606002947,192.88999938964844,147.32569243849323,97.55999755859375,94.7342150880715,254.84139181439355,21.66830661145846,202.22999572753906,57450700,52740100,54980700,25818500,550737000,204754100
2023-02-13,151.65298461914062,99.54000091552734,93.9005126953125,264.3810729980469,21.766210556030273,194.63999938964844,152.0571182724141,99.68000030517578,94.48608460376701,267.5771867135627,22.025950766178745,196.3000030517578,148.7648180243575,96.91000366210938,93.13628274609768,260.3177065131593,20.941036401408137,187.61000061035156,148.79438841262413,97.8499984741211,94.02953508899373,260.7951951195851,21.516460573823032,194.4199981689453,62199000,52841500,50076100,44630900,474919000,172475500
2023-02-14,151.01223754882812,99.69999694824219,93.96998596191406,265.2093200683594,22.948028564453125,209.25,151.5741049324063,100.91999816894531,94.13870929839328,267.93769873660716,23.025949676572004,209.82000732421875,148.70565732767898,97.5199966430664,91.56813558981159,262.3932169633668,21.34463219361314,189.44000244140625,149.94765859116993,98.41000366210938,93.7218607357337,265.69653266891055,21.556420076698707,191.94000244140625,61707600,56202900,54726100,37047900,675474000,216455700
2023-02-15,153.1118621826172,101.16000366210938,96.21304321289062,263.08953857421875,22.741235733032227,214.24000549316406,153.279432747917,101.16999816894531,96.39169368435806,264.46692310846817,22.832144335876976,214.66000366210938,150.696851620169,98.44999694824219,93.44396469123609,260.02216525434795,22.083894699328933,206.11000061035156,150.923562968411,99.08999633789062,93.78141137501834,262.112672647368,22.52645058254248,211.75999450683594,65573800,47957600,50169000,28922400,420575000,181006400
2023-02-16,151.51498413085938,98.1500015258789,94.79376220703125,256.0853576660156,21.979995727539062,202.0399932861328,154.09756497312395,100.62999725341797,96.94748732289182,260.56916800834415,22.527446080733473,217.64999389648438,151.16012443154224,98.0999984741211,94.02953228064146,255.84114122158655,21.905069975862954,201.83999633789062,151.3178281549916,99.20999908447266,94.65481268808418,257.91209190049267,22.110863322037478,210.77999877929688,68167900,56339200,42462600,29603600,412026000,229586500
2023-02-17,150.3715362548828,97.19999694824219,93.6424560546875,252.0900115966797,21.366607666015625,208.30999755859375,150.8151070910907,97.94000244140625,94.84338120494091,254.0730481798603,21.71825487021389,208.44000244140625,148.69581585093724,95.6500015258789,92.51100566280641,250.07767022898236,20.95402065241894,197.5,150.17439533222245,97.80000305175781,94.13870649225572,253.3892599372768,21.609364641720003,199.99000549316406,59144100,60029400,34284100,30000100,465888000,213738500
2023-02-21,146.3596649169922,94.58000183105469,91.1016616821289,246.82467651367188,20.63434410095215,197.3699951171875,149.1394018439348,95.61000061035156,92.40183548316473,249.5794451866865,21.472503832330847,209.7100067138672,146.29067235544917,94.2699966430664,91.03218691960443,245.76965967544004,20.597380448319672,197.22000122070312,148.05510409777494,95.33999633789062,92.30258690415565,248.592801202507,20.97899838851901,204.99000549316406,58867200,56580400,33629300,28397400,410015000,180018600
2023-02-22,146.7835235595703,95.79000091552734,90.96270751953125,245.6915283203125,20.733245849609375,200.86000061035156,147.80866542554767,97.01000213623047,91.41925701744177,248.45606050673507,21.082896233045748,201.99000549316406,145.0585140913541,94.80000305175781,89.9305056916628,244.5485970470492,20.400578664452947,191.77999877929688,146.74408634882758,95.0999984741211,91.0123280204154,248.2118440405047,20.686293870610594,197.92999267578125,51011300,59534100,30884000,22491100,513184000,191828500
2023-02-23,147.26654052734375,95.81999969482422,90.20841217041016,248.8761444091797,23.640335083007812,202.07000732421875,148.19311959888688,96.43000030517578,91.25054121331061,250.89824919216971,23.864112008367524,205.13999938964844,145.13739706863274,93.66999816894531,89.08688880510833,244.68538110016482,23.001974156806483,196.3300018310547,147.946689634791,96.12000274658203,91.23068695357419,249.64786195781076,23.41656006308935,203.91000366210938,48394200,48467000,41206400,29219100,1117995000,146360000
2023-02-24,144.6149444580078,93.5,88.46161651611328,243.45452880859375,23.262710571289062,196.8800048828125,145.0880857046954,94.13999938964844,89.21591943991449,245.19334897539824,23.450524180326013,197.6699981689453,143.6390765358812,92.31999969482422,87.91574547787702,242.36044373441328,22.924050815235166,192.8000030517578,145.0092263234326,93.52999877929688,88.76929699297735,244.17741496448653,23.201772660724565,196.3300018310547,55469600,57053800,36585100,24990900,589716000,142228100
2023-02-27,145.8076934814453,93.76000213623047,89.1960678100586,244.37277221679688,23.477497100830078,207.6300048828125,147.03984342133134,94.77999877929688,89.48389400941119,246.9712390360351,23.85611778942511,209.4199981689453,145.34440390077674,93.13999938964844,88.67003591816348,243.62058131527203,23.43054512484724,201.25999450683594,145.60070071444446,94.27999877929688,89.1960678100586,246.61956672286158,23.64632871610379,202.02999877929688,44998500,47470300,27502300,21190000,452994000,161028300
2023-02-28,145.30494689941406,94.2300033569336,89.38463592529297,243.64988708496094,23.192779541015625,205.7100067138672,146.95109701970668,94.69000244140625,90.54586782791486,245.6720066203372,23.80117159295259,211.22999572753906,144.7332276594082,92.91999816894531,88.65018731956766,242.9758472398355,23.18278931411265,203.75,144.95008720013072,93.13999938964844,88.66011444958845,243.30799296891402,23.348623650908365,210.58999633789062,50547000,43959300,30142000,22491000,455963000,153144900
2023-03-01,143.2349395751953,92.16999816894531,89.68238067626953,240.57275390625,22.67530059814453,202.77000427246094,145.1275197577975,94.68000030517578,90.34735445265166,245.12493737930367,23.2327431288166,207.1999969482422,142.93922063146897,91.58999633789062,88.99755264174358,240.10384757221487,22.48549007597283,198.52000427246094,144.73323786008925,93.87000274658203,89.30523306552612,244.95887197567075,23.16880605034979,206.2100067138672,55479000,52299500,31111200,27565300,460026000,156852800
2023-03-02,143.82638549804688,92.12999725341797,91.3100814819336,245.30081176757812,23.29068374633789,190.89999389648438,144.6149643784106,92.2300033569336,91.58798051837316,245.58409633737872,23.356617727044704,193.75,141.8450789930105,90.38999938964844,88.91815071281441,239.9280489885474,22.409565830943126,186.00999450683594,142.31823534576338,91.41000366210938,88.98763304410512,240.8463053757084,22.46551148905175,186.74000549316406,52238100,55509400,32204400,24808200,389415000,181500700
2023-03-03,148.87322998046875,94.9000015258789,92.94771575927734,249.38409423828125,23.866106033325195,197.7899932861328,148.952089353373,94.94000244140625,93.02711765283779,249.7064617806796,23.876096260572954,200.47999572753906,145.2260704687506,92.66000366210938,91.75671007241478,245.57432311137507,23.106865911464638,192.8800048828125,145.9259229618336,92.73999786376953,91.78649146163595,246.35581882878407,23.296676418290033,194.8000030517578,70732300,55759600,35160100,30760100,412393000,154193300
2023-03-06,151.63327026367188,93.75,94.41661071777344,250.92755126953125,23.530447006225586,193.80999755859375,154.06799923846452,96.55000305175781,95.25031543626798,254.1023656002355,24.22375134917666,198.60000610351562,151.26855877090114,93.73999786376953,93.29508739318105,250.0581411721239,23.463512664360874,192.3000030517578,151.59383305095145,95.19000244140625,93.31493408001563,250.49772786752465,23.867109901704033,198.5399932861328,87558000,52112400,32639300,24109800,437429000,128100100
2023-03-07,149.43508911132812,93.55000305175781,93.15614318847656,248.2704620361328,23.26866340637207,187.7100067138672,151.83038038722225,95.08999633789062,94.95256755074698,251.72857566259853,24.104968314326598,194.1999969482422,148.97179972168095,92.77999877929688,92.8286160456438,247.52804931967242,23.221701547557327,186.10000610351562,151.505091132307,94.05999755859375,94.26774701922037,250.37071775470054,23.580404618172988,191.3800048828125,56182000,49100700,27835500,21473200,515154000,148125800
2023-03-08,150.68698120117188,93.91999816894531,93.543212890625,247.8308868408203,24.16092300415039,182.0,151.278419098267,94.16999816894531,95.24038857658361,248.65145065582482,24.17990823526979,186.5,149.66183922588297,92.18000030517578,93.29508765749337,245.00774486083787,23.404551548814798,180.0,150.62784041964048,93.5999984741211,93.41419049538177,248.16301768416147,23.467498967392764,185.0399932861328,47204800,44899100,34103300,17340200,513573000,151897800
2023-03-09,148.4395294189453,92.25,91.62769317626953,246.48280334472656,23.416540145874023,172.9199981689453,152.33311931510104,96.20999908447266,94.81362051791201,253.555302700135,24.43369447307599,185.17999267578125,148.08466971716794,92.18000030517578,91.2108445683197,245.75991723521878,23.36358275312628,172.50999450683594,151.36711819838627,93.68000030517578,93.34472325975115,249.90183388794475,24.154924912871536,180.25,53833600,56218700,28813500,26653400,501257000,170023800
2023-03-10,146.37937927246094,90.7300033569336,89.95035552978516,242.83908081054688,22.94593048095703,173.44000244140625,148.78453780981002,93.56999969482422,92.09416114868083,246.94191444562173,23.607381425129905,178.2899932861328,145.5020893181875,90.25,89.72208455892081,241.8719931478548,22.70712862155447,168.44000244140625,148.06496662146847,92.66999816894531,91.47880785314275,245.2714821705408,23.389562036275382,175.1300048828125,68572400,69827500,35941000,28333900,474866000,191488900
2023-03-13,148.32127380371094,92.43000030517578,90.4267578125,248.04580688476562,22.946929931640625,174.47999572753906,150.95314411845015,94.0199966430664,91.87580822116699,251.94350749583774,23.278654989366956,177.35000610351562,145.59082548311505,88.12000274658203,88.74942886454899,240.04527215486556,22.27848671220757,163.91000366210938,145.69925527320058,89.97000122070312,89.41440265175312,241.6766365464032,22.733108829622278,167.4600067138672,84457100,72397100,37335600,33339700,421890000,167790300
2023-03-14,150.4109649658203,94.87999725341797,93.26531982421875,254.75685119628906,24.04301643371582,183.25999450683594,151.2093955139033,95.06999969482422,93.65239460696121,255.03037243949342,24.19888701960605,183.8000030517578,147.95653254628945,92.70999908447266,91.7467945115858,249.94089484584663,23.44051655907677,177.13999938964844,149.11967456920323,93.83000183105469,91.86588978493322,250.8103048487011,23.476487867060463,177.30999755859375,73695900,60912700,36050200,33620300,474910000,143717900
2023-03-15,150.80526733398438,96.19999694824219,95.3892593383789,259.2993469238281,24.2078800201416,180.4499969482422,151.06154904978908,96.66999816894531,96.2031097498891,260.3152960423223,24.26583051123997,182.33999633789062,147.7791005346977,93.06999969482422,91.94528010370921,253.21346022542158,23.340600837359847,176.02999877929688,149.03096880678774,93.22000122070312,92.52093242633808,253.9656662220132,23.74126688899198,180.8000030517578,77167900,70731800,50622100,46028000,524486000,145995600
2023-03-16,153.62440490722656,100.04000091552734,99.56769561767578,269.8103942871094,25.519790649414062,184.1300048828125,154.22569446185167,100.98999786376953,100.43117417550806,270.16205172863715,25.56675059825911,185.80999755859375,149.4745187940127,95.61000061035156,94.78384131193948,257.1892727698562,23.874157083100002,178.83999633789062,149.98709719489494,95.75,95.47858895236912,259.0746169472976,24.007047963864338,180.3699951171875,76161100,84446900,65492000,54768800,583253000,121136800
2023-03-17,152.78656005859375,98.94999694824219,100.85794067382812,272.96563720703125,25.70363998413086,180.1300048828125,154.50171782493953,100.66000366210938,102.06878536905513,276.7754083374073,26.37708012413153,186.22000122070312,152.07684064085686,97.45999908447266,99.34933511791077,269.9275985016487,25.646686200323746,177.3300018310547,153.8511391851991,99.79000091552734,99.50813889103078,271.8227207737094,25.960426557252433,184.52000427246094,98944600,87300200,61028500,69527400,848547000,133197100
2023-03-20,155.1522979736328,97.70999908447266,100.46095275878906,265.93218994140625,25.878496170043945,183.25,155.56631354554972,98.4800033569336,100.98697707895346,271.06073543914164,26.002393768029705,186.44000244140625,151.94870846939224,95.69999694824219,99.12107791886092,263.60724454591366,25.109135004381503,176.35000610351562,152.85558396503848,98.41000366210938,99.36920316966915,270.5723025345954,25.593732943466883,178.0800018310547,73641400,62388900,32960400,43466600,432747000,129684400
2023-03-21,157.0054473876953,100.61000061035156,104.13319396972656,267.4463806152344,26.177242279052734,197.5800018310547,157.1237289497417,100.8499984741211,104.31184443694538,268.6381583648071,26.370082793772077,198.0,154.3045697408097,98.0,100.46094362067213,263.2849217859486,25.35992270532718,188.0399932861328,155.07344501678244,98.13999938964844,100.49071743651176,268.52093921101067,26.15825895724462,188.27999877929688,73938300,58597300,42110300,34558700,547408000,153391400
2023-03-22,155.57615661621094,98.69999694824219,102.5948257446289,265.9908447265625,26.446020126342773,191.14999389648438,159.82460651427928,102.0999984741211,105.79067243730059,274.538422009309,27.566089484334555,200.66000366210938,155.5564380089166,98.61000061035156,102.55512479803791,265.8833739672702,26.21521106020196,190.9499969482422,157.0251659140942,100.44999694824219,103.4880705402918,267.07515164944215,26.403054661635647,199.3000030517578,75701800,57475400,43427400,34873300,797295000,150376400
2023-03-23,156.66043090820312,98.70999908447266,104.80809783935547,271.23663330078125,27.16842269897461,192.22000122070312,159.24302685232914,101.05999755859375,105.50285304125943,274.55797193638784,27.476167523901886,199.30999755859375,155.4282812343858,97.62000274658203,103.67664737256062,268.8335511448217,26.667839239162014,188.64999389648438,156.56186795883147,100.43000030517578,104.27214642263456,271.5101546046174,27.092485590001715,195.25999450683594,67622100,57559300,40797800,36610900,564889000,144193900
2023-03-24,157.96157836914062,98.12999725341797,104.64930725097656,274.0793151855469,26.75676155090332,190.41000366210938,158.0502895303303,98.30000305175781,104.69892775737729,274.13792476370173,27.144439836382894,192.36000061035156,155.59585715875076,96.4000015258789,103.06129960251988,268.91168542659534,26.33311386181286,187.14999389648438,156.59142861861952,98.06999969482422,104.20267726028,270.8263345400217,27.00855309347375,191.64999389648438,59196500,56095400,30393300,28172000,454920000,116312400
2023-03-27,156.01974487304688,98.04000091552734,101.69165802001953,269.9861755371094,26.50896644592285,191.80999755859375,158.47419284355544,99.33999633789062,103.97441349409998,274.94864070171997,26.977576809585415,197.38999938964844,155.6155961034445,97.08000183105469,101.1656336681078,269.14605544409125,26.34310394111267,189.94000244140625,157.65604352005258,99.06999969482422,103.83546395103582,274.0108578776161,26.814712072493617,194.4199981689453,52390300,46721300,31120900,26840200,361026000,120851600
2023-03-28,155.39871215820312,97.23999786376953,100.27237701416016,268.8628234863281,26.388071060180664,189.19000244140625,156.22672817707905,98.44000244140625,101.68172664769772,269.75177506940884,26.49098617741666,192.35000610351562,153.7525619849842,96.29000091552734,98.99204978746245,265.756367139309,25.828536573761543,185.42999267578125,155.714149696992,98.11000061035156,101.67180708945132,269.40986602798046,26.42504099387314,192.0,45992200,38720100,32057900,21878600,356104000,98654600
2023-03-29,158.47418212890625,100.25,100.62966918945312,274.0206298828125,26.961593627929688,193.8800048828125,158.75018247951246,100.41999816894531,101.7214187034689,274.63606009495277,27.055515439693604,195.2899932861328,157.07446176772007,98.55999755859375,99.89522061779614,271.96920577953756,26.57491583467265,189.44000244140625,157.09416533498404,98.69000244140625,101.5129944157898,272.5064700346815,26.802727159767205,193.1300048828125,51305700,49783300,28779600,25087000,393694000,123660000
2023-03-30,160.0414581298828,102.0,100.1334228515625,277.478759765625,27.360258102416992,195.27999877929688,160.1498879032855,103.04000091552734,100.40140235547389,277.8792783804837,27.4761628937449,197.3300018310547,158.96702721945866,101.01000213623047,99.03174616255232,274.9682369436602,27.079491333000313,194.4199981689453,159.22330893800608,101.55000305175781,100.15327711150191,277.65461829253616,27.206386668765525,195.5800018310547,49501700,53633400,33086200,25053400,364516000,110252200
2023-03-31,162.54518127441406,103.29000091552734,102.95211791992188,281.63043212890625,27.75393295288086,207.4600067138672,162.64375926608275,103.48999786376953,103.11091412057462,282.57799326147335,27.810884824300686,207.7899932861328,159.59788883873148,101.94999694824219,100.28228817356023,276.45305469008514,27.082490132563102,197.1999969482422,160.120319104618,102.16000366210938,100.5403405183242,277.1661775421266,27.117460914270833,197.52999877929688,68749800,56750300,36863400,32766000,433933000,170222100
2023-04-03,163.7970428466797,102.41000366210938,103.57740020751953,280.5852355957031,27.9417781829834,194.77000427246094,163.91532439911353,103.29000091552734,103.74612355244493,281.6011547846993,27.97674896673063,202.69000244140625,161.87489241518372,101.43000030517578,101.16562258542722,277.3811162661027,27.31330079051416,192.1999969482422,161.92418140899423,102.30000305175781,101.62217211579193,279.8916392622568,27.486157467758918,199.91000366210938,56976200,41135700,25035400,24883300,398716000,169545900
2023-04-04,163.2647705078125,103.94999694824219,103.93470001220703,280.5364074707031,27.430200576782227,192.5800018310547,164.45748300799937,104.19999694824219,104.78825142936967,283.73077878852536,27.97674720101981,198.74000549316406,162.75219201536794,102.11000061035156,103.25979906775706,279.0613598893745,27.28432191499647,190.32000732421875,164.22091988909426,102.75,103.54762525002644,280.5852686640538,27.942775040162378,197.32000732421875,46278300,48662500,24420100,25824300,368592000,126463800
2023-04-05,161.4214630126953,101.0999984741211,103.68656921386719,277.7620544433594,26.858678817749023,185.52000427246094,162.69304993016723,103.91000366210938,105.30434293895682,280.5070453166388,26.975580335763187,190.67999267578125,159.48946069965245,100.75,102.88264591587884,276.3749215198196,26.37308232607004,183.75999450683594,162.38747921010668,103.91000366210938,104.98674295697049,279.2371315346284,26.806721952265576,190.52000427246094,51511700,45175400,28290500,22064800,515015000,133882500
2023-04-06,162.30862426757812,102.05999755859375,107.60694885253906,284.8541259765625,27.014549255371094,185.05999755859375,162.60434321282244,102.37999725341797,108.35132454892715,285.3230025679542,27.057512816555565,186.38999938964844,159.686606015777,99.80000305175781,103.54762368954962,275.5055113851009,26.40505518671545,179.74000549316406,160.1104583059446,100.75,104.4706498559581,276.6582060877172,26.561924402993725,183.0800018310547,45390100,43808000,48711500,29770300,397654000,123857900
2023-04-10,159.71617126464844,102.16999816894531,105.64180755615234,282.69525146484375,27.55609893798828,184.50999450683594,159.71617126464844,102.19999694824219,106.78317763428655,282.9003849670169,27.598063878336834,185.10000610351562,157.7940207437735,99.56999969482422,104.33170655524751,278.123496163904,26.64685475224009,176.11000061035156,159.11488161033475,100.95999908447266,106.17775899818363,282.5193929371124,26.80072620018478,179.94000244140625,47716900,37261200,27067400,23103000,395279000,142154600
2023-04-11,158.50375366210938,99.91999816894531,104.55996704101562,276.2869567871094,27.146440505981445,186.7899932861328,160.0414742096721,101.0,105.9296231127123,279.364108081122,27.766925140537275,189.19000244140625,158.21788648492154,99.01000213623047,103.89499326334945,275.1245138457469,27.103475037618352,185.64999389648438,160.03162242596915,100.80000305175781,105.75097264997711,279.1394182021938,27.700979959709233,186.69000244140625,47644200,60417800,26311800,27276600,314378000,115770900
2023-04-12,157.8137664794922,97.83000183105469,103.85529327392578,276.9317321777344,26.472999572753906,180.5399932861328,159.7457691153541,100.51000213623047,105.94947077272556,280.3703195694183,27.445191173354328,191.5800018310547,157.49832888292315,97.70999908447266,103.5575399759029,275.4371283935577,26.426037716955808,180.30999755859375,158.917767985699,100.4000015258789,105.78074743753035,278.20167586183015,27.347272978771652,190.74000549316406,50133100,56735000,24370300,27403400,446259000,150256300
2023-04-13,163.19577026367188,102.4000015258789,106.62437438964844,283.13482666015625,26.441022872924805,185.89999389648438,163.43234843413578,102.56999969482422,106.68392202189075,283.1934362329106,26.86467054430278,186.5,159.11489082873655,98.70999908447266,105.04629398559699,276.61914739244156,26.307135282820585,180.94000244140625,159.3218986080038,98.94999694824219,105.04629398559699,277.02941440172174,26.71179772670093,182.9600067138672,68445600,67925100,24843600,24222700,353615000,112933000
2023-04-14,162.8507537841797,102.51000213623047,108.05358123779297,279.5204162597656,26.73577880859375,185.0,163.9449032227771,103.19999694824219,108.12305600146057,281.8062788337825,26.860675005002047,186.27999877929688,161.48060404043056,101.11000061035156,106.03879794707,277.1270829372931,26.198225472529604,182.00999450683594,162.23959735915352,102.06999969482422,106.08842602348172,280.36050660414264,26.481990027168322,183.9499969482422,49386500,51450500,26578000,20987900,395660000,96438700
2023-04-17,162.8704833984375,102.73999786376953,105.17533111572266,282.11883544921875,26.979578018188477,187.0399932861328,163.02820218114718,103.7300033569336,105.3639087269098,284.85407761818396,26.98357440686349,189.69000244140625,161.6876226098968,101.58999633789062,103.73620013699751,279.5399251996228,26.41105027878462,182.69000244140625,162.73248322378927,103.16000366210938,103.87515724199652,283.2226985900286,26.542940633883788,186.32000732421875,41516200,39919500,37571200,23836200,321471000,116662200
2023-04-18,164.09274291992188,102.30000305175781,103.71634674072266,281.6988220214844,27.644025802612305,184.30999755859375,165.01932174992547,104.19999694824219,105.74104953791142,285.0104118167831,28.086658738816173,187.69000244140625,163.28444562876558,101.5199966430664,103.28957103976354,280.3702986730481,27.334283752804854,183.5800018310547,163.72803148121778,103.94999694824219,105.69142146275153,284.82480490610715,27.510138201217032,187.14999389648438,49923000,39790500,26596400,20161800,604812000,92067000
2023-04-19,165.23623657226562,104.30000305175781,103.39875793457031,281.7770080566406,27.907804489135742,180.58999633789062,165.7586669315568,105.12000274658203,104.19276178994863,282.36310380411163,27.976747432102734,183.5,163.1760704888179,101.38999938964844,102.29708118201934,277.957458440505,27.2093855674829,177.64999389648438,163.43236729662357,101.58000183105469,102.80325882912756,279.3738962456723,27.33827814990457,179.10000610351562,47720200,58398900,20905700,17150300,358660000,125732700
2023-04-20,164.2701873779297,103.80999755859375,104.50042724609375,279.4910888671875,27.081491470336914,162.99000549316406,165.47276665465435,105.25,105.45322726139375,282.34355041766946,28.00672306467075,169.6999969482422,163.1957564794937,103.20999908447266,103.09107769672384,278.48491818075087,26.977577746060568,160.55999755859375,163.71818673436218,103.52999877929688,103.13077864388401,278.6509985011603,27.648020038897844,166.1699981689453,52456400,57696900,27820800,23244400,427713000,210970800
2023-04-21,162.66348266601562,106.95999908447266,104.6195297241211,279.14923095703125,27.096481323242188,165.0800018310547,164.07305473489896,108.1500015258789,105.20510165529122,279.64741233312054,27.160429263560324,166.0,162.14105238473394,105.08000183105469,103.99424927374733,276.5116808961058,26.699811611017537,161.32000732421875,162.69305305620966,106.0999984741211,104.67907735856379,278.41658147472793,26.929620174009735,164.8000030517578,58337300,86774200,25800100,21676400,345103000,123539000
2023-04-24,162.96902465820312,106.20999908447266,105.17533111572266,275.25152587890625,27.01954460144043,162.5500030517578,163.23517316391397,109.2300033569336,105.83037783155005,278.3579824584961,27.34327496276754,165.64999389648438,161.5495860155954,105.06999969482422,103.91485061807437,272.27209646250395,26.64885238383688,158.61000061035156,162.64373538253156,107.66000366210938,104.69892730879049,275.56413015799205,26.990569353375054,164.64999389648438,41949600,69575600,23542800,26611000,339282000,140006600
2023-04-25,161.4313201904297,102.56999969482422,103.07121276855469,269.0484619140625,26.219209671020508,160.6699981689453,163.93504162144998,105.44999694824219,105.88991914772265,275.0854869775857,27.22437484436602,163.47000122070312,161.3918829793584,102.44999694824219,103.06128563974681,268.99960072437375,26.20322411553106,158.75,162.83104036567903,104.91000366210938,105.03636780258014,273.0438405005658,27.055514550596037,159.82000732421875,48714100,65026800,46664100,45772200,378527000,121999300
2023-04-26,161.4214630126953,104.9800033569336,102.93226623535156,288.536865234375,26.93361473083496,153.75,162.91976126426218,106.62000274658203,105.552467975158,292.63971378431694,27.307304704799684,160.6699981689453,160.47518046288778,104.0999984741211,101.86036345847234,285.95795485763057,26.682823713649157,153.13999938964844,160.73146218660858,105.04000091552734,104.13319140174777,289.8361135268747,26.97957796491873,160.2899932861328,45498800,73803800,53347600,64599200,406337000,153364100
2023-04-27,166.0050811767578,109.81999969482422,106.7831802368164,297.7780456542969,27.203393936157227,160.19000244140625,166.15293313578908,110.86000061035156,107.55733738673939,298.1395111111619,27.47217159023553,160.47999572753906,162.8310621018307,106.80000305175781,102.76355568188747,288.4196826173737,26.60289311743897,152.3699951171875,162.8310621018307,108.16000366210938,103.6667276651916,289.12302732036886,27.340281221046943,152.63999938964844,64902300,149961200,50089200,46462600,377161000,127015200
2023-04-28,167.2569122314453,105.44999694824219,106.53504180908203,300.15179443359375,27.7259578704834,164.30999755859375,167.42449781718415,109.4800033569336,106.54496893818438,301.7831436206851,27.734949268700237,165.0,165.48262879614657,104.33000183105469,104.30191480844489,296.2931626094283,27.04851947681164,157.32000732421875,166.08391841749662,107.7300033569336,106.23729608563893,296.9769805922049,27.20239283065348,160.89999389648438,55275900,130715900,36139800,36469600,292216000,122515800
2023-05-01,167.16819763183594,102.05000305175781,106.39608764648438,298.49114990234375,28.88599395751953,161.8300018310547,168.0159171618742,105.2300033569336,107.18016422336929,301.460830664017,29.033871779873245,163.27999877929688,166.23176694003394,101.81999969482422,106.01894005104553,298.0906312953761,27.75693310998625,158.8300018310547,166.86262693627947,104.94999694824219,106.03878673620314,299.8685344351108,27.8168827543935,163.1699981689453,52472900,74728100,26681700,21294100,570329000,109015000
2023-05-02,166.13319396972656,103.62999725341797,104.53019714355469,298.3446350097656,28.186573028564453,160.30999755859375,167.91735928630777,103.9000015258789,106.39609615702363,302.0274089293755,28.812054544580096,165.49000549316406,165.14747425578494,101.1500015258789,102.93227004814128,296.87933607669675,28.05967958921287,158.92999267578125,167.6610625345139,101.47000122070312,106.3365485246071,300.6402759672235,28.656183952378868,161.8800048828125,48425700,73469400,30997200,26404400,402730000,128259700
2023-05-03,165.0587921142578,103.6500015258789,104.6195297241211,297.3579406738281,27.778915405273438,160.61000061035156,168.47924132633688,105.95999908447266,106.68392596400858,301.4705373047011,28.3434468063841,165.0,164.7729399649435,103.27999877929688,104.17289974925679,297.05511466369126,27.449189488099005,159.91000366210938,167.07952089132834,103.73999786376953,104.73862499300647,299.52658392125915,27.8168839597217,160.00999450683594,65136000,65051900,21795400,22360800,383387000,119728000
2023-05-04,163.4224853515625,104.0,103.90492248535156,298.3446350097656,27.53911590576172,161.1999969482422,164.6546351492701,105.38999938964844,104.8080943741299,300.6402759672235,27.8358682890502,162.9499969482422,161.9636242025262,103.30999755859375,103.19032062001693,296.38112489974674,27.21738275503477,159.64999389648438,162.53534351356944,104.04000091552734,104.69891866847149,299.15542063563385,27.628040805780497,162.7100067138672,81235400,45345500,23419500,22519900,321850000,95108500
2023-05-05,171.0913848876953,105.66000366210938,104.77832794189453,303.46331787109375,28.65618324279785,170.05999755859375,171.8109560965244,105.76000213623047,105.08600082196858,304.75278772492237,28.731119816226787,170.7899932861328,168.32149974515366,103.55000305175781,103.32927742271336,297.23091005583007,27.707971926376775,163.50999450683594,168.5383592942621,104.2699966430664,104.03395220841355,298.6473772180535,27.802892348359304,163.97000122070312,113453200,56951700,26639300,28197100,361494000,107607300
2023-05-08,171.0223846435547,105.83000183105469,106.9618148803711,301.5096435546875,29.126792907714844,171.7899932861328,171.36739258858663,106.0999984741211,107.15039246780319,303.02380353381574,29.19573585601291,173.8000030517578,169.65223472844943,104.69999694824219,104.37139458934332,299.00886932285215,28.326459346526057,169.19000244140625,170.0169462399646,105.04000091552734,104.39124127488218,302.95541576842186,28.498315501122327,173.72000122070312,55962800,49430900,26511400,21318600,344979000,112249400
2023-05-09,169.31707763671875,106.62000274658203,106.54498291015625,299.89788818359375,28.54727554321289,169.14999389648438,171.06179068201072,106.79000091552734,109.3239887931404,302.8675694301154,28.94894217400301,169.82000732421875,169.14950709207488,105.16000366210938,106.38618668459873,299.22384819981767,28.426377630267304,166.55999755859375,170.57879765359286,105.4800033569336,107.5771848789166,300.8747542688823,28.875004213655114,168.9499969482422,45326900,44089400,36360100,21340800,314869000,88965000
2023-05-10,171.08152770996094,110.19000244140625,110.91197967529297,305.0849304199219,28.86101531982422,168.5399932861328,171.54481722364216,110.66999816894531,112.09305821305404,305.7589701511876,29.08882663839483,174.42999267578125,169.4452292165715,108.05000305175781,107.12062640001808,300.55228898423684,28.437367605326653,166.67999267578125,170.54924563088602,108.0999984741211,107.1603273461475,301.4802935306575,28.98091460956097,172.5500030517578,53724500,78627600,63153400,30078000,369350000,119840700
2023-05-11,171.268798828125,112.18000030517578,115.69583129882812,302.9358215332031,28.55426788330078,172.0800018310547,172.09679977091955,113.27999877929688,117.03570601894897,303.92246547425293,28.92596062028458,173.57000732421875,169.71135988855104,110.48999786376953,113.55203326107099,299.1749122684255,28.22254475076314,166.7899932861328,171.3673768150292,111.02999877929688,114.53460704620213,302.9260731476362,28.872004608217654,168.6999969482422,49514700,74924800,78900000,31680200,322149000,103889900
2023-05-12,170.34097290039062,110.26000213623047,116.62879943847656,301.822265625,28.316463470458984,167.97999572753906,171.81171738299747,112.63999938964844,117.1448966479938,303.4633932219653,28.75609857922899,177.3800048828125,168.79124488441096,109.31999969482422,115.23929646675506,299.50709815578426,28.02270701560493,167.22999572753906,171.3773983196224,112.16000366210938,115.805021757191,303.36570066728314,28.505305680587945,176.07000732421875,45533100,49852700,41102300,19774700,274222000,157849600
2023-05-15,169.84742736816406,111.19999694824219,115.63628387451172,302.3009033203125,28.928955078125,166.35000610351562,170.97270170588305,112.29000091552734,117.59151189110723,302.73072668738115,28.94494253797439,169.75999450683594,169.25517137496644,109.25,115.14003341637807,300.47416891606105,28.12862158025983,164.5500030517578,170.92334452950067,111.1500015258789,115.2392819935686,301.94924591720934,28.484324933585533,167.66000366210938,37266700,53011100,36266800,16336500,293926000,105592500
2023-05-16,169.84742736816406,113.4000015258789,118.6137924194336,304.5281677246094,29.18874168395996,166.52000427246094,170.9035986466086,114.79000091552734,119.84449149553303,306.452594750173,29.845197623603145,169.52000427246094,169.58091066505557,111.05000305175781,115.55688763062979,302.66235026842685,28.808059443130762,164.35000610351562,169.76845889829133,111.05000305175781,115.6164352654177,302.66235026842685,28.817050841568992,165.64999389648438,42110300,71472900,45035600,26730300,449405000,98288800
2023-05-17,170.4593963623047,115.5,119.9338150024414,307.4064636230469,30.15294075012207,173.86000061035156,170.69628668546216,115.83000183105469,120.7575926346341,307.8274270875237,30.173923220986072,174.5,168.21871333171157,114.22000122070312,117.99844111686251,304.2149092490743,29.405562670982768,167.19000244140625,169.492059065459,114.88999938964844,118.71304303528596,305.7323794637119,29.55943412398546,168.41000366210938,57951600,65655200,33323600,24315000,432535000,125473600
2023-05-18,172.78892517089844,118.1500015258789,121.90889739990234,311.83154296875,31.651691436767578,176.88999938964844,172.97647339745131,118.5999984741211,122.38529363069811,312.3406428632518,31.801566483071674,177.05999755859375,170.35082834910114,116.33999633789062,119.92389543649637,307.1323477805687,30.294819431722896,172.4499969482422,170.76540150488879,116.69000244140625,120.04299070810453,307.92533659511486,30.384744840658275,174.22000122070312,65496700,73174100,35234200,27276000,748725000,109520300
2023-05-19,172.89749145507812,116.25,121.83942413330078,311.65533447265625,31.238037109375,180.13999938964844,174.11159953538055,118.30999755859375,125.02535141510835,312.0567286735725,31.553774675559076,181.9499969482422,172.68033195301507,115.69999694824219,121.23399792123767,309.7267003191957,30.89032652886848,176.30999755859375,174.11159953538055,118.16000366210938,122.62350082715598,310.0889260945517,31.509810589762786,177.1699981689453,55809500,55056300,41353400,27546700,473908000,136196700
2023-05-22,171.94989013671875,115.01000213623047,124.11225128173828,314.4356384277344,31.150114059448242,188.8699951171875,172.45331220735133,116.7699966430664,125.48189991592048,315.8160338813464,31.493828286869693,189.32000732421875,171.2095777379714,114.25,121.81956885585257,311.33222095812204,30.654525616110014,180.11000061035156,171.73273062815065,116.7699966430664,122.01807359628725,311.90982815472574,30.875340877060037,180.6999969482422,43570900,70741100,35253000,24115700,372000000,132001400
2023-05-23,169.34397888183594,114.98999786376953,121.64091491699219,308.6400146484375,30.662519454956055,185.77000427246094,171.1404774028389,117.13999938964844,123.6953915959423,315.94335728832465,31.26202165563563,192.9600067138672,169.0675968111729,113.77999877929688,121.29354109633519,308.6302150731237,30.605567574899254,185.25999450683594,170.89370662105455,114.2699966430664,123.22892250659226,313.30984092975706,30.97426067554003,186.1999969482422,50747300,67576300,34046300,30797200,356253000,156952100
2023-05-24,169.620361328125,116.75,119.99336242675781,307.2595520019531,30.51263999938965,182.89999389648438,170.19287135053577,117.33999633789062,120.99579047353133,309.85389937046375,30.58158294267241,184.22000122070312,168.3174194294986,115.0199966430664,118.96116056401159,306.0455701210907,29.781247533939762,178.22000122070312,168.88004898113246,115.3499984741211,120.21171384013235,308.12107789264667,30.184911363622657,182.22999572753906,45143500,63487900,34182600,23384900,721419000,137605100
2023-05-25,170.75550842285156,115.0,122.55401611328125,319.07611083984375,37.948455810546875,184.47000122070312,171.65374258398057,116.87000274658203,124.38021415921419,320.03551297467794,39.447210007542544,186.77999877929688,169.47229739906246,114.30999755859375,121.04541048455478,313.28041010709336,36.60457166088481,180.5800018310547,170.18299842572435,116.62999725341797,123.58621039965489,316.4523646988683,38.491004098045735,186.5399932861328,56058300,66496700,42317000,43301700,1543911000,96870700
2023-05-26,173.1640167236328,120.11000061035156,123.67554473876953,325.8997802734375,38.91366195678711,193.1699981689453,173.49963649375093,121.5,124.32067187463625,326.39905065575283,39.13747499196258,198.60000610351562,170.873991291327,116.0199966430664,121.53173903906134,317.0789683726066,37.51882115873588,184.52999877929688,171.08128541223243,116.04000091552734,122.24634093896407,317.2160130284429,37.85853900635431,184.6199951171875,54835000,96779900,35635900,36630600,714397000,162061500
2023-05-30,175.00987243652344,121.66000366210938,122.74259185791016,324.2550354003906,40.07769775390625,201.16000366210938,176.6780456265802,122.91999816894531,124.71767421950892,328.6899104115325,41.90318054493991,204.47999572753906,174.28930584342234,119.86000061035156,121.08511707268141,323.57952206493354,39.91583350519123,197.52999877929688,174.6742677286896,122.37000274658203,124.6978199598951,328.1906400290104,40.56129706980953,200.10000610351562,55964400,64314800,35076700,29503100,923401000,128818700
2023-05-31,174.9604949951172,120.58000183105469,121.94859313964844,321.4942626953125,37.80257797241211,203.92999267578125,177.03337571367211,122.04000091552734,123.12966410835033,328.88571082280095,40.26153261415584,203.9499969482422,174.4768188110026,119.16999816894531,121.58136506611656,320.4564937937518,37.79058690184261,195.1199951171875,175.03946345752533,121.44999694824219,121.82949030094537,325.31236192591416,39.455203631645354,199.77999877929688,99625300,72800800,37325800,45950600,1002580000,150711700
2023-06-01,177.76380920410156,122.7699966430664,122.7922134399414,325.5962219238281,39.73698043823242,207.52000427246094,177.79342049505456,123.48999786376953,123.48696104605021,326.52628506015486,40.01674674166672,209.8000030517578,174.64462268903534,119.93000030517578,121.70046395655,317.90128645515614,38.30816742592722,199.3699951171875,175.40468096744894,120.69000244140625,121.8989611091008,319.0858695997825,38.45704197696047,202.58999633789062,68901800,54375100,30772700,26773900,635873000,148029900
2023-06-02,178.61273193359375,124.25,123.73509216308594,328.35711669921875,39.29433822631836,213.97000122070312,179.43201293417297,126.38999938964844,125.20399690730267,330.41302594713,40.46636437435307,217.25,176.94455863641292,124.0199966430664,122.8319202321501,325.5669562825361,39.02556062706971,209.75,178.6917004102191,124.91999816894531,123.060191211232,327.23127088245394,40.06369919155993,210.14999389648438,61996900,61264400,26980100,25873800,482731000,164398400
2023-06-05,177.2603759765625,125.30000305175781,125.06504821777344,328.8857421875,39.13848114013672,217.61000061035156,182.561007136821,125.80000305175781,126.4743977650919,331.45072114916485,39.53215123073155,221.2899932861328,175.74025964458482,123.02999877929688,122.91131537751194,327.6326215544442,38.67486565787904,214.52000427246094,180.27098229225282,123.36000061035156,123.08004629574243,328.18085996410906,38.87669761933743,217.8000030517578,121946500,47950100,32305500,21307100,396094000,151143100
2023-06-06,176.89517211914062,126.61000061035156,126.35528564453125,326.6731872558594,38.62189483642578,221.30999755859375,177.79340630920336,127.4000015258789,127.32793227447583,328.32770204884184,39.12747509108675,221.91000366210938,175.13815031318512,125.0,124.41991194155317,325.19491542513276,38.11631458176481,212.52999877929688,177.64534986625156,125.06999969482422,125.06503903327281,328.2885336264792,38.79775115810807,216.13999938964844,64848400,45695200,26638300,20396200,388729000,146911600
2023-06-07,175.5231475830078,121.2300033569336,121.58136749267578,316.58941650390625,37.447750091552734,224.57000732421875,178.86935913776645,127.37000274658203,128.07231710182637,327.4661056210727,39.47028049803264,230.8300018310547,175.02960596689772,120.62999725341797,121.20421985419401,315.72789065764636,37.32883713586247,223.1999969482422,176.135134367242,127.01000213623047,126.01784799150856,324.6857457660722,38.886705495226614,228.0,61944600,95663300,52539000,40717100,511998000,185710800
2023-06-08,178.2376251220703,124.25,121.22406768798828,318.42999267578125,38.48200607299805,234.86000061035156,178.50412674833163,125.62999725341797,122.30589768119812,319.7810193360927,38.83574884803621,235.22999572753906,175.1677956906412,122.26000213623047,120.33081530189335,316.5600964884988,37.47773933461828,223.00999450683594,175.60209965770608,123.01000213623047,121.31339671268852,317.1377037070702,37.69657810413266,224.22000122070312,50214900,62159300,29389200,23277700,417772000,164489700
2023-06-09,178.62257385253906,123.43000030517578,121.31339263916016,319.9278259277344,38.74181365966797,244.39999389648438,179.8761586114367,125.80000305175781,122.83191785844093,323.06061199262587,39.68212760699857,252.4199981689453,178.29683460490384,123.19000244140625,120.99579264278889,317.59779817919343,38.53896213031096,242.02000427246094,179.15559212759166,124.08000183105469,121.33323932610408,318.16560575678255,39.00861783598584,249.07000732421875,48900000,51396000,23778300,22529000,427717000,200242400
2023-06-12,181.416015625,126.56999969482422,122.71280670166016,324.8815612792969,39.45329284667969,249.8300018310547,181.51472997018058,126.77999877929688,123.11973569214682,325.1263115846336,39.50125828347373,250.97000122070312,178.63244881890137,123.52999877929688,120.74765922363488,318.33204071834683,38.58992260823452,244.58999633789062,178.92857679274874,124.0199966430664,121.86918247837939,321.68020816437513,39.17150019392895,247.94000244140625,54274900,51338000,28306400,24260300,388701000,150337900
2023-06-13,180.94224548339844,126.66000366210938,122.90139770507812,327.2703552246094,40.9921760559082,258.7099914550781,181.77139187803073,128.41000366210938,124.2214258208004,329.90387113011326,41.07112100095235,259.67999267578125,180.08348779336475,125.18000030517578,122.25627055608605,323.4522561033348,39.711110397236205,251.33999633789062,180.43883839987808,128.1199951171875,124.04277534219001,327.44656828941845,40.15678529799824,253.50999450683594,54929100,50564800,22278300,22951300,613208000,162384300
2023-06-14,181.57395935058594,126.41999816894531,122.74259185791016,330.25634765625,42.96574401855469,256.7900085449219,182.00827838693002,126.94999694824219,123.11974706875885,331.9206620825264,42.96874019088657,261.57000732421875,179.66889592317074,124.12000274658203,120.53923851602217,325.82147225464075,40.52251795887016,250.5,181.00144926283193,126.69999694824219,122.17686661381849,327.3193432875882,40.79432339392405,260.1700134277344,57462900,52422500,30592300,26003800,740465000,170575500
2023-06-15,183.60736083984375,127.11000061035156,124.15194702148438,340.7903747558594,42.62199783325195,255.89999389648438,184.1107829667957,127.69000244140625,124.51917511914434,342.49382753852854,43.25753714671118,258.95001220703125,181.40616927858855,124.31999969482422,121.48212446839356,330.11926605235976,42.11636509751025,247.2899932861328,181.58385210624687,125.20999908447266,122.21657309153177,330.3933852343611,42.57103621355931,248.39999389648438,65433200,60458500,35246300,38899100,568622000,160171200
2023-06-16,182.53143310546875,125.48999786376953,122.60364532470703,335.1415100097656,42.66096115112305,260.5400085449219,184.57470266619666,127.9000015258789,125.16429968039003,344.08959644957883,43.689212322344694,263.6000061035156,181.88983501651188,125.30000305175781,122.35552007874196,334.76951460321436,42.6299816471878,257.2099914550781,184.31805138125782,127.70999908447266,124.98564920040793,343.9427522263679,43.41840945055139,258.9200134277344,101256200,84247100,45535600,46552000,655709000,167915600
2023-06-20,182.62026977539062,125.77999877929688,122.17686462402344,330.9513854980469,43.77615737915039,274.45001220703125,183.69620198313194,127.25,123.63584222244113,334.89675963715365,43.95802811384507,274.75,182.02802885230534,124.5,121.22406462697502,328.8073702091856,42.642982740735306,261.1199951171875,182.02802885230534,124.97000122070312,122.00814128096077,332.1849367263642,42.966748556821585,261.5,49799100,56930100,26097500,26375400,451153000,165611200
2023-06-21,181.58383178710938,124.83000183105469,119.64598846435547,326.55572509765625,43.01370620727539,259.4599914550781,183.015099412311,126.7300033569336,121.74016600309444,330.638174337756,43.583295347445485,276.989990234375,180.23151756348105,123.8499984741211,119.19935850880321,325.09702248062774,42.04941138244555,257.7799987792969,182.51167734169172,125.63999938964844,121.48211364469854,329.30671681424553,43.469375994641815,275.1300048828125,49515700,52137700,30306300,25117800,551603000,211797100
2023-06-22,184.5845184326172,130.14999389648438,122.22649383544922,332.5765686035156,42.99372100830078,264.6099853515625,184.63387559426894,130.3300018310547,122.31581528654226,332.9779627764546,43.39442663272672,265.0,181.2975302809329,125.13999938964844,117.93889002281252,326.34033425250004,42.20329572401854,248.25,181.36663331958354,125.30999755859375,119.10011432011007,327.1039541755478,42.22227910485018,250.77000427246094,51245300,90354600,26952200,23556800,417737000,166875900
2023-06-23,184.2686767578125,129.3300018310547,121.42256164550781,327.98504638671875,42.178314208984375,256.6000061035156,185.13731475683954,130.83999633789062,121.86919161284854,330.8633129640672,42.77787649157712,262.45001220703125,182.6202496908907,128.27999877929688,120.15216165092147,326.4480368570244,41.98445500064074,252.8000030517578,183.15328303090953,129.11000061035156,120.46976164956806,327.3389018615229,42.4331298944521,259.2900085449219,53117000,71927800,34913600,23146900,358140000,177460800
2023-06-26,182.8769073486328,127.33000183105469,117.45256042480469,321.6998596191406,40.60245895385742,241.0500030517578,185.6209974197008,131.49000549316406,121.08511758706368,329.0521396707675,42.73290887794561,258.3699951171875,182.83741558637178,127.0999984741211,117.38308566022395,321.59215393137123,40.070844243899195,240.6999969482422,184.4167547195407,129.3300018310547,119.85441851212727,326.7123419071995,42.43012776772855,250.07000732421875,48088700,59989300,33969900,21520600,594322000,179990600
2023-06-27,185.63084411621094,129.17999267578125,117.44263458251953,327.5445251464844,41.845550537109375,250.2100067138672,185.9565833444032,130.08999633789062,118.18701026555762,329.0913343051698,41.90950317799757,250.38999938964844,183.27171612569057,127.55000305175781,115.22935421985997,322.38516833897705,40.418591274861775,240.85000610351562,183.48887561115208,128.6300048828125,116.20200844412273,324.89140968264053,40.76933398174648,243.24000549316406,50730800,46801000,39535900,24354100,462175000,164968200
2023-06-28,186.8054962158203,129.0399932861328,119.27876281738281,328.797607421875,41.08711624145508,256.239990234375,187.44709427325768,131.47999572753906,119.48718710532653,330.8828850652817,41.8145877625639,259.8800048828125,185.17681495512898,128.44000244140625,115.97373288245846,326.80043631423547,40.48855257782623,248.88999938964844,185.50253915791174,128.94000244140625,116.21193098693968,327.63259343214776,40.63044766274905,249.6999969482422,51216800,52149500,27091400,20259500,582639000,159770800
2023-06-29,187.14109802246094,127.9000015258789,118.20686340332031,328.014404296875,40.792320251464844,257.5,187.61490879718235,129.25999450683594,119.15966342094775,329.05214338180554,41.56975450915622,260.739990234375,186.49949997485513,127.26000213623047,117.41286717472148,325.6354380857654,40.57048152757147,253.61000061035156,186.63769101872532,128.77000427246094,118.34581293262964,327.6815474089493,41.527785226902004,258.0299987792969,46347300,40761000,24090900,16997000,380514000,131283400
2023-06-30,191.46453857421875,130.36000061035156,118.80236053466797,333.38916015625,42.271244049072266,261.7699890136719,191.96794560784363,131.25,120.17201669011786,335.53317570907825,42.51906484775984,264.45001220703125,188.78953634841974,128.9499969482422,118.79244097715116,330.1192989180002,41.470827697536826,259.8900146484375,189.1547673916645,129.47000122070312,119.26883719212228,330.6577377615813,41.649698416136715,260.6000061035156,85213200,54350700,29532200,26832800,501148000,112620800
2023-07-03,189.97406005859375,130.22000122070312,119.00086212158203,330.89263916015625,42.382164001464844,279.82000732421875,191.37571654835668,131.85000610351562,119.28868829776731,333.74153652262953,42.8668120169638,284.25,189.28308969373236,130.07000732421875,117.928959307964,329.5024740479347,42.171318861986485,275.1099853515625,191.27700219289193,130.82000732421875,118.34580787808842,332.0674526684901,42.48608848507777,276.489990234375,31458200,28264800,14467900,12508700,198209000,119685900
2023-07-05,188.85862731933594,130.3800048828125,120.83698272705078,331.04931640625,42.28623962402344,282.4800109863281,190.48730854754436,131.39999389648438,121.69053409377197,334.4758212956056,43.14561125771648,283.8500061035156,188.15779163185775,129.63999938964844,118.33588382905948,327.701148359632,42.05440601633571,277.6000061035156,189.09553270560195,130.24000549316406,118.3458033859375,328.05357452169636,42.10436890718979,278.82000732421875,46920300,35895400,27584800,18172400,323618000,131530900
2023-07-06,189.33242797851562,128.36000061035156,119.20928192138672,334.1037902832031,42.07239532470703,276.5400085449219,189.53972207962792,128.72999572753906,119.39785951266347,335.78767385230776,42.14834029261051,279.9700012207031,186.756140199604,127.37000274658203,117.51210631643842,328.45496307477555,41.31594563009927,272.8800048828125,187.3878728511301,128.25,118.90160907008745,330.21715360852994,41.81358472410437,278.0899963378906,45094300,40639900,24745200,28161200,303582000,120332100
2023-07-07,188.21701049804688,129.77999877929688,118.58401489257812,330.1387939453125,42.47209930419922,274.42999267578125,190.1813114167851,130.97000122070312,120.14224105563065,334.61283670931624,43.18258476591584,280.7799987792969,187.7827065576724,128.1300048828125,118.50461300055707,329.9234124809672,42.14933607210184,273.7699890136719,188.9375920522482,128.58999633789062,119.1993606252883,332.19470249101795,42.29123113247118,278.42999267578125,46815000,41992300,21709500,21214800,355881000,113879200
2023-07-10,186.17376708984375,127.12999725341797,115.57672882080078,324.86199951171875,42.14933395385742,269.6099853515625,187.5359467558433,129.27999877929688,117.42278113323385,328.1906279486803,42.77987571297271,277.5199890136719,184.62403920180722,125.91999816894531,115.26905595945563,320.7110434161663,41.618717966437515,265.1000061035156,186.8153651594175,129.07000732421875,117.41286157602863,327.5738523279874,42.625988347315335,276.4700012207031,59922200,61889300,35315200,32791400,353908000,119425400
2023-07-11,185.65061950683594,128.77999877929688,116.26155090332031,325.4885559082031,42.374168395996094,269.7900085449219,186.85486227702734,129.77000427246094,116.82727609437353,325.8703508704989,42.72691238917329,270.8999938964844,184.18974051380027,127.3499984741211,114.4849734435123,320.13341772549273,42.0364166991454,266.3699951171875,186.71667122446578,127.75,115.41792668117859,324.1081605217917,42.45011335397041,268.6499938964844,46638100,49951500,23078800,26698200,298244000,91972400
2023-07-12,187.3187713623047,130.8000030517578,118.03813171386719,330.1193542480469,43.870086669921875,271.989990234375,189.22383458950753,131.25999450683594,119.4276344809341,334.4758934786444,43.903063626531846,276.5199890136719,186.0355602702456,128.8300018310547,117.52203458036395,328.6214829825154,42.745904468123335,271.4599914550781,187.22992243297554,130.30999755859375,117.90910932353661,329.5319473077534,43.00171889202097,276.3299865722656,60750200,54022800,30404400,29995300,481277000,95672100
2023-07-13,188.07884216308594,134.3000030517578,123.60607147216797,335.4645690917969,45.94357681274414,277.8999938964844,188.72045533421505,134.6699981689453,123.89389766157021,336.5218772871451,46.12144500110187,279.45001220703125,187.32866429002723,132.7100067138672,119.54673857522506,331.9009902308977,44.459655768689124,270.6000061035156,188.03936545890204,134.0399932861328,120.02314237165878,332.4296592669453,44.485637843052004,274.5899963378906,41342300,61170900,44297900,20567200,478204000,112681500
2023-07-14,188.2268829345703,134.67999267578125,124.47945404052734,337.9904479980469,45.43593978881836,281.3800048828125,188.71054402484233,136.64999389648438,125.82925579417832,344.0504693091922,48.05303491082442,285.29998779296875,187.1805772351739,134.05999755859375,122.56392710866825,337.07998382815504,45.0272367895013,276.30999755859375,187.7728180713282,134.05999755859375,123.8641083634262,340.29110736020874,46.549128177642544,277.010009765625,41616200,54487100,33283100,28352700,772075000,120062400
2023-07-17,191.48426818847656,133.55999755859375,123.71524810791016,338.47021484375,46.42721939086914,290.3800048828125,191.81000743962883,135.6199951171875,126.14687246896142,339.70373647401993,46.46219379188679,292.2300109863281,189.33241906132668,133.2100067138672,123.26861812563564,335.01434058563115,45.22909361606182,283.57000732421875,189.421252931179,134.55999755859375,124.99557527494002,338.4212468404557,46.25534736982459,286.6300048828125,50520200,48450200,25716200,20363900,510488000,131569600
2023-07-18,191.2276153564453,132.8300018310547,122.83190155029297,351.9411926269531,47.45946502685547,293.3399963378906,191.81987127398517,133.86000061035156,123.74500047210738,359.0781209733801,47.86117314632472,295.260009765625,189.93453883356673,131.35000610351562,122.03789787869249,334.98491162000175,45.70074645818257,286.010009765625,190.85253399958415,132.7100067138672,123.66559859051128,338.56803033946636,46.66704237521412,290.1499938964844,48288200,54882900,26193600,64738600,569164000,112120300
2023-07-19,192.57994079589844,135.36000061035156,121.11488342285156,347.6238098144531,47.04276657104492,291.260009765625,195.66950100927124,135.99000549316406,124.24126276731612,354.84884504828324,47.78322886465052,299.2900085449219,190.16157487576123,132.52999877929688,120.88661245663589,345.03926161088305,46.70801108864936,289.5199890136719,190.6057743707706,133.38999938964844,123.6656104289081,354.15376240808007,47.42948619218216,296.0400085449219,80507300,54531000,37224000,39732900,427502000,142355400
2023-07-20,190.6353759765625,129.9600067138672,118.30611419677734,339.586181640625,45.48691177368164,262.8999938964844,193.93223012421538,134.7899932861328,123.15944340000809,350.4531022216543,47.052774056440455,280.92999267578125,190.01350876450033,129.3300018310547,117.3334674734311,338.11767966688456,45.029244512878805,261.20001220703125,192.57005054034346,134.07000732421875,120.50946759155578,346.1455024073654,46.473193831210935,279.55999755859375,59581200,59820600,37906800,33778400,537865000,175158300
2023-07-21,189.4607391357422,130.0,119.11996459960938,336.55126953125,44.27678680419922,260.0199890136719,192.4515998266043,131.3699951171875,120.08269176427814,342.9441468894957,45.83265793125683,268.0,188.75990348350925,128.4199981689453,117.8396449955782,332.694001980304,44.067939106833165,255.8000030517578,191.59284231983003,131.33999633789062,119.71547124691322,341.81830135851885,45.754711707343915,268.0,71951700,133307300,72937900,69405400,963769000,161796100
2023-07-24,190.26028442382812,128.8000030517578,120.61863708496094,337.8631286621094,44.579566955566406,269.05999755859375,192.3923877240068,131.66000366210938,122.07761466691946,339.63514852458513,45.076207287411634,269.8500061035156,189.76674282999198,128.35000610351562,120.0727661155314,335.1219369374352,44.00798419764258,254.1199951171875,190.9117629424984,130.30999755859375,120.74766705234958,338.5876099496475,44.69847992512501,255.85000610351562,45377800,45591100,29686100,26678100,382516000,136508500
2023-07-25,191.11903381347656,129.1300048828125,121.29354095458984,343.6099548339844,45.64579772949219,265.2799987792969,191.92844922240585,129.5800018310547,122.22649427656242,344.500849777994,46.14942918660317,272.8999938964844,190.4280786239598,128.52999877929688,120.11246239355489,337.82405242404576,44.890346731901275,265.0,190.83278632842445,129.30999755859375,120.44991665621404,339.8211939588815,44.90833520333714,272.3800048828125,37283200,39236700,52509600,41637700,348081000,112757300
2023-07-26,191.98768615722656,128.14999389648438,128.30059814453125,330.6772766113281,45.4189567565918,264.3500061035156,193.11296042478057,129.0800018310547,129.99776623656712,337.43240985586726,46.01952157703273,268.0400085449219,190.8229351880455,126.11000061035156,127.35772529958219,326.11512671611416,44.59755574079193,261.75,191.1684052777898,126.51000213623047,129.09460190925336,334.2702247265649,45.98754334626847,263.25,47471900,53910100,61682100,58383700,364237000,95856200
2023-07-27,190.72422790527344,128.25,128.4296112060547,323.77532958984375,45.866634368896484,255.7100067138672,194.6528150463848,132.6300048828125,132.24082619562287,334.1625196341891,47.36054650639366,269.1300048828125,190.06288393124004,127.79000091552734,127.82418504749104,322.1403841798644,45.71674188711987,255.3000030517578,193.48806403406496,131.0,130.6825925035767,333.33039238314757,46.48518386639015,268.30999755859375,47460200,52610700,44952100,39635300,455976000,103697300
2023-07-28,193.30052185058594,132.2100067138672,131.5857696533203,331.2646789550781,46.71601104736328,266.44000244140625,194.09019149232068,133.00999450683594,132.73707431896543,332.8702554950669,46.9928100852104,267.25,191.63234868611636,129.3300018310547,129.59084831881933,326.1738899082172,46.34727984222391,258.2300109863281,192.15550162315532,129.69000244140625,129.799265024623,326.66339057868936,46.63406993246034,259.8599853515625,48291400,46317400,36591200,28484900,331194000,111446000
2023-07-31,193.91249084472656,133.67999267578125,131.7247314453125,328.8661804199219,46.695030212402344,267.42999267578125,193.95198260711592,133.8699951171875,132.52865481704072,330.60880180685933,47.09573967930946,269.0799865722656,192.7378594315981,132.3800048828125,130.79177809982338,326.3599092198598,46.472192750297545,263.7799987792969,193.52752900074864,133.1999969482422,131.73465100315445,329.8451818704879,46.7200135632976,267.4800109863281,38824100,41901500,28055500,25446000,251055000,84582200
2023-08-01,193.0833282470703,131.69000244140625,130.5634765625,329.2773742675781,46.47318649291992,261.07000732421875,194.1888565133771,133.69000244140625,131.63537918876514,331.4311896055557,46.86590231278374,266.4700012207031,192.75758901252786,131.6199951171875,129.69999061268777,326.69282573876103,45.99353594015361,260.25,193.7051954277144,133.5500030517578,129.79924674533365,328.1515284723082,46.42621978047181,266.260009765625,35175100,42098500,23166800,18311900,237858000,83166000
2023-08-02,190.09246826171875,128.2100067138672,127.41727447509766,320.6229553222656,44.23681640625,254.11000061035156,192.65887532596588,130.22999572753906,129.11444258769157,326.6242386250664,45.80667339857495,259.5199890136719,189.37190180440743,126.81999969482422,126.60341644169951,319.5068793964864,43.35545767140817,250.49000549316406,192.52068429221174,130.14999389648438,128.47924259709205,326.6242386250664,45.79768107011527,255.57000732421875,50389300,51027600,26273300,27761300,530142000,101752900
2023-08-03,188.70066833496094,128.91000366210938,127.48674011230469,319.80059814453125,44.482635498046875,259.32000732421875,189.8851650044284,129.83999633789062,128.41969339996243,322.9529838203489,45.08519773730657,260.489990234375,188.22687267951244,126.41000366210938,126.46446537651686,319.1055155220307,43.76815517445485,252.0,189.095510599245,127.4800033569336,127.01034391124875,319.154453640907,43.76815517445485,252.0399932861328,61235200,88585200,20089500,18253700,324176000,97569100
2023-08-04,179.63926696777344,139.57000732421875,127.14928436279297,320.8971252441406,44.647518157958984,253.86000061035156,184.9596445164711,143.6300048828125,130.52378119142634,328.1025921516829,45.6088167758493,264.7699890136719,179.57016391801557,139.32000732421875,126.95078722187826,320.36845604431744,44.36072805590183,253.11000061035156,183.12366926443607,141.05999755859375,128.31050853872318,324.9110375542309,44.95229672936695,260.9700012207031,115956800,153128500,26147200,23741500,362666000,99539900
2023-08-07,176.5398406982422,142.22000122070312,130.5436553955078,323.1781005859375,45.38398361206055,251.4499969482422,180.7645556934903,142.5399932861328,130.6230572928783,324.15710187316535,45.506895294186684,253.64999389648438,175.0592158617292,138.9499969482422,128.05248333600815,320.64249083722723,44.53060434183165,242.75999450683594,179.77747246914834,140.99000549316406,128.19143287031562,321.4746479067205,45.07820630485827,251.4499969482422,97576100,71213100,22746300,17741500,322154000,111097900
2023-08-08,177.47755432128906,139.94000244140625,130.41461181640625,319.203369140625,44.63153076171875,249.6999969482422,177.94148460917899,140.83999633789062,130.52378752085772,321.84668466116545,45.209109671688076,250.9199981689453,175.2862285117603,138.4199981689453,128.56855954209357,316.21742705872686,44.02397106962369,245.00999450683594,177.36897457174686,140.6199951171875,129.64046232824563,320.09426392900343,44.82039253545294,247.4499969482422,67823000,51710500,23535200,22327600,353843000,96642200
2023-08-09,175.88833618164062,137.85000610351562,128.68768310546875,315.4635925292969,42.523067474365234,242.19000244140625,178.59293417746048,140.32000732421875,131.04982518382914,320.24109366891923,44.27978896852582,251.10000610351562,174.7235703168388,137.10000610351562,128.0326288117845,314.3083483150612,42.1033707988195,241.89999389648438,178.53371160261662,139.97000122070312,130.67268510255067,319.61454838698023,44.24181457881286,250.8699951171875,60378500,50017300,24912900,22373300,586449000,101596300
2023-08-10,175.6711883544922,138.55999755859375,128.7174530029297,316.14892578125,42.35718536376953,245.33999633789062,178.41527829006225,140.41000366210938,131.0597558939105,321.3670201533067,43.54232399177734,251.8000030517578,175.30597241092943,137.49000549316406,128.47924731856517,314.4356732724542,41.80458597956359,243.0,177.1616784798233,139.07000732421875,130.33523442746744,319.1740366258562,42.129350474246436,245.39999389648438,54686900,58928400,20857800,20113700,492705000,109498600
2023-08-11,175.73046875,138.41000366210938,128.58840942382812,314.2692565917969,40.82529067993164,242.64999389648438,176.55085581531623,139.3300018310547,128.95562989704715,315.63985260966695,41.98744698445807,243.7899932861328,174.5048425991432,137.0,127.20883382963942,312.5070361030333,40.609448146848464,238.02000427246094,175.2659271193574,137.39999389648438,127.6951647046181,313.53500552400016,41.72063903683801,241.77000427246094,52036700,42905800,19591100,24355500,533085000,99038600
2023-08-14,177.38116455078125,140.57000732421875,130.34515380859375,317.235595703125,43.721195220947266,239.75999450683594,177.60849603671858,140.58999633789062,130.3848471837526,317.2551649738709,43.76816194200566,240.66000366210938,175.2560608313475,137.75,127.99293136308722,313.35872896949473,40.28169960823156,233.75,175.90841909398483,138.3000030517578,128.4196995095872,314.64124818370647,40.45657164204001,235.6999969482422,43675600,47148700,24695600,18836100,690286000,98595300
2023-08-15,175.3944091796875,137.6699981689453,128.80677795410156,315.10137939453125,43.908058166503906,232.9600067138672,177.40089237300145,141.27999877929688,130.43447898056363,318.2635647035866,45.2350957564997,240.5,174.99904882828764,137.22999572753906,128.31052745646844,314.16154640668196,43.67822581342224,232.61000061035156,176.8078518459017,140.0500030517578,130.11688653714737,316.21745534246327,44.527610226384226,238.72999572753906,43622600,42781500,19770700,16966300,676512000,88197600
2023-08-16,174.52464294433594,135.07000732421875,127.73487091064453,314.3361511230469,43.45439529418945,225.60000610351562,176.47180884084688,137.27000427246094,129.30302424952546,318.2800883607637,44.6425303290732,233.97000122070312,174.45544657600635,135.00999450683594,126.91110086620327,313.7475006460735,43.3744516068871,225.3800048828125,175.07815356283987,137.19000244140625,127.73487091064453,314.72857479436016,44.487644199830925,228.02000427246094,46964900,41675900,25216100,20698900,527451000,112484500
2023-08-17,171.98440551757812,133.97999572753906,128.94570922851562,310.8828125,43.3124885559082,219.22000122070312,175.4537406821077,136.08999633789062,131.0001932670892,315.77836341676965,44.02996504043604,226.74000549316406,171.47042491030345,133.52999877929688,128.32042884384344,310.22547958022847,42.9697356160732,218.8300018310547,175.08803154260252,135.4600067138672,128.82661397214423,314.47354784052,43.93803287430319,226.05999755859375,66062900,48354100,33446300,21257200,452395000,120718400
2023-08-18,172.46873474121094,133.22000122070312,126.50416564941406,310.4903869628906,43.26751708984375,215.49000549316406,173.07166917955516,134.07000732421875,128.2807431949733,312.3544220351469,43.54631355808522,217.5800018310547,169.96804315644715,131.14999389648438,125.4322628444653,305.65366819423417,41.6297088674994,212.36000061035156,170.30410101859755,131.6199951171875,127.54628706629671,308.538028861624,42.603998420369834,214.1199951171875,61172200,48497700,30504800,24755000,583768000,136276600
2023-08-21,173.80308532714844,134.67999267578125,127.40733337402344,315.7882080078125,46.93285369873047,231.27999877929688,174.08973444525807,135.19000244140625,127.76463429731196,316.661348586836,47.030782025071126,232.1300048828125,171.7274205434044,132.7100067138672,125.6109092007312,311.0398118753366,44.18985040134457,220.5800018310547,173.0420157807921,133.74000549316406,126.22626247354604,311.91295245436015,44.46165201493228,221.5500030517578,46311900,41442500,25248700,24040000,692573000,135702700
2023-08-22,175.17701721191406,134.25,128.11203002929688,316.357177734375,45.634796142578125,233.19000244140625,175.6218015319945,135.64999389648438,129.30302819235456,319.9086615433213,48.15196569860594,240.82000732421875,174.20837345764443,133.72999572753906,127.35773472637845,315.3761035356602,45.30004062070193,229.5500030517578,175.00898825019638,135.0800018310547,127.54629719383558,319.33965168167043,48.10000155373569,240.25,42038900,32905400,22054900,16084600,755293000,130442800
2023-08-23,179.02191162109375,135.52000427246094,131.37734985351562,320.8112487792969,47.081748962402344,236.86000061035156,179.44693836874362,135.9499969482422,132.40955935337914,322.96962389693414,47.165687530536545,238.97999572753906,176.26423745502308,133.22000122070312,128.8960974039479,317.33823788637403,45.175135085824124,229.2899932861328,176.45203891919172,134.5,129.2037702845962,317.69144015108157,45.832657681466124,229.33999633789062,52722800,42801000,27819700,21166400,779046000,101077600
2023-08-24,174.33680725097656,131.83999633789062,128.80677795410156,313.9142761230469,47.12870788574219,230.0399932861328,179.00213166563918,136.77999877929688,133.24325861449066,326.67805954758404,50.22945246000163,238.9199981689453,173.97108309964577,131.8300018310547,128.59836122593913,313.9044558013969,47.124712989648934,228.17999267578125,178.57710497139806,136.39999389648438,132.94550528703812,326.5505151261544,50.179489575369686,238.66000366210938,54945800,43646300,28500700,23281400,1156044000,99777400
2023-08-25,176.541015625,133.25999450683594,128.906005859375,316.8673400878906,45.98454284667969,238.58999633789062,177.07475372946672,133.8699951171875,129.77939624562347,319.20227141780845,47.77024230669421,239.0,173.78334110152613,130.5800018310547,126.29572396771735,312.76642738205277,44.99126226942635,230.35000610351562,175.3252679389123,132.47000122070312,128.56854408522898,315.38590853898717,46.97781961200935,231.30999755859375,51449600,44147500,26762900,21684100,925341000,106612200
2023-08-28,178.1027069091797,133.13999938964844,130.0275421142578,317.57366943359375,46.80094909667969,238.82000732421875,178.49806733287568,133.9499969482422,131.54606733409824,319.97728279727545,46.945844136189635,244.3800048828125,176.48170504077262,131.85000610351562,129.16407114652645,315.63113211282007,44.85536600768865,235.35000610351562,178.003859262239,133.77999877929688,130.3252954237949,319.49656611253965,46.44820509438741,242.5800018310547,43820700,34108400,20543300,14808500,685192000,107673700
2023-08-29,181.9871826171875,134.91000366210938,133.56085205078125,322.194580078125,48.74852752685547,257.17999267578125,182.7581460326424,135.13999938964844,135.54585383099212,322.7537995550599,49.045312450204435,257.4800109863281,177.4207046822572,133.25,131.24832315951218,315.7881667802801,46.35726602113391,237.77000427246094,177.61838490226515,133.3800048828125,131.24832315951218,315.7881667802801,46.632067581998406,238.5800018310547,53003900,38646100,43075600,19284600,701397000,134047600
2023-08-30,185.47630310058594,135.07000732421875,134.86105346679688,322.5673828125,49.228179931640625,256.8999938964844,185.6739984160231,135.67999267578125,135.2580478465564,323.5680676815254,49.89069606305402,260.510009765625,182.60002327821,133.9199981689453,133.0646289101831,320.2716728612012,48.389789269751844,250.58999633789062,182.7977035116121,134.92999267578125,133.76929620591096,322.4496587032038,49.008338674508195,254.1999969482422,60813900,36137000,28315800,15222100,735206000,121988400
2023-08-31,185.69375610351562,138.00999450683594,135.1488494873047,321.556884765625,49.31911849975586,258.0799865722656,186.92927641629686,138.7899932861328,136.9651280020466,324.6472624633452,49.70783563609758,261.17999267578125,185.3082743692093,135.0,134.77169428863934,320.5954212849975,48.922407758819745,255.0500030517578,185.6641048225717,135.05999755859375,134.99004570424955,322.9696339885842,49.34410184954682,255.97999572753906,60794500,58781300,30053800,26411000,528570000,108861700
2023-09-01,187.26531982421875,138.1199951171875,134.64268493652344,322.4398193359375,48.47372817993164,245.00999450683594,187.7199827815663,139.9600067138672,136.4291897075704,325.7067829359754,49.76378986515655,259.0799865722656,186.09898099052413,136.8800048828125,133.83876157564302,320.5953952258838,48.10699444468978,242.00999450683594,187.29497110047913,139.4600067138672,136.4291897075704,325.0396597293619,49.72581929402613,257.260009765625,45766500,40991500,21543700,14942000,463830000,132541600
2023-09-05,187.50254821777344,137.27000427246094,134.75184631347656,327.23724365234375,48.512699127197266,256.489990234375,187.7793035443977,137.8000030517578,135.39696581622027,328.512657905709,48.81548020646816,258.0,185.43676200045883,135.82000732421875,133.57076786425418,322.4398070250058,47.825199674195865,244.86000061035156,186.09899903788357,137.72999572753906,134.42431921159766,322.77336861557694,48.18793468541656,245.0,45280000,40636700,19403100,18553900,382653000,129469600
2023-09-06,180.79119873046875,135.36000061035156,133.45169067382812,326.58001708984375,47.03066635131836,251.9199981689453,186.66239298088038,137.4499969482422,135.5061598618362,328.13010130698945,48.51770618274076,255.38999938964844,179.3678770840619,134.61000061035156,132.66760640562674,323.9311045093916,46.549977399633065,245.05999755859375,186.21759365485326,136.32000732421875,134.99998980551268,327.07055423881553,48.409777901490216,255.13999938964844,81755800,41785500,18684500,17535800,468670000,116959800
2023-09-07,175.503173828125,137.85000610351562,134.24566650390625,323.6661682128906,46.2111930847168,251.49000549316406,176.1456533918577,138.02999877929688,134.56327406172488,326.77615642313435,46.314127328933516,252.80999755859375,171.52973657694065,133.16000366210938,131.9529918442149,322.8028181923794,45.122894378455285,243.27000427246094,173.15073850258275,133.89999389648438,132.58819181549026,325.02005529596454,45.495655031746296,245.07000732421875,112488800,48498900,18844300,18381000,433330000,115312900
2023-09-08,176.11598205566406,138.22999572753906,135.3572540283203,327.94366455078125,45.54262161254883,248.5,178.15213198996554,138.85000610351562,135.6351530204011,329.7979091740935,46.575955463730146,256.5199890136719,175.7305003611282,136.75,133.83872912717914,323.2247000080773,45.241816956969146,246.6699981689453,176.2840260730559,136.86000061035156,133.89827674771655,323.84278154918144,45.912385845022,251.22000122070312,65551300,38348200,23558300,19530100,473069000,118367700
2023-09-11,177.28231811523438,143.10000610351562,135.8932342529297,331.544189453125,45.14887619018555,273.5799865722656,178.21143169284028,143.6199951171875,136.4490323863561,332.01511580762883,46.133237981165,274.8500061035156,175.28571330476424,138.63999938964844,134.77170328374638,329.08168383895804,44.28343335195331,260.6099853515625,177.98410020535158,138.75,135.51607902909177,330.85742559530763,46.1182482612765,264.2699890136719,58953100,56764500,20763400,16583300,473966000,174667900
2023-09-12,174.25775146484375,141.22999572753906,134.32508850097656,325.490966796875,44.8410758972168,267.4800109863281,178.04338672084478,143.0,135.84361389625101,330.41597829482106,45.643559689302776,278.3900146484375,172.79489994360574,140.61000061035156,134.1762194011905,325.2064768442106,44.50229371390593,266.6000061035156,177.4108010563609,142.32000732421875,135.23818764984745,329.46433515175244,44.70916101442447,270.760009765625,90370200,42668500,18405500,17565500,349256000,135999900
2023-09-13,172.19198608398438,144.85000610351562,135.684814453125,329.6997375488281,45.45568084716797,271.29998779296875,175.24618840249718,144.97999572753906,135.87337691641153,330.4747944190724,45.900393693899545,274.9800109863281,171.96463950783718,140.8699951171875,133.1439992452725,324.9023010902351,44.47431159036819,268.1000061035156,174.46533118918654,140.9499969482422,134.07695258141447,325.03963588622577,44.571249185878756,270.07000732421875,84267900,60465200,20749500,16544400,398355000,111673700
2023-09-14,173.7042694091797,144.72000122070312,137.06439208984375,332.289794921875,45.55162048339844,276.0400085449219,174.06009984649242,145.86000061035156,137.65988359424148,334.4088885367708,45.95735701328926,276.7099914550781,171.5692867853032,142.9499969482422,135.21833965192076,330.2001023910707,45.101909783891045,270.4200134277344,171.98441978182902,145.0800018310547,136.56814159733074,332.7312602833099,45.92038211332298,271.32000732421875,60895800,64033600,24751000,20267000,370097000,107709800
2023-09-15,172.98269653320312,140.38999938964844,136.36962890625,323.9703369140625,43.871700286865234,274.3900146484375,174.45544195430384,143.57000732421875,137.48124030456012,331.01444277565355,45.56960248299807,278.9800109863281,171.806494041059,140.08999633789062,135.45652981988454,323.4111174113431,43.77975673017383,271.0,174.43566940930017,142.69000244140625,136.94528129329058,330.54354630179284,45.31176938864075,277.54998779296875,109259500,102909300,38919600,37679800,506831000,133692300
2023-09-18,175.90841674804688,139.97999572753906,137.17356872558594,322.83221435546875,43.93765640258789,265.2799987792969,177.30208708635865,141.75,138.11644163882283,324.1468499483667,44.213479451862526,271.44000244140625,174.1292647291417,139.22000122070312,135.58556108112978,320.18330252768726,41.972924204170205,263.760009765625,174.43567131089117,140.47999572753906,135.58556108112978,321.5960515105036,42.720443095064276,271.1600036621094,67257600,42823500,21861300,16834200,500271000,101543300
2023-09-19,176.99569702148438,137.6300048828125,137.0048065185547,322.42999267578125,43.491939544677734,266.5,177.54920768301113,138.83999633789062,137.37204212009118,323.15600785929996,43.937651117962965,267.8500061035156,175.07816717117066,135.55999755859375,135.5954571715883,318.36836152476627,42.97427198636258,261.20001220703125,175.4636488877364,138.6999969482422,136.38946085639827,319.9969481018416,43.80473745342954,264.3500061035156,51826900,61482500,20353700,16505900,373064000,103704000
2023-09-20,173.45713806152344,135.2899932861328,132.73709106445312,314.6991271972656,42.211769104003906,262.5899963378906,177.61836118650515,139.3699951171875,137.0445418305698,323.3522079151342,43.874697872716084,273.92999267578125,173.36816915467014,135.1999969482422,132.61798064460575,314.4440682913458,42.1957805773011,262.4599914550781,177.18345571133617,138.5500030517578,137.0445418305698,323.2737351610063,43.571891798323115,267.0400085449219,58436200,46263700,29927500,21436500,367108000,122514600
2023-09-21,171.91519165039062,129.3300018310547,129.46182250976562,313.4826354980469,40.99055099487305,255.6999969482422,174.25774788080986,132.24000549316406,131.23839249416972,319.19249448338184,42.072852871721146,260.8599853515625,171.84601037143327,129.30999755859375,129.09460201532931,309.0383706041025,40.9535761024681,254.2100067138672,172.52801984046553,131.94000244140625,130.45432343039326,313.2177562445035,41.55618793535061,257.8500061035156,63149100,70343300,31503900,35560400,450736000,119951500
2023-09-22,172.76522827148438,129.1199951171875,129.27325439453125,311.0103454589844,41.58317565917969,244.8800048828125,175.02870938713053,132.02999877929688,131.03990495129133,315.3663173545135,42.087851165439716,257.7900085449219,172.03381007438438,128.52000427246094,128.62813480654572,310.166606068044,41.204418374834624,244.47999572753906,172.64662317617766,131.11000061035156,129.77942444921084,315.23877291658,41.54519814398996,257.3999938964844,56725400,59904300,26397300,21447900,479236000,127524100
2023-09-25,174.0403289794922,131.27000427246094,130.12681579589844,311.53033447265625,42.19477844238281,246.99000549316406,174.92001880772483,131.77999877929688,130.18636343695547,311.65787891913794,42.50857517454085,247.10000610351562,172.13267784152856,128.77000427246094,127.99294455474431,309.0383974245064,41.15045020013546,238.30999755859375,172.18210166869468,129.36000061035156,128.8564156388002,310.5983019329907,41.564184746897794,243.3800048828125,46172700,46017800,20094600,17836000,419091000,104636600
2023-09-26,169.968017578125,125.9800033569336,127.60586547851562,306.2325134277344,41.88397979736328,244.1199951171875,173.17047568238368,130.38999938964844,129.38243566958448,309.9017213341856,42.79239417282539,249.5500030517578,169.6714897694264,125.27999877929688,126.26598302205768,304.1526109858872,41.62814431891952,241.66000366210938,172.79488786792757,130.1199951171875,128.7968636929427,309.1659156883459,41.97392192797056,242.97999572753906,64588900,73048200,25718700,26297600,402282000,101993600
2023-09-27,168.45578002929688,125.9800033569336,129.5610809326172,306.8702087402344,42.44062805175781,240.5,171.03554713361237,127.4800033569336,129.918381917851,308.35161042949267,42.84437081668023,245.3300018310547,167.09177581326995,124.12999725341797,127.60586778894698,303.82887271896175,41.60217189464349,234.5800018310547,170.62041410420977,125.76000213623047,127.60586778894698,306.3894620209308,42.30272031647055,244.25999450683594,66921800,66553400,22746500,19410100,444935000,136597200
2023-09-28,168.7127227783203,125.9800033569336,131.3177947998047,307.7041015625,43.061222076416016,246.3800048828125,170.03719654623248,126.58000183105469,132.30037616629912,309.5092743516403,43.417990370192356,247.5500030517578,165.67827853899746,123.04000091552734,128.81668823150392,303.5933986019012,42.08785097086144,238.64999389648438,167.3783551982996,124.04000091552734,128.86631630656447,305.10423119085175,42.43262596387141,240.02000427246094,56294400,54555000,22513100,19683600,424663000,117058900
2023-09-29,169.2267303466797,127.12000274658203,129.878662109375,309.7742004394531,43.47095489501953,250.22000122070312,171.06518493104676,129.14999389648438,133.04474225061801,313.4237979177654,44.11553949357653,254.77000427246094,168.36679806748614,126.31999969482422,129.38241168333343,309.0187840307204,43.27907734367155,246.35000610351562,170.02734498983367,128.1999969482422,132.28051235409288,311.73634897747024,43.79874253504086,250.0,51861100,62411700,30859800,24147300,397830000,128522700
2023-10-02,171.73731994628906,129.4600067138672,133.1638641357422,315.7096252441406,44.75313186645508,251.60000610351562,172.2809518891447,130.47000122070312,133.41198939838114,315.79794825806266,45.145876254159724,254.27999877929688,168.9499789385755,126.54000091552734,130.18636098407492,309.21491966040423,43.83272417445268,242.6199951171875,169.2366280911879,127.27999877929688,130.2260695069411,310.29410713051254,44.00161394425031,244.80999755859375,52164500,48029700,22288000,20570000,433298000,123810400
2023-10-03,170.4029541015625,124.72000122070312,131.43690490722656,307.4588317871094,43.48893737792969,246.52999877929688,171.61871693838452,128.52000427246094,133.25318362014062,315.3074247202829,45.100900048116756,250.02000427246094,168.84126971126884,124.25,130.8513329307273,305.320067458415,43.21811221740107,244.4499969482422,170.26457643095287,128.05999755859375,132.93559116374053,314.75799567015525,44.77910527291115,248.61000061035156,49594600,51565000,22989400,21033500,470850000,101985300
2023-10-04,171.64834594726562,127.0,134.225830078125,312.9234313964844,44.012611389160156,261.1600036621094,172.19197782627828,127.36000061035156,134.55335719954957,313.9830083427308,44.11454682903524,261.8599853515625,168.98950418793981,125.68000030517578,131.53614591729064,308.0573115463436,43.26409364811851,247.60000610351562,169.10810929534875,126.05999755859375,131.79419070491505,308.086742575961,43.71380433905175,248.13999938964844,53020300,44203900,26752300,20720100,361821000,129721600
2023-10-05,172.88388061523438,125.95999908447266,134.05709838867188,313.31585693359375,44.6591911315918,260.04998779296875,173.41761872545223,126.7300033569336,134.4739469324216,313.92414811592056,44.87105626291606,263.6000061035156,170.67970163713667,124.33000183105469,132.4492366977958,308.9402741782087,43.859707622537925,256.25,171.77684421895017,126.70999908447266,134.05709838867188,313.0509776654909,44.021601937102886,260.0,48527900,39660600,19832600,16965600,393483000,119159200
2023-10-06,175.43399047851562,127.95999908447266,136.54827880859375,321.06634521484375,45.732505798339844,260.5299987792969,175.92819856079907,128.4499969482422,137.123931161278,322.9598111936179,45.75948882284909,261.6499938964844,171.17390414032383,124.12999725341797,133.00504324406194,310.3137506624104,43.99762465116315,250.64999389648438,171.78673241813826,124.16000366210938,133.00504324406194,310.55901920701876,44.164516830728815,253.97999572753906,57266700,46836700,27597600,25673600,434436000,118121800
2023-10-09,176.9166259765625,128.25999450683594,137.38194274902344,323.5779113769531,45.243812561035156,259.6700134277344,176.97592853708252,128.7899932861328,137.8980473446996,324.0488078481523,45.575599261777526,261.3599853515625,173.7635757979471,124.76000213623047,134.59301825237344,317.063564085275,44.339397209393,252.0500030517578,174.76187075811515,126.22000122070312,135.91304597833135,318.60385781984473,44.81309065878453,255.30999755859375,42390800,38773700,19278100,19891200,409675000,101377900
2023-10-10,176.32357788085938,129.47999572753906,137.02468872070312,322.17498779296875,45.768470764160156,263.6199951171875,177.63817333039142,130.74000549316406,138.6722440524293,324.83369063109717,46.229172057316305,268.94000244140625,175.88867230873925,128.0500030517578,136.3001672148192,321.46861313435045,45.058929471918596,257.6499938964844,176.03694379852678,128.82000732421875,137.46139159362946,324.6963258646944,45.28078645305619,257.75,43698000,42178600,27786600,20557100,368582000,122656000
2023-10-11,177.7172393798828,131.8300018310547,139.49603271484375,326.128662109375,46.77582931518555,262.989990234375,177.7666632072918,132.0500030517578,140.05183090806798,326.5210857572993,46.82879655508957,268.6000061035156,175.54272671219826,129.61000061035156,137.54080433515963,322.91074029238723,46.02031610290556,260.8999938964844,176.13576739500243,129.74000549316406,137.54080433515963,324.9415409038971,46.16622190201643,266.20001220703125,47551100,40741800,25884300,20063200,378137000,103706300
2023-10-12,178.61669921875,132.3300018310547,137.9278564453125,324.89251708984375,46.91473388671875,258.8699951171875,180.2278073787141,134.47999572753906,140.16098355386808,327.3157714229003,47.57830726462998,265.4100036621094,176.96603088257305,131.22999572753906,137.2231741164266,322.4986937835042,46.30013251687724,256.6300048828125,177.98411345020415,132.1699981689453,139.9922602118785,324.313686937738,46.746842929581085,262.9200134277344,56743100,55528600,24765500,19313100,481325000,111508100
2023-10-13,176.7782440185547,129.7899932861328,136.32992553710938,321.5274963378906,45.43169021606445,251.1199951171875,179.82255265296823,133.30999755859375,138.9501273324613,327.51202571304924,47.0856258439627,259.6000061035156,176.0764618780152,128.9499969482422,135.59546941209604,320.18339937545744,45.25080714920821,250.22000122070312,179.31846581874476,132.97999572753906,138.33478161475625,326.0894859189591,46.92972437247631,258.8999938964844,51427100,45786600,23420500,21072400,474115000,102073800
2023-10-16,176.6497344970703,132.5500030517578,138.056884765625,326.34454345703125,46.065284729003906,253.9199981689453,177.0055649122618,133.07000732421875,138.58290904447986,329.77830323276595,46.19519817588755,255.39999389648438,174.46532818230494,130.42999267578125,136.9552081327783,324.34314366168616,44.8830449142491,248.47999572753906,174.70255348644375,130.69000244140625,137.13385103003665,324.78460909741796,45.03394854361238,250.0500030517578,52517000,42832900,28501900,22158000,375099000,88917200
2023-10-17,175.09791564941406,131.47000122070312,138.6722412109375,325.7754211425781,43.90967559814453,254.85000610351562,176.35320838797153,132.5800018310547,138.85088412200298,327.1489187170451,44.72515146398081,257.17999267578125,172.77514673671925,128.7100067138672,136.1512801850149,321.21343315524064,42.452615298122,247.0800018310547,174.60370757241088,130.38999938964844,137.59041875340512,323.35216723119646,43.971635905037324,250.10000610351562,57549400,49344600,23515800,18338500,812333000,93562900
2023-10-18,173.80308532714844,128.1300048828125,136.92543029785156,323.86236572265625,42.168800354003906,242.67999267578125,175.52293478970745,130.6699981689453,139.66472731928488,329.2386627175147,43.19114356919589,254.6300048828125,173.08154578913502,127.51000213623047,136.34977796075492,322.0866239478229,41.79804111040275,242.0800018310547,173.54610256783715,129.89999389648438,138.40424694073948,326.1973269355328,42.56354620148906,252.6999969482422,54764400,42699500,23375000,23153600,627294000,125147800
2023-10-19,173.427490234375,128.39999389648438,136.7169952392578,325.0495300292969,42.0738639831543,220.11000061035156,175.7799102245973,132.24000549316406,138.6126755411059,330.5043005032586,43.26909220321944,230.61000061035156,173.16061367257353,127.47000122070312,136.34977476248778,324.64728599110776,41.855003378817976,216.77999877929688,174.00075828264139,130.57000732421875,137.46137089391803,325.86380848903855,42.78340541148184,225.9499969482422,59302900,60961400,26066000,25052100,501233000,170772700
2023-10-20,170.8773956298828,125.16999816894531,134.58314514160156,320.4875183105469,41.360321044921875,211.99000549316406,173.3879661145723,128.1699981689453,136.83611156598081,325.6381577998448,42.44262307555848,218.86000061035156,170.64017031492207,124.97000122070312,134.06704036781977,319.29060660305254,41.05151831937694,210.4199981689453,173.27923973046956,128.0500030517578,136.30016767562714,325.441930986154,41.86299514075664,217.00999450683594,64244000,56406400,26335700,25027700,477266000,138010100
2023-10-23,170.99598693847656,126.55999755859375,135.4763641357422,323.08734130859375,42.94729232788086,212.0800018310547,171.99428177951037,127.87999725341797,136.62766874033358,326.4328077015871,43.22011894655413,216.97999572753906,167.96154224302492,123.9800033569336,132.94548397466383,318.25065300887303,40.91860229657802,202.50999450683594,168.93020088937016,124.62999725341797,134.02730625143084,319.31019990102027,41.202419597162184,210.0,55980100,48260000,26317900,24374700,478530000,150683400
2023-10-24,171.43089294433594,128.55999755859375,137.76907348632812,324.2744445800781,43.634849548339844,216.52000427246094,171.65822442721412,128.8000030517578,138.31495211314203,325.5596493490343,43.66882802570082,222.0500030517578,169.4639394511676,126.33999633789062,136.38949758094284,321.3999044443215,42.66347986731124,214.11000061035156,171.045411263789,127.73999786376953,136.79642666132818,325.02986091343166,43.049228794577566,216.5,43816600,46477400,44814300,31153600,401463000,118231100
2023-10-25,169.1179962158203,121.38999938964844,124.66804504394531,334.2225646972656,41.75206756591797,212.4199981689453,171.05528327402416,126.33999633789062,127.34779458240867,339.64790388750646,43.62186366950043,220.10000610351562,168.6731969171006,120.79000091552734,124.13209362181638,331.2302703891526,41.52821293771827,212.1999969482422,169.88895954662036,126.04000091552734,127.19892549752396,338.4902135639039,43.37002340053755,215.8800048828125,57157000,74577500,84366200,55053800,398379000,107065100
2023-10-26,164.95677185058594,119.56999969482422,121.36302185058594,321.68438720703125,40.30000305175781,205.75999450683594,169.39476582537458,121.63999938964844,123.39765194257097,335.1643351813987,42.22875913409801,214.8000030517578,163.75090293239452,118.3499984741211,120.36059371391482,320.7523548760507,39.85429143072344,204.8800048828125,168.3964558542296,120.62999725341797,122.34559572670734,334.09496805111814,41.82601906009142,211.32000732421875,70625300,100419500,57061100,37828500,541001000,115112600
2023-10-27,166.2713623046875,127.73999786376953,121.25382995605469,323.56805419921875,40.47389221191406,207.3000030517578,167.00279566914165,130.02000427246094,122.38528034661036,330.3472799837888,41.17943837928563,212.41000366210938,164.89746448966903,125.5199966430664,119.30852915172775,322.1847360926127,39.98920425077625,205.77000427246094,164.97653958977486,126.19999694824219,121.9585046679144,324.1763153652428,41.10348715819275,210.60000610351562,58499100,125309300,44566500,29856500,416784000,94881200
2023-10-30,168.31739807128906,132.7100067138672,123.52667236328125,330.9261169433594,41.13446807861328,197.36000061035156,169.18720920526536,133.0,124.45962571740641,333.02562998161824,41.73907765520457,210.8800048828125,166.91384879366788,128.55999755859375,121.82949657826617,325.54981985866505,40.454906082459445,194.6699981689453,167.06212028170575,129.72000122070312,122.28604612521336,327.09993377177346,41.06051827775502,209.27999877929688,51131000,72485500,28940100,22828100,388028000,136448200
2023-10-31,168.7918243408203,133.08999633789062,123.14952087402344,331.71099853515625,40.75371170043945,200.83999633789062,168.92030818010912,133.57000732421875,124.42984802046038,332.5841689842252,40.852650720636724,202.8000030517578,165.9550598323106,131.7100067138672,121.76994514607122,328.3557413843758,39.204711603972164,194.07000732421875,167.38827526603964,132.75,124.12216757392719,332.4370138355085,40.42392640316341,196.1199951171875,44846000,51589400,26292300,20265300,517969000,118068300
2023-11-01,171.95474243164062,137.0,125.5017318725586,339.52032470703125,42.29772186279297,205.66000366210938,172.2117251766134,137.35000610351562,125.54143281598546,340.8447807446002,42.353685526231295,205.99000549316406,168.14933458405196,133.7100067138672,122.79220874025613,333.2218157421507,40.84265898891911,197.85000610351562,169.01914553939386,133.9600067138672,123.13958253001533,333.35918048886424,40.857648711306,204.0399932861328,56934900,61529400,30082400,28158800,437593000,121661700
2023-11-02,175.51307678222656,138.07000732421875,126.53394317626953,341.727783203125,43.47795104980469,218.50999450683594,175.72063574409248,138.80999755859375,128.01276746198673,342.22811070154637,43.855705696322225,219.1999969482422,173.4275179386151,136.47000122070312,125.97814507096508,338.2449517203371,42.86634611035468,211.4499969482422,173.4868204991482,138.72999572753906,127.45696935668228,340.6682062676254,43.300064408208144,212.97000122070312,77334800,52236700,27124600,24348100,409172000,125987600
2023-11-03,174.6037139892578,138.60000610351562,128.13189697265625,346.1229553222656,44.97598648071289,219.9600067138672,174.77175801380423,139.49000549316406,128.55866517271366,347.6828896003234,45.27978753454021,226.3699951171875,171.34195262679097,137.4499969482422,126.90119016720321,340.75647841286957,43.694811487819166,218.39999389648438,172.2216424329047,138.99000549316406,127.05999397649356,343.01296696867126,43.99162089726106,221.14999389648438,79829200,44059800,26393100,23637700,424610000,119534800
2023-11-06,177.15382385253906,139.74000549316406,129.27325439453125,349.7823486328125,45.72150421142578,219.27000427246094,177.35150406781844,140.72999572753906,129.36257584929294,350.7732430573265,45.90538750972343,226.32000732421875,174.16881791314302,138.36000061035156,127.70510100758493,346.66254017187435,44.87005229839821,215.0,174.33684685023218,138.75999450683594,128.08225623128538,346.76065357014403,45.25580503371784,223.97999572753906,63841300,44970400,19052700,23828300,400733000,117335800
2023-11-07,179.71385192871094,142.7100067138672,129.9878692626953,353.70672607421875,45.925376892089844,222.17999267578125,180.32666518466948,143.3699951171875,130.92082271250268,355.60019234057427,46.18820402459903,223.1199951171875,176.896859550255,140.5,128.90604670679733,350.8616165126462,45.128889794516326,215.72000122070312,177.10441851925728,140.5500030517578,129.72982443068332,352.59810729380996,45.68952896873558,219.97999572753906,70530000,53553500,29757300,25833900,343165000,116900100
2023-11-08,180.77142333984375,142.0800018310547,130.85133361816406,356.326171875,46.54397964477539,222.11000061035156,181.32493395317235,143.1199951171875,131.2185693015223,356.9834748418886,46.836790044608954,224.14999389648438,179.4864793691692,141.22000122070312,129.79928493774304,353.72630121668095,45.93836746742981,217.63999938964844,180.23768527185777,142.97000122070312,129.98786255864192,354.83491988562287,46.070282349544186,223.14999389648438,49340300,44521700,26425800,26767800,346719000,106584800
2023-11-09,180.2969970703125,140.60000610351562,129.26332092285156,353.86358642578125,46.91973114013672,209.97999572753906,181.98718027395728,142.64999389648438,131.55599554780142,357.8859958475487,48.198904678121394,220.8000030517578,179.70394133589065,139.83999633789062,129.09459758945283,353.5398152366619,46.719859321767146,206.67999267578125,180.8406289798602,142.02000427246094,130.97042365935377,355.4431012078397,47.43639611181253,219.75,53763500,36235400,23747800,24847300,540496000,142110500
2023-11-10,184.48348999023438,143.55999755859375,131.595703125,362.6737060546875,48.3038330078125,214.64999389648438,184.65175539538808,143.64999389648438,131.80413499720473,363.09556076737016,48.440745708078595,215.3800048828125,181.6430032262288,139.91000366210938,128.43955723420933,354.236462100994,47.25251319058575,205.69000244140625,182.07848170612579,140.4600067138672,129.1243853429863,354.64849649105355,47.46937232503573,210.02999877929688,66133400,49287800,26913300,28042100,421245000,130994000
2023-11-13,182.89996337890625,142.58999633789062,131.09945678710938,359.740234375,48.588653564453125,223.7100067138672,184.11731278262945,143.22999572753906,131.59570729972106,361.49636535118015,49.08433598855006,225.39999389648438,182.3160331472403,140.6699981689453,130.26575956056902,358.9749977946541,48.06798954522677,211.61000061035156,183.9094803756521,142.0800018310547,130.79178389238834,361.2510968326077,48.28884773723465,215.60000610351562,43627500,35680600,18324800,19986500,384136000,140447600
2023-11-14,185.51280212402344,145.8000030517578,132.61798095703125,363.2623291015625,49.623985290527344,237.41000366210938,186.17591157835597,147.25999450683594,134.68238488834018,364.9105564931209,49.801871937843956,238.13999938964844,184.38452385663774,144.67999267578125,132.32024276762044,360.39760923672634,49.00838510603704,230.72000122070312,185.77012344749633,145.0,133.1837138056391,363.98834436046604,49.64797189172138,235.02999877929688,60108400,56674600,32395200,27683900,416954000,149771600
2023-11-15,186.0769500732422,143.1999969482422,133.61045837402344,363.4098205566406,48.856483459472656,242.83999633789062,187.55163591900057,147.2899932861328,134.01738735349468,366.81121863639925,49.927790961524366,246.6999969482422,185.84931907084464,142.58999633789062,132.5683446064248,360.89314538692616,48.168927272564574,236.4499969482422,185.91860660743325,147.05999755859375,133.85858358428234,364.99254154145893,49.902809365822506,239.2899932861328,53790500,63875700,23861500,26860100,475497000,150354000
2023-11-16,187.7594451904297,142.8300018310547,135.9031524658203,369.79974365234375,49.44810104370117,233.58999633789062,188.99659293267834,143.32000732421875,136.1909862320152,369.97668823321743,49.49307401570829,240.8800048828125,186.71033121940587,139.52000427246094,133.3127394362453,363.9111612043172,48.29884470682521,230.9600067138672,187.62088524737388,140.91000366210938,134.17621044610362,364.6779510555463,48.64761873945954,239.49000549316406,54412900,49653500,28013200,27182300,339756000,136816800
2023-11-17,187.7396697998047,145.17999267578125,134.2952880859375,363.5867614746094,49.2662239074707,234.3000030517578,188.42257785422723,145.22999572753906,135.03966372618416,368.0302064935661,49.68495254819164,237.38999938964844,186.63119011836693,142.5399932861328,132.6477330342115,360.78501895126305,48.975411113822275,226.5399932861328,188.29390964052354,142.66000366210938,134.9801160980622,367.28306715379995,49.49207615888525,232.0,50922700,49636700,37240600,40157000,325205000,142532800
2023-11-20,189.4815673828125,146.1300048828125,135.228271484375,371.0482177734375,50.37650680541992,235.60000610351562,189.93684445013852,146.6300048828125,135.6352005598195,372.45399413615905,50.515417145162935,237.10000610351562,187.92771748948175,144.72999572753906,132.61798881062674,364.7172740131472,49.14929773253739,231.02000427246094,187.93760923589429,145.1300048828125,132.68747115517974,364.9335496074717,49.28021380853264,234.0399932861328,46505100,41951200,27815500,52465100,414120000,116320100
2023-11-21,188.6798858642578,143.89999389648438,135.94285583496094,366.7522277832031,49.911800384521484,241.1999969482422,189.55084275358138,144.0500030517578,136.15127255285424,369.848877892723,50.48442900851123,243.6199951171875,187.78914548337832,141.5,134.9404353311043,364.83523819118903,49.1902657498463,233.33999633789062,189.44197314241592,143.91000366210938,135.2679473163652,369.30820390562985,50.09368225266799,235.0399932861328,38134500,71226000,22635300,28423100,565747000,122288000
2023-11-22,189.34300231933594,146.7100067138672,137.45144653320312,371.4512634277344,48.68458938598633,234.2100067138672,190.9463411053134,147.74000549316406,138.3744650434286,373.35841268345206,50.302544998111564,244.00999450683594,188.8679417719912,144.57000732421875,136.43909143782605,368.62003030581224,47.65924993569592,231.39999389648438,189.52115946327928,144.57000732421875,136.43909143782605,371.5987172360064,49.81985852243295,242.0399932861328,39617700,45669100,17813900,23345300,899420000,117950600
2023-11-24,188.0167999267578,146.74000549316406,135.66494750976562,371.03839111328125,47.74519729614258,235.4499969482422,188.93723076179566,147.1999969482422,137.0941511979509,371.56925486439644,48.88945951237367,238.75,187.30420149232032,145.32000732421875,134.9701999236649,368.7871927998492,47.7142152401005,232.3300018310547,188.90754041885276,146.6999969482422,136.994895052353,370.9400785666633,48.438750082118126,233.75,24048300,22378400,12514300,10176600,294645000,65125200
2023-11-27,187.83863830566406,147.72999572753906,135.38705444335938,372.1983642578125,48.21089553833008,236.0800018310547,188.70959528304604,149.25999450683594,137.3819758451791,374.1940157538783,48.49870804491457,238.3300018310547,186.95778958150402,146.8800048828125,134.98012543057615,369.8292031236525,47.621275800712816,232.10000610351562,187.96730652329646,147.52999877929688,135.00989924669568,370.39936783626126,47.76917918519112,236.88999938964844,40552600,53762400,23436500,22179200,395662000,112031800
2023-11-28,188.44236755371094,147.02999877929688,136.17111206054688,376.2191467285156,47.79016876220703,246.72000122070312,189.11538388382388,147.60000610351562,136.22074013136128,376.51405435302496,48.291847835176796,247.0,187.45264920500045,145.52999877929688,134.40446177895313,371.75602133936184,47.442393546125054,234.00999450683594,187.82874701011957,146.97999572753906,135.0595159672369,371.9428061684763,48.20490212503735,236.67999267578125,38415400,42711700,18730000,20453100,401491000,148549900
2023-11-29,187.4229736328125,146.32000732421875,133.9777069091797,372.4343566894531,48.108970642089844,244.13999938964844,190.11500896160672,148.5399932861328,137.25294788509495,377.79204546279357,48.730571377443304,252.75,187.02709230289176,145.97000122070312,133.8288226820438,371.0482307864117,47.8291523366515,242.75999450683594,188.93724161752115,147.85000610351562,136.53836114342,377.2612117132878,48.34781882043628,249.2100067138672,43014200,40610900,23967200,28963400,382005000,135401300
2023-11-30,187.9969940185547,146.08999633789062,131.5361328125,372.4932861328125,46.739845275878906,240.0800018310547,188.36320007044645,146.92999267578125,134.533489537284,373.653296016865,48.07898145694806,245.22000122070312,186.2550951920731,144.3300018310547,130.29550678420406,369.1115390125993,46.392070077516905,236.91000366210938,187.88812439803064,144.75999450683594,134.0372391259656,372.0803854957098,47.993034557521675,245.13999938964844,48794400,65814000,38988300,30554400,526247000,132353200
2023-12-01,189.27374267578125,147.02999877929688,130.8711700439453,368.1678161621094,46.7348518371582,238.8300018310547,189.5904446947665,147.25,131.11929527039416,371.7559987121957,47.169572782203616,240.19000244140625,187.28439912721964,145.5500030517578,129.69009154295097,365.02199502186244,46.15722533542331,231.89999389648438,188.37309535289532,146.0,130.8711700439453,370.37971321362784,46.495008690555146,233.13999938964844,45704800,39951800,31442300,33040500,369317000,121331700
2023-12-04,187.48233032226562,144.83999633789062,128.30059814453125,362.88873291015625,45.48065948486328,235.5800018310547,188.09596593756666,145.35000610351562,129.05489339161807,363.26227251698964,46.04729530005155,239.3699951171875,185.52269231677565,142.80999755859375,126.94086915840347,356.7543851446723,44.98098181883111,233.2899932861328,188.02667840765253,145.25,128.90602431139112,362.84940189862635,46.04729530005155,235.75,43389500,48294200,36669900,32063300,437543000,104099800
2023-12-05,191.4313201904297,146.8800048828125,130.00770568847656,366.21148681640625,46.54007339477539,238.72000122070312,192.40123993854135,148.57000732421875,131.14907573021983,366.76200100247496,46.57405104711008,246.66000366210938,188.22462732075607,143.1300048828125,127.28824761685543,359.4283420231669,45.24579248346221,233.6999969482422,188.25433276481266,143.5500030517578,127.98299525723667,360.24430304947185,45.44068360016381,233.8699951171875,66628400,46822400,27384800,23065000,371718000,137971100
2023-12-06,190.34263610839844,144.52000427246094,129.04498291015625,362.55450439453125,45.4776611328125,239.3699951171875,192.75753614335477,147.85000610351562,130.85132683618656,367.8434010010659,47.36061475805966,246.57000732421875,190.1347886146608,144.27999877929688,128.9060333773847,361.7975548433351,45.38671220041947,239.1699981689453,192.45072587794942,147.5800018310547,130.45433249808588,367.2142547508921,47.188709647488736,242.9199981689453,41089700,39679000,23576200,21182100,380590000,126436200
2023-12-07,192.2725830078125,146.8800048828125,135.9031524658203,364.6681213378906,46.5700569152832,242.63999938964844,192.99507315570867,147.9199981689453,137.52093391588886,365.15965403682253,46.6030394870367,244.0800018310547,191.59956669458757,145.33999633789062,133.68987951198724,360.11652374565716,45.578608662273986,236.97999572753906,191.63916388460834,146.14999389648438,134.02732621189014,361.99418225567007,45.67455588233509,241.5500030517578,47477700,52352800,56767100,23118900,350823000,107142300
2023-12-08,193.69776916503906,147.4199981689453,133.9777069091797,367.892578125,47.47954559326172,243.83999633789062,193.97488907234165,147.83999633789062,135.37712172033739,368.11866396815253,47.71441533754204,245.27000427246094,191.67873543823174,145.39999389648438,133.02489934634232,361.99418568198814,46.52407668516983,239.27000427246094,192.2032849129047,145.47999572753906,133.19362268827305,362.94776032697274,46.5690536083124,240.27000427246094,53406400,41906000,32260100,20154400,359224000,103126800
2023-12-11,191.1937713623047,145.88999938964844,132.29043579101562,365.0121765136719,46.601036071777344,239.74000549316406,191.5005967167582,146.19000244140625,132.3400638639477,365.30711413857625,47.504532035793474,243.44000244140625,189.4518726145205,143.63999938964844,130.37491635960205,359.90025435719485,45.8044827851011,237.4499969482422,191.12449893522992,145.66000366210938,131.3872714988426,362.2399548445349,47.46455720613541,242.74000549316406,60943700,50907300,31138000,27708800,509728000,97913900
2023-12-12,192.7080535888672,147.47999572753906,131.5262451171875,368.0400085449219,47.630462646484375,237.00999450683594,192.71794533501543,147.5,132.00264138703446,368.079339558926,47.63945650611494,238.99000549316406,189.748790485074,145.3000030517578,130.27568408533818,364.1863791933993,46.02035970624614,233.8699951171875,191.09480795445688,145.52000427246094,130.82156269889427,364.5697890781994,46.02035970624614,238.5500030517578,52696900,44944300,29032800,24838300,372387000,95328300
2023-12-13,195.92465209960938,148.83999633789062,131.57586669921875,368.03021240234375,48.06123352050781,239.2899932861328,195.96423418895137,149.4600067138672,132.49888537297187,371.2448556652715,48.566952378907466,240.3000030517578,192.8466274130704,146.82000732421875,130.583365685189,364.49117073712733,47.58150116547317,228.1999969482422,193.08415015292962,148.1199951171875,132.37979009748466,369.65226441534134,47.602489384520176,234.19000244140625,70404200,52766200,30104800,30955500,447792000,146286300
2023-12-14,196.07310485839844,147.4199981689453,130.95057678222656,359.7330627441406,48.323081970214844,251.0500030517578,197.567574144968,150.5399932861328,132.71722724840416,367.4304805165179,48.64290352081347,253.8800048828125,194.14315707722483,145.52000427246094,128.71744966150473,357.96355727963385,47.395600998508286,240.7899932861328,195.98403383047588,149.92999267578125,132.37978056258655,366.9880891500058,48.36306061718308,241.22000122070312,66831600,58400800,38722400,43277500,391232000,160829200
2023-12-15,195.53866577148438,149.97000122070312,131.60562133789062,364.4518127441406,48.86277770996094,253.5,196.36011872958818,150.57000732421875,132.5087856193142,366.09351500946013,49.37649145661912,254.1300048828125,194.9745190512041,147.8800048828125,130.19625677632916,360.0771601195224,48.09320598416868,248.3000030517578,195.4990685795855,148.3800048828125,130.63295958195536,360.6375145457429,48.16716609290554,251.2100067138672,128538400,110089300,50847100,78502300,479948000,135932800
2023-12-18,193.8759307861328,154.07000732421875,134.78164672851562,366.33929443359375,50.04911804199219,252.0800018310547,194.6083278162061,154.85000610351562,136.1215140704281,366.68337330414107,50.40491882356695,258.739990234375,192.39135323196817,150.0500030517578,131.4369078643111,362.4365238179664,49.12263603296827,251.36000061035156,194.07387143964067,150.55999755859375,131.6354201914368,363.1935033333252,49.37249683921415,253.77999877929688,55751900,62512800,32258000,21802900,412587000,116416500
2023-12-19,194.9151153564453,153.7899932861328,135.625244140625,366.93896484375,49.57637405395508,257.2200012207031,194.92500710230044,155.1199951171875,136.43910216120065,366.93896484375,49.67232125952952,258.3399963378906,193.87590816937887,152.69000244140625,135.05952649346082,363.5768683048988,48.86776928450163,253.00999450683594,194.14313632648785,154.39999389648438,135.81382173780045,365.1989200557806,49.396473996646186,253.47999572753906,40714100,43171300,25476800,20603700,464444000,106737400
2023-12-20,192.8268280029297,152.1199951171875,137.3025665283203,364.3436584472656,48.084205627441406,247.13999938964844,195.6475162401682,155.6300048828125,140.63737005261123,369.6620453460696,49.97115463261809,259.8399963378906,192.8268280029297,151.55999755859375,137.03460219773686,364.2551861699306,48.07121237951516,247.0,194.87553713507947,152.89999389648438,137.9278469217378,368.64948928220537,49.62734444732078,256.4100036621094,52242800,50322100,49107200,26316700,397894000,125097000
2023-12-21,192.67837524414062,153.83999633789062,139.36697387695312,367.21429443359375,48.96271896362305,254.5,195.0537085192927,153.97000122070312,139.63495335905975,368.0695566165207,49.067660031222275,254.8000030517578,191.5105147545003,152.10000610351562,138.1362673150206,363.7735651914328,48.3920339970984,248.5500030517578,194.08378869377222,153.3000030517578,138.44395531377506,366.2508794455086,48.78381779537504,251.89999389648438,46482500,36305700,27488300,17708000,300425000,109594200
2023-12-22,191.60946655273438,153.4199981689453,140.428955078125,368.2366027832031,48.80281448364258,252.5399932861328,193.40085423729087,154.35000610351562,140.92520551853121,368.8264479888416,49.35550417725914,258.2200012207031,190.98593919883143,152.7100067138672,139.6548056026402,366.39827539290235,48.440013817586234,251.3699951171875,193.17320815773428,153.77000427246094,139.7143532323911,367.3518499751321,49.16760912555352,256.760009765625,37149600,29514100,26532200,17107500,252507000,93370100
2023-12-26,191.0651397705078,153.41000366210938,140.45872497558594,368.31524658203125,49.251556396484375,256.6099853515625,191.8964996004414,153.97999572753906,141.61001445550394,370.5566342519059,49.572376781102484,257.9700012207031,190.84740051477698,153.02999877929688,140.1311978767292,367.17488724110945,48.93273380006729,252.91000366210938,191.6193796571302,153.55999755859375,140.52819216023732,368.6494851818368,48.9407287654443,254.49000549316406,28919300,25067200,16780300,12673100,244200000,86892400
2023-12-27,191.16409301757812,153.33999633789062,139.3173370361328,367.7353515625,49.389488220214844,261.44000244140625,191.5105004803971,154.77999877929688,141.01452012352266,368.70857689399736,49.65234228998856,263.3399963378906,189.12527563548673,153.1199951171875,138.84094087687075,366.4966793218445,49.05767232034617,257.5199890136719,190.5108903848591,153.55999755859375,140.5281892635429,367.3617818390781,49.483437657255976,258.3500061035156,48087700,31434700,19628600,14905400,233648000,106494400
2023-12-28,191.5896759033203,153.3800048828125,139.17840576171875,368.92474365234375,49.49442672729492,253.17999267578125,192.65857351066379,154.0800018310547,140.0815852724405,370.08475350322914,49.85622468658464,265.1300048828125,191.18388776405135,152.9499969482422,138.70200954003505,367.82371531924764,49.38448736257904,252.7100067138672,192.14391575114956,153.72000122070312,139.72428432008698,369.0132159290277,49.615361553511725,263.6600036621094,34049900,27057000,16045700,14327000,246587000,113619900
2023-12-29,190.5504608154297,151.94000244140625,138.64244079589844,369.67193603515625,49.49442672729492,248.47999572753906,192.40122918172025,153.88999938964844,139.30741452234906,370.77296452657316,49.96916454651592,255.19000244140625,189.758683164504,151.02999877929688,137.73926142269332,367.1552909116957,48.72385609264306,247.42999267578125,191.9063700376295,153.10000610351562,138.58289317029994,369.6326050173838,49.78526507165566,255.10000610351562,42672100,39823200,18733000,18730800,389293000,100891600
2024-01-02,183.73129272460938,149.92999267578125,137.13385009765625,364.5894775390625,48.14117431640625,248.4199981689453,186.50250680575422,152.3800048828125,138.4042500618413,369.5342955375811,49.26754558758411,251.25,181.99928581163158,148.38999938964844,135.45652112222194,360.55890320609336,47.568495374432075,244.41000366210938,185.2257618242656,151.5399932861328,137.51100529289818,367.528833625427,49.216575301212856,250.0800018310547,82488700,47339400,23711200,25258600,411254000,104654200
2024-01-03,182.3555908203125,148.47000122070312,137.8782196044922,364.32403564453125,47.54250717163086,238.4499969482422,183.96883642924203,151.0500030517578,138.58290188858055,366.93899315410624,48.157162518574,245.67999267578125,181.5440145919006,148.3300018310547,136.05202163090297,362.26943260145976,47.29364530064644,236.32000732421875,182.32590048043423,149.1999969482422,136.2207449621666,362.760965291212,47.45855432058639,244.97999572753906,58414500,49425500,24212100,23083500,320896000,121082600
2024-01-04,180.0396728515625,144.57000732421875,135.36720275878906,361.7090759277344,47.971275329589844,237.92999267578125,181.2075332827541,147.3800048828125,138.11643460621872,366.7816968551165,48.47299471292731,242.6999969482422,179.02026413555495,144.0500030517578,135.32750938466225,360.95212639041375,47.48154648897857,237.72999572753906,180.277195595857,145.58999633789062,137.38197845779115,364.3928551976836,47.74040114665584,239.25,71983600,56039800,27137700,20901500,306535000,102629300
2024-01-05,179.317138671875,145.24000549316406,134.712158203125,361.52227783203125,49.069664001464844,237.49000549316406,180.8808952614232,146.58999633789062,136.13144252624735,365.75928703620065,49.51941421396134,240.1199951171875,178.31752871293088,144.52999877929688,134.13650579847908,360.29344616027043,48.27910404671196,234.89999389648438,180.1188231104021,144.69000244140625,135.72451347642397,362.72161874370073,48.43501923291163,236.86000061035156,62379700,45153100,22513900,21004600,415039000,92488900
2024-01-08,183.65213012695312,149.10000610351562,137.798828125,368.34478759765625,52.22390365600586,240.4499969482422,183.6917273170526,149.39999389648438,137.96755146900708,368.8461605661577,52.24589457837139,241.25,179.63387614033877,146.14999389648438,135.23817385924744,362.76098316710153,49.45144996976697,235.3000030517578,180.21780632812883,146.74000549316406,135.26794767616852,363.04605054064757,49.48443254074205,236.13999938964844,59144500,46757100,21404000,23134000,642510000,85166600
2024-01-09,183.23643493652344,151.3699951171875,139.8930206298828,369.4261474609375,53.11041259765625,234.9600067138672,183.24632668227045,151.7100067138672,140.42897968026014,369.62274253642516,54.29475419696261,238.9600067138672,180.8512103460259,148.2100067138672,137.11401464787397,364.9040407138779,51.66121915258384,232.0399932861328,182.0289774717032,148.3300018310547,137.46139607476167,365.71016152546855,52.37182563719699,238.11000061035156,42841800,43812600,24759600,20830000,773100000,96705700
2024-01-10,184.27566528320312,153.72999572753906,141.21302795410156,376.2879333496094,54.31973648071289,233.94000244140625,184.48349768333688,154.4199981689453,141.9276298192861,377.6642489138574,54.569597281107285,235.5,182.02900036017593,151.8800048828125,139.85330655657418,369.94717950336036,53.45921582315341,231.2899932861328,182.4545871112419,152.05999755859375,139.94262800363174,369.99632077317983,53.58614782430592,235.10000610351562,46792900,44421800,21320200,25514200,533796000,91628500
2024-01-11,183.68182373046875,155.17999267578125,141.0145263671875,378.1164245605469,54.791473388671875,227.22000122070312,185.12681915669637,157.1699981689453,144.13097851399309,384.0639578363486,55.315183696465496,230.92999267578125,181.73207738578324,153.1199951171875,139.58532268175995,373.9383968872458,53.530178853161665,225.3699951171875,184.62205313633504,155.0399932861328,142.41395623786542,379.4632192692285,54.9683767860804,230.57000732421875,49128400,49072700,24008700,27850800,596759000,105873600
2024-01-12,184.00843811035156,154.6199951171875,141.5802459716797,381.8913879394531,54.679534912109375,218.88999938964844,184.82001442518902,156.1999969482422,142.12612449032548,382.0978232574525,54.93939227133335,225.33999633789062,183.28594792653803,154.00999450683594,140.75648355960536,378.13607119839037,54.29974925258684,217.14999389648438,184.14699807850627,155.38999938964844,141.6001002299109,378.9618424711607,54.58958487431233,220.0800018310547,40477800,40484200,18785500,21661200,352994000,123043800
2024-01-16,181.74197387695312,153.16000366210938,141.42147827148438,383.6609191894531,56.350608825683594,219.91000366210938,182.36548612847807,154.99000549316406,143.267530806828,387.3572546583597,56.803355729677996,223.49000549316406,179.0697224204938,152.14999389648438,140.38926871174172,381.0558019045163,54.86943549694436,212.17999267578125,180.28708678689063,153.52999877929688,140.93514731118603,386.9935252639614,54.98736982997111,215.10000610351562,65603000,41384600,22670500,27202300,449580000,115355000
2024-01-17,180.8017120361328,151.7100067138672,140.40911865234375,382.8744812011719,56.02178955078125,215.5500030517578,181.0491415840924,152.14999389648438,140.77633917868644,383.50362745457204,56.439556064869315,215.6699981689453,178.4461930088501,149.91000366210938,137.85838379541343,378.29339285307435,54.709520939803106,212.00999450683594,179.40622086308548,151.49000549316406,140.2900233777166,381.4097233605343,56.31562456246964,214.86000061035156,47317400,34953400,20968600,22234100,474394000,103164400
2024-01-18,186.69056701660156,153.5,142.40402221679688,387.1999816894531,57.0752067565918,211.8800048828125,187.1953179109023,153.77999877929688,143.12855876412843,387.31794474262756,57.5679323320847,217.4499969482422,183.91935276727983,151.82000732421875,140.92520559596517,383.51348627386955,56.075763460461346,208.74000549316406,184.17667408756796,152.77000427246094,140.98475322574876,385.08639698467385,57.228121458897405,216.8800048828125,78005800,37850200,25746400,23392100,491650000,108595400
2024-01-19,189.59042358398438,155.33999633789062,145.28228759765625,391.91864013671875,59.4578742980957,212.19000244140625,189.97641309339812,155.75999450683594,145.35175478607076,391.91864013671875,59.46686815803494,213.19000244140625,186.87860527237555,152.74000549316406,143.29728578386394,386.83617954565267,57.1931334387279,207.55999755859375,187.3833561379468,153.8300018310547,143.65458671612103,389.05791663198113,57.95670795373914,209.99000549316406,68903000,51651600,34271900,29331100,543501000,102260300
2024-01-22,191.896484375,154.77999877929688,144.8952178955078,389.7952880859375,59.620784759521484,208.8000030517578,193.32168117146784,157.0500030517578,147.2772140972634,393.8356726529961,60.29740976678535,217.8000030517578,190.2832386815117,153.89999389648438,144.7463336676715,386.9247237943795,59.037110289114665,206.27000427246094,190.32283587135973,156.88999938964844,145.99689454630132,393.2458273875224,60.01556528618006,212.25999450683594,60133900,43687500,32200400,27016900,452955000,117952500
2024-01-23,193.17323303222656,156.02000427246094,145.9373321533203,392.1447448730469,59.839664459228516,209.13999938964844,193.73737977781175,156.2100067138672,146.07628167971635,392.61662702057765,59.876642607504685,215.64999389648438,191.83712223283266,153.92999267578125,144.40888736296378,387.25890909833606,58.55237959065836,207.75,193.01488956324005,154.85000610351562,144.79596212537868,389.0480951568549,59.536831763324194,211.3000030517578,42355600,37986000,21636100,20525900,294654000,106605900
2024-01-24,192.50022888183594,156.8699951171875,147.5848846435547,395.7428283691406,61.32783126831055,207.8300018310547,194.36090430723632,158.50999450683594,148.7262697948882,398.7608465253621,62.81400277309229,212.72999572753906,192.34187031331157,156.47999572753906,146.98939317466798,393.66857465315076,59.90462440869122,206.77000427246094,193.4107679979945,157.8000030517578,147.4260808607733,394.7401124022686,60.27042173718701,211.8800048828125,53631300,48547300,25233500,24867000,560271000,123369900
2024-01-25,192.17359924316406,157.75,150.73110961914062,398.013671875,61.58269119262695,182.6300048828125,194.2520137003454,158.50999450683594,151.90226857782716,400.11744616888006,62.68407876992676,193.0,191.124500268323,154.5500030517578,148.41858066213035,395.71330250742477,60.81611616664833,180.05999755859375,193.21280647175473,156.9499969482422,148.94462008165343,397.4729979213706,62.31528094129938,189.6999969482422,54822100,43638600,29149100,21021200,482777000,198076800
2024-01-26,190.4415740966797,159.1199951171875,151.0487060546875,397.0895690917969,60.99701690673828,183.25,192.75751105858055,160.72000122070312,151.39607226389228,399.2916558179086,61.748600916766215,186.77999877929688,189.966513589549,157.91000366210938,149.8775471822791,395.61497110591324,60.53927554518053,182.10000610351562,192.27255880614135,158.4199981689453,149.96688376806185,397.52212023438454,60.926057292697806,185.5,44594000,51047400,26115500,17803300,390309000,107343200
2024-01-29,189.75869750976562,161.25999450683594,152.3588104248047,402.7815246582031,62.430213928222656,190.92999267578125,190.22386634852867,161.2899932861328,152.62678991300623,403.037131241998,62.45419882429467,191.47999572753906,187.63080907007364,158.89999389648438,150.29440669865645,397.4827881758261,60.87308290712382,183.6699981689453,190.03581744325376,159.33999633789062,150.919687123006,399.18350198201716,61.197898867345,185.6300048828125,47145600,45270400,27784300,24510200,348733000,125013100
2024-01-30,186.1066436767578,159.0,150.32418823242188,401.67071533203125,62.739044189453125,191.58999633789062,189.82799457367844,161.72999572753906,152.46797859903648,406.0551789121295,63.457645602005435,196.36000061035156,185.54251203451676,158.49000549316406,150.05620875745953,399.5669708342569,62.225330458008614,190.61000061035156,188.97683613469175,160.6999969482422,151.6541357617942,405.27857879420264,62.86497729318725,195.3300018310547,55859400,45207400,36331800,33477600,410735000,109982300
2024-01-31,182.50405883789062,155.1999969482422,139.0493927001953,390.8471374511719,61.49273681640625,187.2899932861328,185.17631048108575,159.00999450683594,142.9201404462014,408.28673844568766,62.234324185472055,193.97000122070312,182.45458500160478,154.80999755859375,138.82110657193016,390.48340804499526,60.66619769778631,185.85000610351562,185.11691469411622,157.0,142.5429852293833,400.06829591373173,61.40578346607499,187.0,55467800,50284400,71910000,47871100,453795000,103221400
2024-02-01,184.93875122070312,159.27999877929688,140.1014404296875,396.942138671875,62.99190902709961,188.86000061035156,185.02782223798647,159.75999450683594,141.9871862131904,401.0906757831929,63.15581918121957,189.8800048828125,181.93001441121828,155.6199951171875,139.73420477296187,394.9956584155895,61.6156767942891,184.27999877929688,182.0982647000541,155.8699951171875,141.0542328791591,395.02514917701313,62.06542319875055,188.5,64885400,76542400,40466500,30657700,369146000,91843300
2024-02-02,183.9391632080078,171.80999755859375,141.3123016357422,404.2561340332031,66.12316131591797,187.91000366210938,185.40394215196616,172.5,141.55049219078217,405.66191028214797,66.56291110918288,188.69000244140625,177.40701599262258,167.3300018310547,135.47639072744062,396.7258498594463,63.654531745686434,182.0,178.01074479617154,169.19000244140625,138.21568812094753,396.9716161967069,63.93837399186544,185.0399932861328,102551700,117218300,62499600,28256700,476578000,110612700
2024-02-05,185.75030517578125,170.30999755859375,142.60252380371094,398.78045654296875,69.29339599609375,181.05999755859375,187.30417000412038,170.5500030517578,144.37910891749272,404.197156266753,69.45830503749701,184.67999267578125,183.92922730587782,167.6999969482422,141.70927904042497,397.1485644483077,67.16758142852466,175.00999450683594,186.21547393955785,170.1999969482422,141.74898755775797,402.9584843152066,68.18701012748092,184.25999450683594,69668800,55081300,38505400,25352300,680078000,134294400
2024-02-06,187.3536834716797,169.14999389648438,143.0194091796875,398.6231689453125,68.18501281738281,185.10000610351562,187.36357521832525,170.7100067138672,144.26995506660353,401.06118187336995,69.71515858330277,186.49000549316406,184.8496972971495,167.64999389648438,142.11622957806597,396.0868734804641,66.26308702618283,177.11000061035156,184.93876832266957,169.38999938964844,143.5652726486309,399.0065788415849,69.59122707783612,177.2100067138672,43490800,42505500,29128200,18382600,683111000,122676000
2024-02-07,187.46253967285156,170.52999877929688,144.44859313964844,407.0382385253906,70.0599594116211,187.5800018310547,189.08567701882757,170.8800048828125,144.52799503931547,407.28400488846614,70.18089422020962,189.7899932861328,186.6707620426896,168.94000244140625,142.85066587671363,400.50085926773676,67.56235060844563,182.67999267578125,188.67988890685803,169.47999572753906,143.67444354834973,400.5401902860463,68.28095195120673,188.17999267578125,53439000,47174100,25208900,22340500,495575000,111535200
2024-02-08,186.38372802734375,169.83999633789062,144.8158416748047,407.09716796875,69.60221862792969,189.55999755859375,187.59117026862984,171.42999267578125,145.2326903267898,408.5226246925269,70.75457644757603,191.6199951171875,185.42370022002498,168.8800048828125,144.01191819280734,405.5439379531735,69.41632519274872,185.5800018310547,187.44271858786936,169.64999389648438,144.7364397680887,407.03818644922006,70.0349761659854,189.0,40962000,42316500,22563800,21225300,414422000,83034000
2024-02-09,187.1468048095703,174.4499969482422,147.8826446533203,413.4281311035156,72.09284973144531,193.57000732421875,188.2765227675386,175.0,148.31934750358255,413.693577955035,72.14481511205457,194.1199951171875,186.30446474496694,170.5800018310547,145.08378464629212,408.060602560808,70.17291382776136,189.47999572753906,186.9485964735415,170.89999389648438,145.58003513170593,408.2178966207668,70.49373428612587,190.17999267578125,45155200,56986000,26829500,22032800,436637000,84476300
2024-02-12,185.462158203125,172.33999633789062,146.42367553710938,408.2276611328125,72.20777130126953,188.1300048828125,186.96845412640727,175.38999938964844,148.2200999757686,413.6148391831957,74.56945447682682,194.72999572753906,185.10540430343121,171.5399932861328,146.2648717378868,407.72628828476604,71.21032591879988,187.27999877929688,186.7207087827637,174.8000030517578,147.3070008467846,413.4378946488624,72.55957267433736,192.11000061035156,41781900,51050400,21564100,21202900,613710000,95498600
2024-02-13,183.3711395263672,168.63999938964844,144.05157470703125,399.43914794921875,72.08784484863281,184.02000427246094,184.53060074172208,170.9499969482422,145.57009981647306,403.12564326770877,73.40910749101484,187.25999450683594,181.85493962465304,165.75,142.61245148398422,396.55877347389134,69.58124543898839,182.11000061035156,184.094566630165,167.72999572753906,143.83322330553597,398.0825128718903,70.36080999462226,183.99000549316406,56529500,56345100,27837700,27824900,602580000,86759500
2024-02-14,182.4892120361328,170.97999572753906,144.8455810546875,403.29986572265625,73.85885620117188,188.7100067138672,183.8567711565096,171.2100067138672,145.42123338322318,403.6445808998677,74.19466766232887,188.88999938964844,180.79464237244255,168.27999877929688,143.00944836635193,398.454256564083,71.89795059750436,183.35000610351562,183.6486735380374,169.2100067138672,144.9845305723091,401.9013482236895,73.16124677886643,185.3000030517578,54630500,42815500,22704200,20401200,504917000,81203000
2024-02-15,182.20179748535156,169.8000030517578,141.6993408203125,400.4141845703125,72.6175308227539,200.4499969482422,182.82612045767794,171.1699981689453,142.4437164064645,402.94534207042653,73.93379867183279,200.8800048828125,179.71444020641266,167.58999633789062,139.40666643806202,398.17851011795324,72.35967890593884,188.86000061035156,181.89459574378543,170.5800018310547,142.0665612632856,401.9703171422234,73.82786252680346,189.16000366210938,65434500,49855200,37590700,21825500,420122000,120831800
2024-02-16,180.66580200195312,169.50999450683594,139.4662322998047,397.95196533203125,72.57256317138672,199.9499969482422,183.18290302222294,170.4199981689453,142.1162079157189,402.11803273676423,74.36056840015162,203.1699981689453,180.03157456209792,167.1699981689453,139.08907710730534,397.3413424619827,72.46062602851259,197.39999389648438,181.76579187183052,168.74000549316406,141.9177107623263,401.7930043986709,74.05873462198204,202.05999755859375,49752500,48107700,31468900,22296500,495327000,111346700
2024-02-20,179.92254638671875,167.0800018310547,140.0617218017578,396.701171875,69.41332244873047,193.75999450683594,180.78469520216953,168.7100067138672,141.01452932682773,398.3754555316585,71.91592565937303,198.60000610351562,178.3766181157698,165.74000549316406,138.44395563708255,391.99343067715284,67.696276964279,189.1300048828125,180.15046783149373,167.8300018310547,138.6126789723254,397.1443513475326,71.90692798783778,196.1300048828125,53665600,41980300,25144700,24307900,704833000,104545800
2024-02-21,180.67568969726562,168.58999633789062,141.48101806640625,396.1003723144531,67.43444061279297,194.77000427246094,181.24054108716462,170.22999572753906,141.6199675981642,396.20872511051635,68.84965273678795,199.44000244140625,179.03065736673128,167.13999938964844,139.62503093119838,391.2153593903598,66.21112295055113,191.9499969482422,180.29911202321813,168.94000244140625,140.38926092804869,394.12077725006736,67.9681399359681,193.36000061035156,41371400,44420100,23223300,18518900,673755000,103500300
2024-02-22,182.7071990966797,174.5800018310547,143.00946044921875,405.42724609375,78.49427795410156,197.41000366210938,183.29188949706392,174.8000030517578,143.9126399622496,406.5894012936675,78.53125229218321,198.32000732421875,180.8144364958238,171.77000427246094,141.72914086755702,402.3938184427991,74.17868109913526,191.36000061035156,181.82522643308513,173.10000610351562,143.84315762538745,403.9893247437461,74.98323324060954,194.0,52292200,55392400,27191900,27009900,865100000,92739500
2024-02-23,180.87388610839844,174.99000549316406,142.88046264648438,404.1370544433594,78.77311706542969,191.97000122070312,183.37114775196545,175.75,143.5950494938004,409.57360004080124,82.34812129044985,197.57000732421875,180.58649310326592,173.6999969482422,142.35442313940538,402.7877689820269,77.52680973171769,191.5,183.34141952676862,174.27999877929688,142.5926288514205,409.3864998448466,80.7450180977802,195.30999755859375,45119700,59715200,19493800,16295900,829388000,78841900
2024-02-26,179.5261688232422,174.72999572753906,136.5383758544922,401.37933349609375,79.04796600341797,199.39999389648438,181.11172976770854,176.3699951171875,141.37185109123465,405.92948936303003,80.60110162092384,201.77999877929688,179.02075870271764,174.25999450683594,136.35971779155244,401.20203166596815,78.46128722131758,192.0,180.59643039937333,175.6999969482422,141.07409774924443,405.24005905629645,79.65562156391138,192.2899932861328,40867400,44368600,53641800,16193500,503973000,111747100
2024-02-27,180.98292541503906,173.5399932861328,137.83853149414062,401.3202819824219,78.65718078613281,199.72999572753906,182.2612846793882,174.6199951171875,138.20575198535647,402.14758039730725,79.43575404356761,205.60000610351562,177.94060546909574,172.86000061035156,136.06194638095468,397.74515057992284,77.11904376268178,198.25999450683594,179.46672518750105,174.0800018310547,136.98498010411188,401.82255205730473,79.3368025112215,204.0399932861328,54318900,31141700,33099200,14835800,391705000,108645400
2024-02-28,179.78379821777344,173.16000366210938,135.3572540283203,401.556640625,77.61975860595703,202.0399932861328,181.46846314665845,174.0500030517578,136.97501991557078,403.1127430930959,78.88904810428491,205.3000030517578,178.50543918901624,172.27000427246094,134.39452711134072,399.1929265964819,77.08205615581203,198.44000244140625,180.86396404098633,172.44000244140625,136.8658442297991,402.00967855020446,77.57678328073024,200.4199981689453,48953900,28180500,37328600,13183100,393110000,99806200
2024-02-29,179.11984252929688,176.75999450683594,137.4216766357422,407.3871765136719,79.06795501708984,201.8800048828125,180.9234354771045,177.22000122070312,137.8186709245879,407.9387088030321,79.94546455588929,205.27999877929688,177.9108443188521,172.85000610351562,135.37711212953872,399.7838756031993,78.30637821286784,198.4499969482422,179.63515696026653,173.00999450683594,136.25051773823296,402.46275960420144,79.04996729538055,204.17999267578125,136682600,53805400,42133000,31947300,507289000,85907000
2024-03-01,178.03970336914062,178.22000122070312,136.111572265625,409.21905517578125,82.2331771850586,202.63999938964844,178.90185225837237,178.72999572753906,137.8285945752075,409.5834572269849,82.2541692109824,204.52000427246094,175.78026722267666,176.07000732421875,135.89322085696574,404.6688986492537,79.39075927311268,198.5,177.93069482167198,176.75,137.39189175788897,405.05298754832427,79.95544705800646,200.52000427246094,73563100,31981200,31151100,17823400,479135000,82243100
2024-03-04,173.5208282470703,177.5800018310547,132.34999084472656,408.6478576660156,85.18952178955078,188.13999938964844,175.30458245485661,180.13999938964844,134.6426653234506,411.0411172557343,87.64615284598061,199.75,172.2226300679557,177.49000549316406,130.92078723607764,406.0871546636639,83.67236958529944,186.72000122070312,174.56134649455421,177.52999877929688,134.6426653234506,407.19021932775195,84.08313614077356,198.72999572753906,81510100,37381500,55999400,17596000,615616000,134334900
2024-03-05,168.585693359375,174.1199951171875,131.6750946044922,396.5632019042969,85.920166015625,180.74000549316406,170.48837518309247,176.92999267578125,132.2408273954596,407.9878526735756,86.05310143549691,184.58999633789062,168.09020282857864,173.3000030517578,129.69009277405854,394.58360717326707,83.37446759481172,177.57000732421875,169.21992063394748,176.92999267578125,130.89102554499024,407.70222813887517,85.22651962468665,183.0500030517578,95132400,37228300,40194800,26919200,520639000,119660800
2024-03-06,167.5947265625,173.50999450683594,130.41461181640625,396.01171875,88.65476989746094,176.5399932861328,169.6956168742887,176.4600067138672,132.57827164707297,399.03531766594347,89.67824984643924,181.5800018310547,167.1586924388991,173.25999450683594,129.86874843851078,392.36766860816914,86.9856232402923,173.6999969482422,169.51723240501005,175.5399932861328,132.12171457090452,396.87842085481464,87.97712182383515,179.99000549316406,68587700,32090900,35318600,22344100,582520000,107920900
2024-03-07,167.475830078125,176.82000732421875,133.37228393554688,402.9552001953125,92.62173461914062,178.64999389648438,169.1902233947002,177.99000549316406,133.92808205040117,403.58550992875143,92.71968420903526,180.0399932861328,166.97043508778398,173.72000122070312,130.62305203418242,396.15948083378726,89.55629754335479,173.6999969482422,167.62447121611535,174.8300018310547,131.79419589843073,399.98083315410713,90.11201372188047,174.35000610351562,71765100,34063300,37738200,18718500,608119000,102129000
2024-03-08,169.19021606445312,175.35000610351562,134.39454650878906,400.0793151855469,87.48336791992188,175.33999633789062,172.13343143853632,178.7899932861328,137.0544415724304,404.21583727335775,97.35033567284756,182.72999572753906,167.41636636953461,174.3300018310547,132.99511664674006,398.2178712291556,86.46188588221935,174.6999969482422,167.4758228221548,176.44000244140625,133.20354849306366,401.793002594602,95.08948806655721,181.5,76267000,37893200,39370400,18002200,1142269000,85544600
2024-03-11,171.1920166015625,171.9600067138672,136.63760375976562,398.40496826171875,85.73025512695312,177.77000427246094,172.80732093128213,174.47000122070312,138.05688799115902,399.54743645794565,88.75170831683343,182.8699951171875,170.49833272784605,171.47000122070312,135.10915896262767,395.19426925023413,84.12307354021831,174.8000030517578,171.38030546468005,174.30999755859375,135.10915896262767,397.6564774172096,86.38491984001777,175.4499969482422,60139500,28484800,32437800,16120800,678364000,85391500
2024-03-12,171.66766357421875,175.38999938964844,137.46136474609375,409.0022888183594,91.86614227294922,177.5399932861328,172.46045153320196,176.75999450683594,138.33477032136187,409.2879133584253,91.91311538288066,179.42999267578125,169.4676841705973,171.97999572753906,136.00238731666215,400.6406401762095,86.10607991861596,172.41000366210938,171.58838326620315,173.5,136.00238731666215,401.458079996916,88.00411383105026,177.77000427246094,59825400,36610600,27563400,22457000,668075000,87391700
2024-03-13,169.58663940429688,176.55999755859375,138.74169921875,408.8250732421875,90.84165954589844,169.47999572753906,171.62805851944387,177.6199951171875,140.03195346478358,411.85850065118984,91.45734278263059,176.0500030517578,169.2199660307435,175.5500030517578,137.94771058521772,405.2302551257752,88.3899073255105,169.14999389648438,171.21184817645832,175.89999389648438,137.95763014261004,411.7797232101297,91.00857421482128,173.0500030517578,52488700,30772600,23347200,17115900,635713000,106524500
2024-03-14,171.4397735595703,178.75,142.02688598632812,418.7921142578125,87.89915466308594,162.5,172.73795670875472,179.52999877929688,142.51320173883516,421.3528170705886,90.59978030033041,171.1699981689453,170.49834430125284,176.47000122070312,139.40668419509728,411.6713965625505,86.55583824442805,160.50999450683594,171.35058886714742,177.69000244140625,140.13120561748423,413.88738417925487,89.53132517509458,167.77000427246094,72913500,43705800,42753400,34157300,602318000,126325700
2024-03-15,171.06317138671875,174.4199981689453,140.1212921142578,410.1251525878906,87.79219818115234,163.57000732421875,171.06317138671875,177.92999267578125,142.1062942304719,416.2117246963819,89.50032616800947,165.17999267578125,168.75418335618096,173.89999389648438,138.97992195518043,406.55002108975805,86.21300982934207,160.75999450683594,169.62625165850892,176.63999938964844,141.43140078025397,412.9517630950902,86.88566309961936,163.16000366210938,121752700,72147400,49475400,45079900,642086000,97146800
2024-03-18,172.15325927734375,174.47999572753906,146.57252502441406,411.0115051269531,88.40989685058594,173.8000030517578,176.107279800922,176.69000244140625,151.00900524024846,414.3699607798189,92.35787961611925,174.72000122070312,171.95506605696912,174.27999877929688,146.06635501951953,407.52500983634934,87.04059269589636,165.89999389648438,173.98658058844927,175.8000030517578,147.4955587325886,407.9879061886506,90.3419098330075,170.02000427246094,75604200,31250700,69273700,20106000,668976000,108214400
2024-03-19,174.49195861816406,175.89999389648438,145.92738342285156,415.03973388671875,89.35242462158203,171.32000732421875,175.0171774056643,176.08999633789062,147.67417928324386,415.295813199016,90.49783644933297,172.82000732421875,171.4694631572472,173.52000427246094,144.98451074334642,409.268301301435,84.96666127835144,167.4199981689453,172.76764601394297,174.22000122070312,147.0489141116425,411.51383434146254,86.65579447616338,172.36000061035156,55215200,26880900,24070400,19837900,672171000,77271400
2024-03-20,177.05860900878906,178.14999389648438,147.6245880126953,418.8018798828125,90.32592010498047,175.66000366210938,177.05860900878906,178.52999877929688,147.7436832734465,419.52082535865304,90.36390274155225,176.25,173.51089450186836,174.63999938964844,145.6395862302464,414.3009565965617,88.17801382637771,170.82000732421875,174.1352174960067,176.13999938964844,146.89013190121898,415.62069643346314,89.75120872764549,173.0,53423100,29947200,21311500,17860100,479063000,83846700
2024-03-21,169.82443237304688,178.14999389648438,146.49314880371094,422.8793640136719,91.38837432861328,172.82000732421875,175.88924720546055,181.4199981689453,149.24236557867428,424.30745690999566,92.60076087628697,178.17999267578125,169.2992135808601,178.14999389648438,145.7983860112411,420.70278020104655,90.3589007516049,171.8000030517578,175.4532130863986,179.99000549316406,148.34912076601722,423.3324019440985,92.2529387505123,176.38999938964844,106181300,32824300,24755600,21296200,480372000,73178000
2024-03-22,170.72625732421875,178.8699951171875,149.63938903808594,422.25885009765625,94.24092102050781,170.8300018310547,171.48931715990707,179.25999450683594,150.44331247348805,423.3619145681295,94.72967008042832,171.1999969482422,168.5262776263353,176.75,147.86280366006199,419.62922855755534,90.78768098585184,166.3000030517578,170.210942813777,177.75,148.0017532026702,423.2043596919927,91.09452364541656,166.69000244140625,71160100,27995400,29211800,17648500,586719000,75580600
2024-03-25,169.30914306640625,179.7100067138672,148.9446258544922,416.4677734375,94.95354461669922,172.6300048828125,170.3893089389317,180.99000549316406,149.25229872799846,420.94901086959675,96.71664485506633,175.24000549316406,167.92176032191367,177.24000549316406,146.71149870171885,415.23666920718586,93.46230882119279,168.72999572753906,169.03166954174233,178.00999450683594,148.81559588391366,418.81180070101897,93.89308875236317,168.75999450683594,54288300,29815500,19229300,18060500,552136000,74228600
2024-03-26,168.17942810058594,178.3000030517578,149.5401153564453,415.2760009765625,92.51380157470703,177.6699981689453,169.87399750483326,180.4499969482422,151.1181882221387,419.5503905165624,96.32585986372577,184.25,168.0505957042821,177.9499969482422,148.85528728225617,414.9805480350016,92.4548335490284,177.3800048828125,168.4668059986792,180.14999389648438,149.09349296069317,419.1761300864183,95.8021249691622,178.5800018310547,57388400,29659000,22149100,16725600,513648000,113186200
2024-03-27,171.7469482421875,179.8300018310547,149.7386016845703,415.0594177246094,90.20397186279297,179.8300018310547,172.0343412561863,180.0,150.50283159628924,418.03378492661795,93.1924448065412,181.91000366210938,168.575811446925,177.30999755859375,147.78337375554537,412.6760166495803,89.07754773882262,176.0,168.87310882923745,179.8800048828125,150.0462745317352,418.0239264742912,93.0645117345537,181.41000366210938,60273300,33272600,22879200,16705000,586067000,81804000
2024-03-28,169.93345642089844,180.3800048828125,149.7981719970703,414.360107421875,90.30992889404297,175.7899932861328,170.67669234048742,181.6999969482422,150.294422508123,415.4927172172239,91.25344777796057,179.57000732421875,168.97220342186947,179.25999450683594,149.04387667224117,412.78428811448583,89.14751991247192,175.3000030517578,170.20102558587905,180.1699981689453,149.71878524234197,414.5964697982947,89.95410761772509,177.4499969482422,65672700,38051600,24485400,21871200,435212000,77654800
2024-04-01,168.4965362548828,180.97000122070312,154.32398986816406,418.1518859863281,90.3169174194336,175.22000122070312,169.70553455748254,183.0,154.57211512447668,421.4217055688743,92.17796738530402,176.75,167.9514935576168,179.9499969482422,149.48058001874543,415.83740435240986,89.15851187965868,170.2100067138672,169.6460781034487,180.7899932861328,149.55998191808914,417.5412631842415,90.25295469319977,176.1699981689453,46240500,29174500,31730800,16316000,452441000,81562100
2024-04-02,167.3172607421875,180.69000244140625,153.40093994140625,415.0692138671875,89.40638732910156,166.6300048828125,167.81275133793278,180.7899932861328,153.53988946458512,415.9950065592136,90.04805823236576,167.69000244140625,166.71276161053132,178.3800048828125,151.0090090869194,411.5236280313696,87.57532082751612,163.42999267578125,167.55510167176752,179.07000732421875,152.34889138814307,413.7593022671653,88.40289389067334,164.75,49329500,32611500,24586000,17912000,433064000,116650600
2024-04-03,168.11996459960938,182.41000366210938,153.7582244873047,414.0942077636719,88.91863250732422,168.3800048828125,169.14067408704202,182.8699951171875,153.91702825239753,416.8617275140834,90.32791718260744,168.82000732421875,167.05962251511946,179.8000030517578,151.5846452787233,412.75475080677563,88.35492473761427,163.27999877929688,167.2677201117247,179.89999389648438,152.44813128619023,413.3850905644336,88.43888153844358,164.02000427246094,47691700,31046600,24705000,16502300,370067000,82950100
2024-04-04,167.29747009277344,180.0,149.4011688232422,411.56304931640625,85.8611831665039,171.11000061035156,170.3695030458197,185.10000610351562,153.60937836042848,422.1899488258563,90.58777505707383,177.19000244140625,167.29747009277344,180.0,149.3217669288391,411.2577378896696,85.83619439258581,168.00999450683594,168.75419869027797,184.0,152.34889789636918,418.5655553413228,90.35988689456467,170.07000732421875,53704400,41624300,34724700,19370900,434965000,123162000
2024-04-05,168.0505828857422,185.07000732421875,151.35638427734375,419.0875549316406,87.96311950683594,164.89999389648438,168.85327518664994,186.27000427246094,152.26948327008697,420.0626098925823,88.43587785170828,170.86000061035156,167.4262599311819,181.97000122070312,148.4781377816176,411.99641280038685,85.88218058642197,160.50999450683594,168.0604872534819,182.3800048828125,148.9049058909421,413.6608680769513,86.82169600485652,169.0800018310547,42104800,42374000,23459200,16554800,399678000,143157600
2024-04-08,166.9307861328125,185.19000244140625,153.6887969970703,418.1716003417969,87.08856201171875,172.97999572753906,167.67402205960258,187.2899932861328,154.10564562982418,420.8209388461148,88.7846950725735,174.5,166.72268854116854,184.80999755859375,151.46558914468523,416.9010924581036,86.68776556126254,167.7899932861328,167.50555706407098,186.89999389648438,151.63431250953576,418.7428494922185,88.65475649731144,169.33999633789062,37425500,39221300,20702000,14272400,283220000,104423300
2024-04-09,168.13978576660156,185.6699981689453,155.4256591796875,419.8360290527344,85.31045532226562,176.8800048828125,168.5460917055098,187.33999633789062,157.37095261531294,421.2739501766581,87.59029759028141,179.22000122070312,166.83169838821917,184.1999969482422,154.02622916635622,415.2464695179833,82.97965182031417,171.9199981689453,167.17853275073267,187.24000549316406,154.91947398862214,419.9936139789009,87.39739525078261,172.91000366210938,42373800,36520100,31079500,12496900,501700000,102951700
2024-04-10,166.26683044433594,185.9499969482422,154.96910095214844,416.8617248535156,86.99461364746094,171.75999450683594,167.5650134431552,186.27000427246094,155.43557761990488,417.6200741918698,87.35542960706438,174.92999267578125,165.60287483124418,182.6699981689453,153.52004287147383,413.3555426286193,83.66631003801581,170.00999450683594,167.27763553824258,182.77000427246094,155.03858328938844,415.80789248455,83.88320224037439,173.0399932861328,49709300,35879200,22838600,16216600,431929000,84532400
2024-04-11,173.46133422851562,189.0500030517578,158.21458435058594,421.4610900878906,90.56979370117188,174.60000610351562,173.87755961907308,189.77000427246094,158.48254871038773,422.8793243997448,90.69273208355851,175.8800048828125,166.6433941837476,185.50999450683594,155.28670949781988,415.9752830660833,86.8816803570947,168.50999450683594,166.82176353298163,186.74000549316406,155.73333190851926,419.3830008173104,87.37542414329695,172.5500030517578,91070300,40020700,27166400,17966400,431637000,94516000
2024-04-12,174.95774841308594,186.1300048828125,156.5471649169922,415.52227783203125,88.14103698730469,171.0500030517578,176.7514221146486,188.3800048828125,159.0184976446993,418.75269400595073,90.1290289713359,173.80999755859375,172.63885584160187,185.0800018310547,155.9615930124083,413.4244714952131,87.4853732060557,170.36000061035156,172.68839280877705,187.72000122070312,156.7754510311415,417.6397710155257,89.65326609988566,172.33999633789062,101670900,38608800,25353700,19253800,426805000,64722700
2024-04-15,171.13253784179688,183.6199951171875,153.6986846923828,407.3871765136719,85.95714569091797,161.47999572753906,175.03700600653332,188.69000244140625,158.0458433310319,420.36793227353456,90.56679344486741,170.69000244140625,170.94424900321735,183.0,153.43070521818026,407.1803293629701,85.88518380835967,161.3800048828125,173.7784557074799,187.42999267578125,157.66868815581063,420.15125672726765,89.05256658600005,170.24000549316406,73531800,48052400,27136500,20273500,443077000,100245300
2024-04-16,167.8524169921875,183.32000732421875,153.2421417236328,408.31292724609375,87.37042999267578,157.11000061035156,172.1929047923956,184.8300018310547,154.4827679200494,412.0751888679084,88.07306685163755,158.19000244140625,166.75242714722782,182.25999450683594,152.27941458366453,407.4758004410801,86.02012091101756,153.75,170.20103782824683,183.27000427246094,153.03372500347797,408.3030988508173,86.38892843501489,156.74000549316406,73711200,32891300,20779500,16765600,370453000,97000000
2024-04-17,166.48484802246094,181.27999877929688,154.30410766601562,405.6143493652344,83.99214172363281,155.4499969482422,169.11094225529814,184.57000732421875,155.9020346330925,412.5479364642673,88.72972195798647,158.3300018310547,166.48484802246094,179.82000732421875,153.42078251926884,404.127165910336,83.90717836732355,153.77999877929688,168.08032842085646,184.30999755859375,154.45297673510063,410.9425718180864,88.2949386437983,157.63999938964844,50901200,31359700,21763100,15855500,495400000,82439700
2024-04-18,165.53347778320312,179.22000122070312,154.8400421142578,398.1587829589844,84.62782287597656,149.92999267578125,167.11905360596796,182.38999938964844,155.76307571996153,405.6636193685748,86.14605313921993,152.1999969482422,165.04790671737481,178.64999389648438,153.4604666280057,397.843643128254,82.35998267211264,148.6999969482422,166.51455452467067,181.47000122070312,154.17506840520852,404.42265672373026,84.9266740115763,151.25,43122900,30723800,19883000,21029900,447260000,96098800
2024-04-19,163.5118865966797,174.6300048828125,152.93446350097656,393.08660888671875,76.16114807128906,147.0500030517578,164.89925413145542,179.0,155.1874448352903,399.35048216055003,84.28100677926233,150.94000244140625,162.60018577080248,173.44000244140625,151.157893513365,391.7570104509112,75.56745676539116,146.22000122070312,164.71098041837104,178.74000549316406,155.02864105305625,397.922389385747,83.10760934336838,148.97000122070312,68149400,56000700,32615600,30565800,875198000,87074500
2024-04-22,164.3443145751953,177.22999572753906,155.10804748535156,394.8987731933594,79.47745513916016,142.0500030517578,165.75150603037284,178.8699951171875,156.45784938513543,396.7602169331123,80.0321724749778,144.44000244140625,163.28397258003716,174.55999755859375,152.90469416152254,389.7675399586122,76.36104864748893,138.8000030517578,164.0272084619306,176.94000244140625,153.15281939939192,394.0320711382099,78.06417460921173,140.55999755859375,48116400,37924900,26446200,20286900,596341000,107097600
2024-04-23,165.39476013183594,179.5399932861328,157.07321166992188,401.408935546875,82.38097381591797,144.67999267578125,165.54341638804536,179.92999267578125,157.77789408319916,402.02941689941457,82.72679808163171,147.25999450683594,163.43262154349364,175.97999572753906,155.1080638194722,396.9671017838586,80.22307798101387,141.11000061035156,163.85875133255257,178.0800018310547,155.78297241261876,398.12925698523895,80.72781776562408,143.3300018310547,49537800,37046500,21151600,15734500,438559000,124545100
2024-04-24,167.4956817626953,176.58999633789062,157.9366912841797,402.8763427734375,79.6363754272461,162.1300048828125,167.77315534715606,180.32000732421875,158.37339415365952,406.2347982871372,84.03912814064545,167.97000122070312,164.71102642645795,176.17999267578125,155.9913826322323,400.6308101493401,79.14262401880819,157.50999450683594,165.0380369843625,179.94000244140625,156.30899022616805,403.36878440202247,83.90719166390734,162.83999633789062,48251800,34185100,22779100,15065300,512208000,181178000
2024-04-25,168.35780334472656,173.6699981689453,154.8301544189453,393.0078430175781,82.5898666381836,170.17999267578125,169.07131105182287,173.9199981689453,155.31648535594996,393.8449998393028,83.28050853708768,170.8800048828125,166.63349053238153,166.32000732421875,149.73861949474144,382.16426819567243,78.18311074273281,158.36000061035156,168.0010494911784,169.67999267578125,150.1951766135992,388.0735680343126,78.82777847791279,158.9600067138672,50558300,49249400,57109700,40586500,424641000,126427500
2024-04-26,167.7731170654297,179.6199951171875,170.66055297851562,400.17779541015625,87.69026947021484,168.2899932861328,169.79471202253325,180.82000732421875,173.39986557629047,406.7568087350332,88.28596627439501,172.1199951171875,167.6541890412428,176.1300048828125,168.37779752849133,399.6262631587446,83.34448669778978,166.3699951171875,168.3478879652858,177.8000030517578,173.06240370866433,405.9393688090581,83.77526671112514,168.85000610351562,44838400,43919800,64665300,29694700,551011000,109815700
2024-04-29,171.93524169921875,180.9600067138672,164.90403747558594,396.1693420410156,87.71224975585938,194.0500030517578,174.44242297655094,183.52999877929688,168.27855001097527,400.1778246357648,87.94712289586843,198.8699951171875,171.53885525962073,179.38999938964844,163.9710992433676,393.1556012841848,85.2225151665247,184.5399932861328,171.80640930182136,182.75,167.79221906197557,399.1239921991836,87.55032980991761,188.4199981689453,68169400,54063900,45610000,19582100,388971000,243869700
2024-04-30,168.79385375976562,175.0,161.55929565429688,383.44464111328125,86.35794830322266,183.27999877929688,173.41183044153803,182.99000549316406,166.83940772348186,396.0807119739039,88.77371581096726,190.9499969482422,168.46682810243752,174.8000030517578,161.38065276118826,383.2870862186978,86.25600293117195,182.83999633789062,171.76679778510277,181.08999633789062,164.3680750249459,395.4208268707794,87.19551848613133,186.97999572753906,65934800,94639800,33562900,28781400,363709000,127031800
2024-05-01,167.7731170654297,179.0,162.63119506835938,388.96978759765625,82.99864959716797,179.99000549316406,171.15236652369296,185.14999389648438,165.86674249047698,395.64729473492514,85.95614014617317,185.86000061035156,167.58482822154218,176.55999755859375,161.86696514908917,384.40977340635925,81.21355734292688,179.00999450683594,168.05059058657778,181.63999938964844,163.06789787937092,386.6749928264685,85.03361435183398,182.0,50383100,94645100,33493200,23562500,559863000,92829700
2024-05-02,171.469482421875,184.72000122070312,165.37049865722656,391.82598876953125,85.77323913574219,180.00999450683594,171.8559644998941,185.10000610351562,165.4796743643417,393.88439136644655,86.19302312746696,184.60000610351562,169.34878317714927,179.91000366210938,162.6609753825577,388.6842084752251,83.15756927733226,176.02000427246094,170.95416794412498,180.85000610351562,163.55422015396346,391.6487169798458,84.40593290133356,182.86000061035156,94214900,54303500,24294500,17709400,377898000,89148000
2024-05-03,181.72613525390625,186.2100067138672,165.98587036132812,400.5126647949219,88.74372100830078,181.19000244140625,185.31348231884328,187.8699951171875,166.70047228284332,400.9952480161036,89.23546686580507,184.77999877929688,181.01262758822543,185.4199981689453,161.8272888066215,395.7852067038653,86.99561241116382,178.4199981689453,184.9666328542693,186.99000549316406,166.30346280179975,396.1988709336313,87.7442309865165,182.10000610351562,163224100,39172000,34662400,17446700,398341000,75491500
2024-05-06,180.0712127685547,188.6999969482422,166.8394317626953,407.28863525390625,92.093017578125,184.75999450683594,182.53874644704828,188.75,166.87912514098474,407.67272409935384,92.17297861657092,187.55999755859375,178.79283846563771,184.8000030517578,164.78494732975244,400.2270089943109,89.00959152215785,182.1999969482422,180.70544017490002,186.27999877929688,166.20423169951587,402.5808944329267,89.3444197919577,183.8000030517578,78569700,34725300,21871300,16996600,376203000,84390300
2024-05-07,180.75497436523438,188.75999450683594,169.96575927734375,403.15216064453125,90.50782775878906,177.80999755859375,183.23242749590466,189.94000244140625,170.47192922526577,408.4016059107325,91.73419949359099,183.25999450683594,179.68472791941784,187.30999755859375,167.1272064290397,402.9059397986261,88.96561525990342,177.39999389648438,181.79550770435065,188.9199981689453,167.23638212106525,408.3917474588945,91.05154909444323,182.39999389648438,77305800,34048900,28039700,20018200,437342000,75045900
2024-05-08,181.09193420410156,188.0,168.1098175048828,404.3340148925781,90.36589813232422,174.72000122070312,181.4189598584749,188.42999267578125,168.87403234038655,405.9984701419799,91.14749704338682,176.05999755859375,179.813559816899,186.38999938964844,167.4746174960537,400.56189486819255,89.37439959760155,170.14999389648438,181.20094275555934,187.44000244140625,167.73266229376583,401.9998461853561,89.43737100980039,171.58999633789062,45057100,26136400,19569100,11792300,325721000,79969500
2024-05-09,182.9053955078125,189.5,168.6854705810547,406.0871276855469,88.70175170898438,171.97000122070312,182.99458018096053,191.6999969482422,169.40999204467994,406.48107503136987,91.02556319779642,175.6199951171875,180.46757526022824,187.44000244140625,166.9188049315239,402.91580195884967,88.18601596391863,171.3699951171875,180.9135137471405,188.8800048828125,168.11973776202532,404.3635817483474,90.48284079234612,175.00999450683594,48983000,43368400,15346700,14689700,378013000,65950300
2024-05-10,181.64517211914062,187.47999572753906,167.38526916503906,408.47052001953125,89.8321533203125,168.47000122070312,183.66950932429603,189.88999938964844,168.57628234941276,409.1008598045123,91.35437909058916,173.05999755859375,180.7322345449188,186.92999267578125,164.94372545466877,405.5749605018169,89.18148440677966,167.75,183.4809650708303,189.16000366210938,166.76992345897793,406.6977419727187,90.25893746798509,173.0500030517578,50759500,34141800,29799900,13402300,335325000,72627200
2024-05-13,184.85035705566406,186.57000732421875,167.87158203125,407.4659118652344,90.35291290283203,171.88999938964844,185.6640710757596,188.30999755859375,168.01053153526146,412.02592626132173,90.95160653164567,175.39999389648438,183.2030934113359,185.36000061035156,162.7701286063143,404.6097563640546,88.48386356145281,169.0,184.01680743143146,188.0,163.02817335823272,411.6910695528216,90.43186737899792,170.0,72044800,24898600,31327600,15440200,289680000,67018900
2024-05-14,185.99151611328125,187.07000732421875,169.06259155273438,410.26300048828125,91.3094253540039,177.5500030517578,186.85484938535834,187.72000122070312,169.9657709630093,411.1789347782618,91.60427311943869,179.49000549316406,184.86026592315986,183.4499969482422,167.53414690365162,405.3287253515243,88.8886555026712,174.07000732421875,186.07090395104018,183.82000732421875,168.49687394196908,405.79162172220066,89.55331737042562,174.5,52393600,38698200,25127100,15109300,296507000,86407400
2024-05-15,188.2639923095703,185.99000549316406,171.21633911132812,417.43597412109375,94.58174896240234,173.99000549316406,189.18684774302332,186.72000122070312,171.3552886431622,418.1562465444383,94.81363293144179,180.0,185.9320213621053,182.72999572753906,169.23133714549078,411.7034836524185,91.55229612488634,173.11000061035156,186.46788560358823,185.97000122070312,169.35044756160798,412.3250840833171,92.42485211295921,179.89999389648438,70400000,75459900,26948400,22239500,417735000,79663000
2024-05-16,188.383056640625,183.6300048828125,172.87379455566406,415.3739013671875,94.31088256835938,174.83999633789062,189.6333963773736,187.30999755859375,173.80674779811807,419.7448271840896,95.77013712291551,175.7899932861328,188.20444533062346,183.4600067138672,171.39497794928866,414.74245474989345,94.05500878486642,171.42999267578125,189.0082265089993,185.60000610351562,171.9904693856651,416.1730933998144,94.86160408579778,174.10000610351562,52845200,38834500,27867900,17530100,323952000,59812200
2024-05-17,188.4127960205078,184.6999969482422,174.73973083496094,414.60430908203125,92.43183135986328,177.4600067138672,189.34558420614056,185.3000030517578,174.94816271706677,417.2781788386251,94.69167982059238,179.6300048828125,187.7280891548122,183.35000610351562,172.38750821426203,412.4533979292135,91.75917807166952,172.75,188.05555831413108,183.75999450683594,172.87382403190227,416.903243294278,94.32087446247381,173.5500030517578,41282900,33175700,24479300,15352200,359691000,77445800
2024-05-20,189.57383728027344,183.5399932861328,175.59327697753906,419.6658630371094,94.7316665649414,174.9499969482422,190.44708847543168,186.6699981689453,177.42940990488938,421.07677928196154,95.15145055956944,177.75,187.55941793463836,183.27999877929688,174.75957976328465,414.3872272445279,93.39235354622227,173.52000427246094,187.8769693298537,184.33999633789062,174.86875548022488,414.6042935983872,93.7021930243281,177.55999755859375,44361300,30511800,22554400,16272100,318764000,61727400
2024-05-21,190.87379455566406,183.14999389648438,176.51629638671875,423.3165283203125,95.33736419677734,186.60000610351562,191.2508679069906,183.25999450683594,176.81403455010823,427.1940941013643,95.35135699716334,186.8800048828125,189.45476137627725,180.75,174.49158600949627,419.1824213563369,93.1324877566636,174.7100067138672,189.62345487533878,182.3000030517578,175.57340838811095,421.13598848639515,93.55127282718048,175.50999450683594,42309400,50839100,16989400,21453300,328946000,115266500
2024-05-22,189.43490600585938,183.1300048828125,175.0573272705078,424.7767333984375,94.9015884399414,180.11000061035156,191.3401840301744,185.22000122070312,175.82154211929756,426.6415347292138,95.97104261511556,183.8000030517578,188.8097513226368,181.97000122070312,173.89610294407106,421.43197259260825,93.20145926272119,178.1199951171875,190.79440205142186,183.8800048828125,175.31537207270605,424.3524769437673,95.41033161983772,182.85000610351562,34648500,28148800,17880000,18073700,548648000,88313500
2024-05-23,185.44577026367188,181.0500030517578,172.24855041503906,421.3037414550781,103.7460708618164,173.74000549316406,189.5341459487459,184.75999450683594,176.913302054648,427.81570226312846,106.26578136298583,181.89999389648438,185.19768892080702,180.0800018310547,171.65304376131735,419.7448321943187,101.46822609300973,173.25999450683594,189.51429520164533,183.66000366210938,175.7421581518555,427.19410176133954,101.97597026948286,181.8000030517578,51005900,33670200,21024900,17211700,835065000,71975500
2024-05-24,188.52197265625,180.75,173.677734375,424.4215393066406,106.41470336914062,179.24000549316406,189.11737394472448,182.44000244140625,174.45188384954722,425.3095270127513,106.42069701496759,180.0800018310547,186.59685898409072,180.3000030517578,172.34777168660725,418.74824604311783,102.94747076428304,173.72999572753906,187.37088671578107,181.64999389648438,173.6677996738125,421.49115879915024,104.39572928386976,174.83999633789062,36327000,27471600,16579400,11855300,429494000,65584500
2024-05-28,188.5319061279297,182.14999389648438,175.07716369628906,424.5794372558594,113.8429183959961,176.75,191.51880009814326,182.24000549316406,175.94064983167806,425.0727671383065,114.88039109228285,178.25,187.64873713728954,179.49000549316406,173.06238795431943,420.9090617260336,109.8269695886833,173.16000366210938,190.04022981736387,179.92999267578125,173.14178984862892,423.8986396092449,110.18778556165118,176.39999389648438,52280100,29927000,20572200,15718000,652728000,59736600
2024-05-29,188.82958984375,182.02000427246094,174.58091735839844,423.4447937011719,114.76644134521484,176.19000244140625,190.7745542503335,184.0800018310547,175.51387070822295,425.1911706830153,115.43310102209165,178.14999389648438,188.05557725890648,181.5500030517578,173.40977346435537,420.0112068053538,110.84444643564275,173.92999267578125,188.15481585355153,181.6999969482422,174.11444068348618,420.0112068053538,112.99235261607853,174.19000244140625,53068000,32009300,23388700,15517100,557442000,54782600
2024-05-30,189.82192993164062,179.32000732421875,170.81935119628906,409.1382141113281,110.44364929199219,178.7899932861328,190.70509898235173,181.33999633789062,173.90602997495594,418.639722265152,115.75993705260656,182.6699981689453,189.16700663796175,178.36000061035156,170.50174360052324,408.7139275324575,109.60707814261482,175.3800048828125,189.29599865097472,181.30999755859375,173.88617571412965,418.639722265152,114.59153447828542,178.5800018310547,49889100,29184700,22931500,28394500,484553000,77618400
2024-05-31,190.77455139160156,176.44000244140625,171.20640563964844,409.5920715332031,109.57709503173828,178.0800018310547,191.09210277636024,179.2100067138672,171.76220372181547,411.19045552886206,112.6595219559155,180.32000732421875,188.45251367186646,173.8699951171875,168.16935530183432,399.1137496856911,106.88546755499186,173.82000732421875,189.9707702687458,178.3000030517578,170.57120566797727,411.19045552886206,112.46261619518734,178.5,75158300,58903900,37638900,47995300,613263000,67314600
2024-06-03,192.5408935546875,178.33999633789062,171.87139892578125,408.0035400390625,114.94135284423828,176.2899932861328,193.49353258818425,178.6999969482422,173.22120091176382,410.8747236026411,114.94135284423828,182.63999938964844,191.04248767189634,175.9199981689453,169.8764773378859,403.4649291544174,111.94587959300615,174.49000549316406,191.41956102246726,177.6999969482422,171.24611844022382,409.9867358256656,113.56305829627723,178.1300048828125,50080500,30786600,27459100,17484700,438392000,68568900
2024-06-04,192.85845947265625,179.33999633789062,172.4867401123047,410.51953125,116.37763214111328,174.77000427246094,193.82101638151354,179.82000732421875,172.54630289287442,410.88459054146256,116.54055105021374,177.75999450683594,191.54858259564776,176.44000244140625,170.60099429207042,404.21476096620233,113.98685338816156,174.0,193.14622719411028,177.63999938964844,171.9805700601862,406.9280752908703,115.65700669071254,174.77999877929688,47471400,27198400,26879600,14348900,403324000,60056300
2024-06-05,194.3667755126953,181.27999877929688,174.09458923339844,418.3536376953125,122.3775634765625,175.0,195.38886948576234,181.5,175.32528067630372,418.42268099839066,122.3865539456356,176.14999389648438,193.37445009094603,178.75,172.62567697442577,410.746468843911,117.408098853795,172.1300048828125,193.9003813531384,180.10000610351562,173.88615737761106,412.23633479956106,118.31063824188061,175.35000610351562,54156800,32116400,22068500,16988000,528402000,57953800
2024-06-06,192.98741149902344,185.0,175.40467834472656,418.8567810058594,120.93628692626953,177.94000244140625,194.99191275531385,185.0,175.8215269019053,419.6362506295676,125.52294322815862,179.72999572753906,192.67979309240934,181.49000549316406,174.43203171130955,414.9693392305099,118.25965141808503,172.72999572753906,194.1881317208236,181.75,174.5809007873156,418.35360501475236,123.98472672009768,174.60000610351562,41181800,31371200,23251000,14861300,664696000,69887000
2024-06-07,195.3789520263672,184.3000030517578,173.15171813964844,418.19573974609375,120.82635498046875,177.47999572753906,195.4285713258788,186.2899932861328,176.53613478615,420.5933157045514,121.62994584355768,179.35000610351562,192.65005711175448,183.36000061035156,172.9929143569092,417.3570729391347,117.9618191498612,175.5800018310547,193.15613762673084,184.89999389648438,175.72229190224542,420.51439617340435,119.70892124903274,176.1300048828125,53103900,28021500,19661400,13621700,412386000,56244900
2024-06-10,191.63787841796875,187.05999755859375,173.89694213867188,422.1621398925781,121.72789764404297,173.7899932861328,195.78580650726497,187.22999572753906,175.9339073021769,422.3693300275411,123.0372272074531,178.57000732421875,190.67532155851157,183.7899932861328,171.66125199471998,418.2352530096641,116.95033628620642,173.1699981689453,195.3888672580803,184.07000732421875,173.85720320728015,419.0344450692757,120.30862356189567,176.05999755859375,97010200,34445600,23726700,13982900,313434100,50774600
2024-06-11,205.56019592285156,187.22999572753906,175.4967041015625,426.907958984375,120.8582763671875,170.66000366210938,205.57012886730556,187.77000427246094,175.71530612964037,427.04610581067664,122.81743693170633,174.75,192.14396771907968,184.5399932861328,172.66483900249895,419.57708382911113,118.6891989331394,167.41000366210938,192.1638033246204,187.05999755859375,175.09925413873597,419.8040264249776,121.71790142895497,173.9199981689453,172373300,27265100,21540600,14551100,222551200,64761900
2024-06-12,211.4347686767578,186.88999938964844,176.65924072265625,435.17620849609375,125.14643096923828,177.2899932861328,218.51003809526938,188.35000610351562,179.26258771171092,437.4849890244905,126.8257124975509,180.5500030517578,205.3121079690946,185.42999267578125,174.98993287783568,427.4703971671916,122.51755894250634,169.8000030517578,205.77850209290926,188.02000427246094,177.1163217725909,429.51279036516684,123.00734716397616,171.1199951171875,198134300,33984200,27864700,22366200,299595000,90389400
2024-06-13,212.59580993652344,183.8300018310547,174.0459747314453,435.689208984375,129.55453491210938,182.47000122070312,215.08654136592511,187.6699981689453,175.6159276488582,437.4750908737884,129.74445604329242,191.0800018310547,209.9760713532356,182.6699981689453,173.76775676245995,433.508699318619,127.10558642301991,181.22999572753906,213.09197266170435,186.08999633789062,174.98992963777008,434.9689666213265,129.3346278393984,188.38999938964844,97862700,39721500,20913300,15960600,260704500,118984100
2024-06-14,210.85922241210938,183.66000366210938,175.6656036376953,436.666015625,131.82359313964844,178.00999450683594,213.5186471242216,183.72000122070312,175.93389067490244,437.22841891267086,132.78317395786428,186.0,209.67835280423736,182.22999572753906,173.04239472317744,430.89405002785384,128.26511837192902,176.9199981689453,212.20878551515116,183.0800018310547,173.1119567987189,432.43323683903066,129.90441625095465,185.8000030517578,70122700,25456400,18063600,13582000,309320400,82038200
2024-06-17,215.00714111328125,184.05999755859375,176.11277770996094,442.3886413574219,130.92396545410156,187.44000244140625,217.26964179829142,185.0,177.22564977606507,444.92436422206765,133.67278906643185,188.80999755859375,211.08745883873982,181.22000122070312,173.69822437013423,434.84070005199675,129.52457044327446,177.0,211.7324642876032,182.52000427246094,174.3440995355834,436.68574902549324,132.9331153831068,177.9199981689453,93728300,35601900,19618500,20790000,288504400,109786100
2024-06-18,212.6453857421875,182.80999755859375,173.97642517089844,440.3857116699219,135.52200317382812,184.86000061035156,216.95208913019513,184.2899932861328,176.26180021913805,444.1350368072149,136.27168233747813,187.1999969482422,211.36529274424583,181.42999267578125,172.9927312675741,438.95507309068336,130.63409563692056,182.3699951171875,215.9200623200828,183.74000549316406,176.01339021741077,443.7107502283828,131.08390008465824,186.55999755859375,79943300,36659200,21869900,17112500,294335100,68982300
2024-06-20,208.07078552246094,186.10000610351562,175.17874145507812,439.7543029785156,130.72406005859375,181.57000732421875,212.59580212894483,186.50999450683594,176.1624353876285,440.5732173975681,140.69978702792184,185.2100067138672,207.2471687535905,182.72000122070312,173.8770754332329,435.383377000911,129.46460449105635,179.66000366210938,212.28816853161533,182.91000366210938,174.25464833709086,440.3462747944722,139.74020619139688,184.67999267578125,86172500,44726800,20160100,19877400,517768400,55893100
2024-06-21,205.89759826660156,189.0800018310547,178.48757934570312,443.77984619140625,126.51585388183594,183.00999450683594,210.26382387597764,189.27999877929688,179.69982150326564,444.569161991758,130.57412222632124,183.9499969482422,205.5205097773767,185.86000061035156,175.48678194241356,440.5534794666223,124.24682832839595,180.69000244140625,208.77533580800622,187.8000030517578,175.87430098217567,441.4118686798834,127.06562164590744,182.3000030517578,241805100,70792500,57759000,34187100,649445800,61937300
2024-06-24,206.5426025390625,185.57000732421875,178.08016967773438,441.697998046875,118.05946350097656,182.5800018310547,211.06760381745957,191.0,179.73954672974688,446.71021649298933,124.40674492687346,188.8000030517578,205.00449518251241,185.3300018310547,177.53366462186347,440.45479708566984,117.98949375774167,182.5500030517578,206.12582769938734,189.3300018310547,179.01419374381484,443.7995580906483,123.18726572238242,184.97000122070312,80727000,50610400,18298000,15913700,476060900,61992100
2024-06-25,207.46548461914062,186.33999633789062,182.85958862304688,444.9342346191406,126.0360336303711,187.35000610351562,209.75775393646785,188.83999633789062,183.1179295939735,445.3979659147229,126.44586182330494,187.97000122070312,207.0090082596573,185.4199981689453,178.27890709964018,440.7902515475345,119.2689343412532,182.00999450683594,207.54485732874397,186.80999755859375,178.47763208971796,442.27024120018433,121.14812701266729,184.39999389648438,55549700,45366400,23130200,16413400,414192600,62905700
2024-06-26,211.61338806152344,193.61000061035156,182.71054077148438,446.1280822753906,126.34593200683594,196.3699951171875,213.2110325348534,194.8000030517578,183.33652370507795,447.5488747436615,128.06518984478126,197.75999450683594,209.0234182045521,186.25999450683594,181.31943557759413,442.21104180989477,122.54755446405669,186.36000061035156,209.87681864015101,186.9199981689453,181.4684906850168,443.0102338094888,126.07604323280044,186.5399932861328,66213200,65103900,19839000,16507000,362975900,95737100
2024-06-27,212.45687866210938,197.85000610351562,184.2307891845703,446.80889892578125,123.93695831298828,197.4199981689453,214.08429174664712,199.83999633789062,184.86671815444103,450.08461670642896,126.35592889862836,198.72000122070312,210.72030917561003,194.1999969482422,182.8496302424256,445.74328947401983,122.8674163349487,194.0500030517578,213.04234702641065,195.00999450683594,183.00860111358634,446.1478236075156,124.04691186806878,195.1699981689453,49772700,74397500,18848900,14806300,252571700,72746500
2024-06-28,209.0035400390625,193.25,180.99151611328125,440.9875793457031,123.48714447021484,197.8800048828125,214.41172478378184,198.85000610351562,183.95257416720727,449.305113661538,127.65535851030685,203.1999969482422,208.6860038316288,192.5,180.802737253132,440.45477465939115,122.69748155565787,195.25999450683594,214.11402417940656,197.72999572753906,183.14772821008222,447.02593208902044,124.52670042256338,199.5500030517578,82542700,76930200,29156600,28362300,315516700,95438100
2024-07-01,215.0865020751953,197.1999969482422,181.82618713378906,450.6371154785156,124.246826171875,209.86000061035156,215.84066382869798,198.3000030517578,182.71052611795955,451.2685620568994,124.78658844306486,213.22999572753906,210.29356920849017,192.82000732421875,180.1469331256833,439.71478489170136,118.77916507660012,200.85000610351562,210.4622626872336,193.49000549316406,181.86592606220148,442.6747641221356,123.41717942454187,201.02000427246094,60402900,41192000,16006100,17662800,284885500,135691400
2024-07-02,218.57952880859375,200.0,184.0618896484375,453.1531066894531,122.61752319335938,231.25999450683594,218.68868521261126,200.42999267578125,184.38979268671295,453.4589688152071,123.35721213177682,231.3000030517578,213.44920810314017,195.92999267578125,180.40528635394423,447.06540254269134,120.97822535200487,218.05999755859375,214.4911377013164,197.27999877929688,180.8921754401855,447.1542284209129,121.07818104942778,218.88999938964844,58046200,45600000,17372500,13979800,218374000,205047900
2024-07-03,219.84970092773438,197.58999633789062,184.63819885253906,454.62322998046875,128.22511291503906,246.38999938964844,219.84970092773438,200.02999877929688,184.90647074592763,454.86989493305913,128.22511291503906,248.35000610351562,217.34903661716913,196.75999450683594,182.8297667085458,451.7717987859675,121.30807553564613,234.25,218.31159349071294,199.94000244140625,183.67436680423387,452.07766091834213,121.60795022813568,234.55999755859375,37369800,31597900,10242100,9932800,215749000,166561500
2024-07-05,224.60293579101562,200.0,189.38780212402344,461.3226318359375,125.77616119384766,251.52000427246094,224.71209219476,200.5500030517578,189.64614308224583,462.1021014719612,128.79487325497558,252.3699951171875,219.9489270685169,198.1699981689453,184.618326787977,452.8472281684966,125.62622385121296,242.4600067138672,219.9489270685169,198.64999389648438,184.67794276589416,453.478674753155,127.32549339805952,249.80999755859375,60412400,39858900,20967500,16000300,214176700,154501200
2024-07-08,226.07156372070312,199.2899932861328,187.8277587890625,460.020263671875,128.14512634277344,252.94000244140625,226.1013322692385,201.1999969482422,188.9605077271216,461.4608086849496,130.71403368367476,259.44000244140625,221.53662969916704,197.9600067138672,186.58570884988617,458.26401040115894,126.98562679747023,244.57000732421875,225.34715532852172,200.0399932861328,188.69222069497164,460.3261258064599,127.43543114348468,247.7100067138672,59085900,34767300,21035900,12962300,237677300,157219600
2024-07-09,226.92494201660156,199.33999633789062,187.778076171875,453.40960693359375,131.3238067626953,262.3299865722656,227.63941744293055,200.57000732421875,190.14294413821008,461.09566431646033,133.76276548705792,265.6099853515625,224.63267299949706,199.0500030517578,187.51973523943423,451.89014256478214,128.59496354527897,250.3000030517578,226.18069804264906,199.39999389648438,189.09961914354798,460.77007986409006,130.29424856790877,251.0,48076100,32700100,15121400,17207200,285366600,160210900
2024-07-10,231.1919403076172,199.7899932861328,189.96409606933594,460.0301208496094,134.852294921875,263.260009765625,231.29117889263895,200.11000061035156,190.53047817126304,460.2373109717691,135.04221608834806,267.5899963378906,227.49057123987387,197.69000244140625,187.82777604241306,452.73869064735504,132.36335454676214,257.8599853515625,227.54019053238477,200.0,187.94700799576873,455.0672233776237,133.9726664675838,262.79998779296875,62627700,32883800,15952500,18196100,248978600,128519400
2024-07-11,225.823486328125,195.0500030517578,184.38978576660156,448.63421630859375,127.34551239013672,241.02999877929688,230.60648662367137,200.27000427246094,189.64613480059487,458.57973369334036,136.09176237835354,271.0,224.03729767642758,192.86000061035156,183.90289669863316,445.5262138972975,126.99566361078907,239.64999389648438,229.61416127735984,200.08999633789062,188.64256383874462,456.8037581244286,135.6919395597456,263.29998779296875,64710600,44565000,25625800,23111200,374782700,221707300
2024-07-12,228.7706756591797,194.49000549316406,183.89297485351562,447.4995422363281,129.18472290039062,248.22999572753906,230.8545649156238,196.47000122070312,185.91999392317484,450.2720538778231,131.86356920556344,251.83999633789062,226.92494993371525,193.8300018310547,183.31666179406736,444.6382348256943,127.16558268757724,233.08999633789062,227.16311346469493,194.8000030517578,183.90290579597803,448.26913567933263,128.20513111513003,235.8000030517578,53046500,30598500,22898400,16324300,252680500,155955800
2024-07-15,232.60105895996094,192.72000122070312,185.3436737060547,447.90411376953125,128.38507080078125,252.63999938964844,235.409341553401,196.19000244140625,187.04280482965035,451.1601094621715,131.33380608467334,265.6000061035156,231.30111515749465,190.8300018310547,183.74391265022248,445.4078654604088,127.12560754638835,251.72999572753906,234.66509753137677,194.55999755859375,183.74391265022248,447.2529146310032,130.50415923151834,255.97000122070312,62631300,40683200,16474000,14429400,208326200,146912900
2024-07-16,233.01783752441406,193.02000427246094,182.75025939941406,443.5233154296875,126.3059310913086,256.55999755859375,234.4567062015191,196.6199951171875,187.4799801449797,448.23954820722287,128.98477699663783,258.6199951171875,230.54694204130521,192.24000549316406,182.20375438973656,440.7014827721708,124.52669397454281,245.8000030517578,233.19644881294397,195.58999633789062,186.16838328349618,448.1606286695201,128.3850428883488,255.30999755859375,43234300,33994700,18290700,17175700,214769500,126332500
2024-07-17,227.12342834472656,187.92999267578125,179.8687286376953,437.6033020019531,117.93951416015625,248.5,229.6836295353235,191.5800018310547,182.3826367867754,438.9155762729031,121.79786321418705,258.4700012207031,224.9006141352506,185.99000549316406,178.7558414559852,433.3212024908107,116.670060903269,246.17999267578125,227.68904591405493,191.35000610351562,181.80632373022326,436.6857157018079,121.29807714631912,252.72999572753906,57345900,48076100,20734100,21778000,390086200,115584800
2024-07-18,222.45947265625,183.75,176.5598907470703,434.4953308105469,121.03819274902344,249.22999572753906,228.6714385621368,189.67999267578125,181.33929663243535,438.7182331565263,122.34763750285344,257.1400146484375,220.5641428905974,181.4499969482422,175.34764875664283,428.60497114914784,116.51013195140489,247.1999969482422,228.5126628842939,189.58999633789062,180.77291456531665,438.41237105587203,121.79786974825338,251.08999633789062,66034600,51043600,25315700,20794800,320979500,110869000
2024-07-19,222.5885009765625,183.1300048828125,176.53009033203125,431.2788391113281,117.87955474853516,239.1999969482422,225.0593965950336,184.92999267578125,179.14335328560048,435.2551069043024,121.54798304467437,249.44000244140625,221.56640705838353,180.11000061035156,176.0034623321631,426.23702212212055,117.31979673364096,236.8300018310547,223.09459660515446,181.13999938964844,177.74233237445245,427.3223538949878,120.29851774276338,247.7899932861328,49151500,43081800,18881900,20940400,217223800,87403900
2024-07-22,222.24119567871094,182.5500030517578,180.51458740234375,437.03106689453125,123.48714447021484,251.50999450683594,226.03187070395737,185.05999755859375,181.5380354484916,438.6689256733767,124.01691649015211,253.2100067138672,221.3778623137636,182.47999572753906,179.08374329385708,433.05482935357276,119.80871864887781,243.75,225.26777593230437,185.0,179.44145432097875,435.89641421757136,120.2985068676328,244.2100067138672,48201800,39931900,24100300,15808800,258068900,101225400
2024-07-23,223.28314208984375,186.41000366210938,180.63381958007812,438.91558837890625,122.53755187988281,246.3800048828125,225.19833806517673,189.38999938964844,182.44225176435077,442.4083722657051,124.63665959294896,255.75999450683594,220.9710219946754,183.55999755859375,180.3854095654304,437.1889338456379,122.04776363902835,245.6300048828125,222.6480544130964,184.10000610351562,180.89217569882794,437.97824958808866,122.72747303753543,253.60000610351562,39960300,47537700,36352700,13107100,173911000,111928200
2024-07-24,216.86279296875,180.8300018310547,171.53208923339844,423.1783447265625,114.20111846923828,215.99000549316406,223.0747598557794,185.4499969482422,175.06944543810874,435.59054077335657,119.89867669033677,225.99000549316406,215.46362561910502,180.41000366210938,170.72724320681195,421.88582291184935,113.39146746574805,214.7100067138672,222.28089648286087,183.1999969482422,172.4959213091671,434.5742824737623,119.1190116312528,225.4199981689453,61777600,41532400,49585200,26805800,327776900,167942900
2024-07-25,215.8208465576172,179.85000610351562,166.21609497070312,412.8184814453125,112.2319564819336,220.25,219.15506035064124,183.89999389648438,172.31704385351824,424.0663978828946,116.580093681362,226.0,212.97286249707204,176.8000030517578,166.12667101114428,411.94036982301,106.25451947131738,216.22999572753906,217.24978234747041,182.91000366210938,171.422773934444,423.0797380180107,112.99163342891377,216.8000030517578,51391200,44464200,44852000,29943800,460067000,100636500
2024-07-26,216.2872314453125,182.5,165.93788146972656,419.5968017578125,113.0116195678711,219.8000030517578,217.80548795978973,183.19000244140625,167.020945440501,423.19813411147953,116.1502753623964,222.27999877929688,214.35218497553956,180.24000549316406,163.0165774179734,411.7035233681291,111.53225712550028,215.3300018310547,217.02154248476683,180.38999938964844,166.08692140634935,412.6211398648851,116.14028513217615,221.19000244140625,41601300,29506000,41336900,23583800,293399100,94604100
2024-07-29,216.56509399414062,183.1999969482422,168.45179748535156,421.0373229980469,111.54225158691406,232.10000610351562,217.61695646267233,184.75,169.3460674710784,426.38500194360023,116.23024736996389,234.27000427246094,214.0941983741811,182.3800048828125,166.92159847023703,419.0344049240428,111.2523823769322,224.6999969482422,215.29491873308154,183.83999633789062,167.75625247848131,425.8225986635412,113.64135918454429,224.89999389648438,36311800,33270100,20293800,15125800,248152100,129201800
2024-07-30,217.12078857421875,181.7100067138672,169.20697021484375,417.2781677246094,103.68562316894531,222.6199951171875,218.63904514115285,185.86000061035156,170.14099435822163,423.32636688783225,111.94208369239041,232.41000366210938,214.46134877521007,179.3800048828125,167.36874508064338,411.7923116419938,102.49612986212257,220.0,217.50779485320817,184.72000122070312,169.15730033798988,422.0141226280364,111.47228355856528,232.25,41643800,39508600,18959700,32687600,486833300,100560300
2024-07-31,220.3756103515625,186.97999572753906,170.44898986816406,412.7691345214844,116.96992492675781,232.07000732421875,222.10226187087767,187.94000244140625,173.14176079618966,416.1533704185598,118.28935980657482,234.67999267578125,218.93674165630796,184.4600067138672,168.9287219619174,406.7110288792971,110.83255278301941,226.7899932861328,219.7405227481965,185.0500030517578,172.13818990776468,414.89044707540063,112.85169271533529,227.89999389648438,50036300,41667300,25729100,42891400,473174200,67497000
2024-08-01,216.6841583251953,184.07000732421875,169.67398071289062,411.545654296875,109.16327667236328,216.86000061035156,222.7571844619209,190.60000610351562,172.9430651843941,421.7575892383458,120.10859659996095,231.8699951171875,215.35444602521784,181.8699951171875,167.80594760520498,407.57929274476925,106.76430191931924,214.3300018310547,222.64802807062824,189.2899932861328,169.16722971206943,415.1765852410534,117.47971689042026,227.69000244140625,62501000,70435600,24531400,30296400,523462300,83861900
2024-08-02,218.17263793945312,167.89999389648438,165.6000518798828,403.0406494140625,107.22410583496094,207.6699981689453,223.86859053089324,168.77000427246094,167.438276847675,409.46381430513844,108.67349009112934,216.1300048828125,216.03914463167754,160.5500030517578,163.62270275190997,398.9460172931046,101.3266359945612,205.77999877929688,217.46808032420208,166.75,165.38144985923282,406.98728858808795,103.71561292679569,214.8800048828125,105568600,141448400,29130100,29437900,482027500,82880100
2024-08-05,207.66392517089844,161.02000427246094,158.23716735839844,389.8785705566406,100.40702056884766,198.8800048828125,211.8614570593827,162.9600067138672,163.38421519483722,395.6900105848848,103.36576087778293,203.8800048828125,194.49576385779395,151.61000061035156,153.944635352421,380.43623009500715,90.65120176374947,182.0,197.56204548052773,154.2100067138672,154.51101742060257,383.97836487999916,92.020610744235,185.22000122070312,119548600,83149400,53630700,40709200,552842400,100308800
2024-08-06,205.6395721435547,161.92999267578125,157.2832794189453,394.27911376953125,104.20540618896484,200.63999938964844,208.3783997216886,165.0800018310547,159.54879271884894,400.2582999432438,107.66392522983698,202.89999389648438,199.52685967053256,158.5399932861328,155.41524640434096,393.18393582915473,100.50699194542041,192.6699981689453,203.72439154098564,161.7100067138672,158.31667357844438,394.6639255499671,103.79557790935745,200.75,69660500,59950800,49004600,24946500,409012100,73783900
2024-08-07,208.209716796875,162.77000427246094,157.92913818359375,393.11480712890625,98.86768341064453,191.75999450683594,212.00039184379946,167.5800018310547,161.94343696392548,404.6093863218842,108.75345120343057,203.49000549316406,204.80603289763474,161.42999267578125,157.46212618793052,392.1676222717273,98.64777632103673,191.47999572753906,205.31211338628992,166.5500030517578,160.22444407280443,403.1886240913476,107.76386930019544,200.77000427246094,63516400,48408200,25138600,20650900,411440400,71159800
2024-08-08,211.67291259765625,165.8000030517578,160.99948120117188,397.3180236816406,104.92508697509766,198.83999633789062,212.5560815310077,166.69000244140625,162.64892717046854,400.4457182788044,105.45485898012505,200.6999969482422,207.22729938249148,162.5500030517578,159.1910643615004,394.6047093244423,97.47827008281362,192.0399932861328,211.47445056104476,165.1699981689453,159.48914421954225,397.07135874007713,101.95635654950479,195.6999969482422,47161100,44616200,25578800,20203000,391910000,65033900
2024-08-09,214.58045959472656,166.94000244140625,162.62905883789062,400.60357666015625,104.70519256591797,200.0,215.11630867247783,168.5500030517578,162.74829078749448,402.6064947272633,106.55439969221393,200.8800048828125,210.34322570654538,165.85000610351562,158.04837777910737,396.89375651412195,103.38575750879603,195.11000061035156,210.47223285968454,166.39999389648438,158.99233275753915,398.64013341356633,105.59481125304626,197.0500030517578,42201600,36401000,28602300,19276700,290844200,58648300
2024-08-12,216.11038208007812,166.8000030517578,161.25784301757812,401.3830871582031,108.9733657836914,197.49000549316406,218.07745621052726,168.5500030517578,163.85124425062764,403.3070858906621,111.02249199260416,199.25999450683594,214.19298467780987,166.11000061035156,160.81070801086153,398.8473641425328,106.21455180262768,194.6699981689453,214.65991863613397,168.13999938964844,163.30475433227653,401.62975211823795,106.27452369861088,199.02000427246094,38028100,30072800,15895300,16762900,325559900,64044900
2024-08-13,219.8260040283203,170.22999572753906,163.11595153808594,408.4870300292969,116.0903091430664,207.8300018310547,220.441953079239,171.0399932861328,163.6823184730739,409.41449264240543,116.18027460234957,208.49000549316406,217.58074300671984,167.10000610351562,161.93351747234263,404.10625814496586,111.53226256952769,197.05999755859375,217.58074300671984,167.80999755859375,162.37072151296138,404.1259805010332,112.3918952304853,198.47000122070312,44155300,39237900,18551700,19414300,312646700,76247400
2024-08-14,220.27304077148438,170.10000610351562,159.3500518798828,411.2989807128906,118.02948760986328,201.3800048828125,221.5744891931242,172.27999877929688,162.18193212107965,412.14752377963794,118.5492618001431,208.44000244140625,218.2662191901357,168.86000061035156,156.70698083807574,406.9478375879701,114.02120093884069,198.75,219.13055181670978,172.11000061035156,161.36713999266024,409.26646397851016,118.47929205094907,207.38999938964844,41960600,28843800,40591100,18267000,339246400,70250000
2024-08-15,223.25347900390625,177.58999633789062,160.27413940429688,416.162109375,122.80744171142578,214.13999938964844,223.8793724762866,177.91000366210938,160.61197337469392,416.2411711538097,123.18727640390337,215.8800048828125,221.30626328939533,173.99000549316406,158.59488533261137,412.8310776655769,117.41974813678404,204.82000732421875,223.13426697458056,174.86000061035156,159.4792243502646,414.94631960204117,118.7091971963176,205.02000427246094,46414000,51698500,31524300,20752100,318086700,89848500
2024-08-16,224.57479858398438,177.05999755859375,161.92356872558594,413.6316833496094,124.52670288085938,216.1199951171875,225.34970708383625,178.33999633789062,164.0102034694482,416.46849580465874,124.94652136236562,219.8000030517578,222.19045191126241,176.25999450683594,160.10520584481466,412.4751975268654,121.12815597457694,210.8000030517578,222.45869413327577,177.0399932861328,160.44303978023876,415.7370612802868,121.88783295977665,211.14999389648438,44340200,31489200,24208600,22775600,302589900,88765100
2024-08-19,224.4158172607422,178.22000122070312,165.6099853515625,416.65631103515625,129.9443817138672,222.72000122070312,224.51517071380414,178.3000030517578,165.6298623978553,416.87376862371895,129.9443817138672,222.97999572753906,221.5844105997713,176.16000366210938,163.21530919170212,411.64492262923585,123.36719502454015,214.08999633789062,224.24692851790377,177.63999938964844,164.22882628821975,414.11601787893187,124.22682769827617,217.07000732421875,40687800,31129800,22416200,15234000,318333600,76435200
2024-08-20,225.03179931640625,178.8800048828125,166.1167449951172,419.8885498046875,127.195556640625,221.10000610351562,225.68749582093912,179.00999450683594,167.56746621538298,420.9362919197164,129.82443628728038,228.22000122070312,223.97871925960482,177.42999267578125,165.7590491136282,416.76511152971835,125.83613790062299,219.55999755859375,224.2966382287883,177.9199981689453,165.8385269794626,416.8244154105886,128.3450585172195,224.8800048828125,30299000,26255200,18341500,16387600,300087400,74001200
2024-08-21,224.92251586914062,180.11000061035156,164.79519653320312,419.2362060546875,128.4450225830078,223.27000427246094,226.49220666639903,182.38999938964844,165.7888365119098,421.47005594621174,129.29466502006431,224.66000366210938,223.58133501497932,178.88999938964844,163.62269347422293,416.844172261588,126.60581346882094,218.86000061035156,225.04174306182065,179.9199981689453,164.09963641871417,419.1768720092263,127.26552712895132,222.6699981689453,34765500,35599100,22902000,16067300,257883600,70146000
2024-08-22,223.064697265625,176.1300048828125,162.7582550048828,410.7454528808594,123.68706512451172,210.66000366210938,226.84983046212884,181.47000122070312,166.52414439583893,421.8555179747642,130.6940685649148,224.8000030517578,222.43880384726458,175.67999267578125,162.2713658869077,409.8163186254232,123.04733950988674,210.32000732421875,226.30341677619586,181.3800048828125,166.19624133619183,419.45359039351575,129.96438511048203,223.82000732421875,43695300,32047500,22493300,19361900,376189100,79514500
2024-08-23,225.35963439941406,177.0399932861328,164.566650390625,411.97113037109375,129.31463623046875,220.32000732421875,226.73063334528243,178.97000122070312,165.12308635947946,414.41257372157986,129.54454879248973,221.47999572753906,222.866020162344,175.24000549316406,162.78804147862647,407.32545916499066,125.16641816339359,214.2100067138672,224.187342377279,177.33999633789062,163.6723804637865,412.15893602611095,125.80614369005178,214.4600067138672,38677300,29150100,13955700,18493800,323230300,81525200
2024-08-26,225.69740295410156,175.5,165.1032257080078,408.70928955078125,126.40589904785156,213.2100067138672,225.79675641202357,177.47000122070312,166.48438469877073,412.4554786638681,131.20384101513017,219.08999633789062,222.4288803537143,174.3000030517578,163.414040743741,406.58415351672016,124.3167968178151,211.00999450683594,225.28014571740593,176.6999969482422,165.32182772050928,411.55599630876077,129.5145768150302,218.75,30602200,22366200,14190400,13152800,331964700,59301200
2024-08-27,226.5418701171875,173.1199951171875,163.6326446533203,409.0552673339844,128.2451171875,209.2100067138672,227.35652605602343,174.88999938964844,165.38146093564725,409.5692443465509,129.14472607274774,215.66000366210938,223.4223624308928,172.25,163.41405777977417,405.5067777613987,123.8270022374259,206.94000244140625,224.52511915345738,174.14999389648438,164.78527080999132,408.0865870238401,124.99650751528328,213.25,35934600,29842000,11821900,13492900,303134600,62821400
2024-08-28,225.0119171142578,170.8000030517578,161.8142852783203,405.8526916503906,125.55626678466797,205.75,228.35991942602843,173.69000244140625,164.54679536636124,410.201813276276,128.27510443502842,211.83999633789062,224.20719049274723,168.9199981689453,160.50267315842373,402.60072184118246,122.58753608006307,202.58999633789062,226.43257756563742,173.69000244140625,163.99034421256823,410.0832055301203,128.06518755846798,209.72000122070312,38052200,29045000,16407400,14882700,448101100,64116400
2024-08-29,228.2904052734375,172.1199951171875,160.7510986328125,408.3435363769531,117.53968811035156,206.27999877929688,231.3999840370147,174.2899932861328,164.9144531934037,417.17028122626607,124.37676573622443,214.88999938964844,227.38635536936076,170.80999755859375,159.2308304504993,405.85268326493673,116.66006734390899,205.97000122070312,228.59839497615772,173.22000122070312,163.26500694274193,410.142500929111,121.30807947152184,209.8000030517578,51906300,26407800,19699800,17045200,453023300,62308800
2024-08-30,227.5055389404297,178.5,162.34091186523438,412.31707763671875,119.31893157958984,214.11000061035156,228.89639643358683,178.89999389648438,162.6191298588304,412.663006834999,121.69791057687668,214.57000732421875,225.99545426270925,172.60000610351562,160.66165779990888,407.36499317358016,117.169849908653,207.02999877929688,228.68777538921813,172.77999877929688,161.58573574397926,410.7948745382869,119.47885915972935,208.6300048828125,52990800,43429400,22123800,24308300,333751600,63370600
2024-09-03,221.3162078857422,176.25,156.3592071533203,404.70611572265625,107.95378875732422,210.60000610351562,227.50554667965343,178.25999450683594,160.82065667227133,415.02541234976394,116.1602749319815,219.89999389648438,219.72664341730942,175.25999450683594,155.4847990112644,402.32397617802485,107.24409346859224,209.63999938964844,227.05848641015993,177.5500030517578,160.6914786071736,413.0781880012741,115.96036355880885,215.25999450683594,50190600,37817500,38945300,20313600,477155100,76714200
2024-09-04,219.4087371826172,173.3300018310547,155.45497131347656,404.17236328125,106.16455078125,219.41000366210938,220.33266071869627,175.97999572753906,157.98875628626521,406.4853049884444,113.22152729745075,222.22000122070312,216.06071952153204,172.5399932861328,154.9680974284368,399.6947395600007,104.07544877334824,210.57000732421875,220.21344869061124,174.47999572753906,155.66364237973846,401.2169427939581,105.36489768479619,210.58999633789062,43840200,30309200,19353800,15135800,372470300,80651800
2024-09-05,220.92874145507812,177.88999938964844,156.23995971679688,403.6683044433594,107.16413116455078,230.1699981689453,224.00850159902006,179.8800048828125,158.4358956354768,408.3238400745398,109.6030896936583,235.0,220.07435325324454,175.0,154.98796360800392,401.43442438412086,104.715182404582,222.25,220.1836359939166,175.0,155.30593568698094,402.9071876985351,104.94507973247826,223.49000549316406,36615400,40170500,18688700,14195500,306850700,119355000
2024-09-06,219.37892150878906,171.38999938964844,149.96014404296875,397.0556335449219,102.78600311279297,210.72999572753906,223.7700744804958,178.3800048828125,156.82619994728552,405.9021372589665,108.10372649561138,233.60000610351562,218.33577084564575,171.16000366210938,149.59250210192843,396.16601504088436,100.90680264312543,210.50999450683594,222.4884846157397,177.24000549316406,156.29957197054128,404.3305241544344,107.9937729521253,232.60000610351562,48423000,41466500,37912100,19609500,413638100,112177000
2024-09-09,219.4683380126953,175.39999389648438,147.96029663085938,401.0291442871094,106.42444610595703,216.27000427246094,219.82598924771256,175.85000610351562,152.62663960312594,403.9252609488484,106.50441370678206,219.8699951171875,215.2957503769675,173.50999450683594,146.47780288600765,397.50041270369564,103.64563679939363,213.6699981689453,219.37892899374344,174.52999877929688,151.74112707707891,402.5315594789773,104.83512245061276,216.1999969482422,67180000,29037400,39260500,15295100,273912000,67443500
2024-09-10,218.67355346679688,179.5500030517578,147.91053771972656,409.4111022949219,108.05374145507812,226.1699981689453,220.03460793809228,180.5,150.50738007285446,411.5164502597468,109.35318822314704,226.39999389648438,215.31560663834654,176.7899932861328,147.59214370497173,402.9862541865475,104.90508784485718,218.63999938964844,217.49131703149231,177.49000549316406,149.6915067964419,403.48047327180706,107.76386463370491,220.07000732421875,51591000,36233800,31118800,19594300,268283700,78891100
2024-09-11,221.20693969726562,184.52000427246094,150.39793395996094,418.1488952636719,116.85997772216797,228.1300048828125,221.6341262702352,184.99000549316406,150.7362162140882,419.08789343392027,117.13985668962943,228.47000122070312,216.46806414665176,175.72999572753906,146.77628554400584,404.84449566929334,107.37403301447969,216.8000030517578,220.01477384708656,180.10000610351562,149.16417992613762,410.6960629554886,109.34319126914343,224.5500030517578,44587100,42564700,29607700,19266900,441422400,83548600
2024-09-12,221.3162078857422,187.0,153.91014099121094,422.0630798339844,119.0992202758789,229.80999755859375,222.09111639532034,187.41000366210938,154.03949046129577,422.42879711427406,120.74865704096976,231.4499969482422,218.38546260882887,183.5399932861328,151.88041704126704,414.89690341994134,115.34050510922769,223.8300018310547,221.04796566036197,184.8000030517578,153.02462848632382,418.415740735589,116.80000446674823,224.66000366210938,37455600,33544200,29621500,17395700,366052700,71894900
2024-09-13,221.04795837402344,186.49000549316406,156.66616821289062,425.611572265625,119.05921936035156,230.2899932861328,222.57790161811045,188.5,157.58152818841413,426.83722589839596,119.91892551173434,232.6699981689453,220.46181236980377,185.91000366210938,154.42751164329223,420.5408798146308,117.55973295121166,226.32000732421875,222.12091208096655,187.0,154.6463885405626,420.9065970976519,119.0392295640139,228.0,36766600,26495400,29591200,15874600,238358300,59515100
2024-09-16,214.90829467773438,184.88999938964844,157.2631378173828,426.3528747558594,116.7400131225586,226.77999877929688,215.80241517960704,185.80999755859375,157.45218236116395,428.51755654874484,118.13953528569532,229.9600067138672,212.52394807405793,183.36000061035156,155.8105069116596,423.26895279469,114.32084356482326,223.52999877929688,215.126845002842,185.2899932861328,156.51691894363321,425.62144023461013,116.75001183404176,229.3000030517578,59357400,26065500,18379800,13834700,248772300,54323000
2024-09-17,215.3751983642578,186.8800048828125,158.51681518554688,430.1188659667969,115.55043029785156,227.8699951171875,215.48448109873988,189.4499969482422,159.74061004154726,436.741413807479,118.75933823796504,234.57000732421875,213.10014982176025,186.13999938964844,157.5815516503455,427.2721591954558,114.79069593440207,226.5500030517578,214.3419921866889,186.85000610351562,158.2183245621199,435.1401487897844,118.12954900355818,229.4499969482422,45519300,26091700,20715600,18874200,231925900,66761600
2024-09-18,219.24977111816406,186.42999267578125,159.0043182373047,425.8290710449219,113.33119201660156,227.1999969482422,221.25659276615585,188.8000030517578,159.6908420434117,430.9887198071655,117.65970390167261,235.67999267578125,216.12031904206836,185.05999755859375,157.80042693308812,425.43370178624906,113.18124184177299,226.8800048828125,216.13026348358338,186.4499969482422,159.05406919954734,429.97062963783105,115.85032597194726,230.08999633789062,59894900,34448100,23677300,18898000,310318900,78010200
2024-09-19,227.3763885498047,189.8699951171875,161.32257080078125,433.6179504394531,117.82965087890625,243.9199981689453,228.32020097310811,190.99000549316406,162.96424625525552,436.3954593302787,119.6190390017094,244.24000549316406,223.16406850984052,188.47000122070312,160.52660096333298,431.84863763952944,117.20986038538442,232.1300048828125,223.52171975466862,190.0399932861328,162.88466293518638,436.1285918792357,117.30982462581498,234.0,66781300,39543200,26587700,21706600,293506400,102694600
2024-09-20,226.7107391357422,191.60000610351562,162.76527404785156,430.23748779296875,115.96028900146484,238.25,231.56882586153637,191.83999633789062,162.90456764484875,434.161588684006,118.57939482627764,243.99000549316406,226.13452245924367,187.41000366210938,161.2429886014312,429.1996397408119,115.35049721640073,235.9199981689453,228.46919216926284,190.22999572753906,162.67573141732413,432.16495436382024,117.01992368452845,241.52000427246094,318679900,100378600,40896400,55167100,382462400,99879100
2024-09-23,224.99205017089844,193.8800048828125,161.03404235839844,428.4978332519531,116.22020721435547,250.0,227.95259834339626,194.4499969482422,164.65569075995793,431.41370770372646,116.94995306986277,250.0,224.33635371548323,190.57000732421875,160.85494193042624,425.4139110417271,114.82068489843978,241.9199981689453,225.8563676699032,191.63999938964844,163.52143865567453,429.2589197702658,116.51010886475667,242.61000061035156,54146000,36993100,24150900,15128900,206228500,86927200
2024-09-24,225.88616943359375,193.9600067138672,161.4718017578125,424.2080078125,120.82862091064453,254.27000427246094,227.85325878901892,195.3699951171875,162.39712101997654,428.33967197864655,121.75830281490052,257.19000244140625,224.25687274556688,190.1300048828125,159.8798773312799,421.1734954974966,115.34049501127092,249.0500030517578,227.15781488965328,194.27000427246094,162.20807648352036,427.9937125983331,116.4801041033547,254.0800018310547,43556100,43478900,23332100,17015800,354966800,88491000
2024-09-25,224.89271545410156,192.52999877929688,160.6758575439453,427.1140441894531,123.46772003173828,257.0199890136719,225.80670975939722,193.9499969482422,161.9891949013652,428.1123764897723,124.8972307941946,257.04998779296875,222.55806053621265,192.16000366210938,160.48681299524299,423.61499445013624,121.56836894761845,252.27999877929688,223.46211039913067,193.75,160.6559541225392,424.86040615195157,121.9782246233193,252.5399932861328,42308700,26391100,18869200,13396400,284692900,65034300
2024-09-26,226.0352020263672,191.16000366210938,161.9095916748047,426.3232421875,123.99754333496094,254.22000122070312,227.00880227293717,194.52999877929688,163.2527917160846,430.2671006249204,127.62629807870698,261.75,223.9389713421174,189.5399932861328,161.46186338833198,424.1684543301705,121.75831219877176,251.52999877929688,225.81663654010723,194.30999755859375,162.81500754909376,430.0595370663028,126.75660075164774,260.6000061035156,36636700,36334900,20319300,14492000,302582900,67142200
2024-09-27,226.3034210205078,187.97000122070312,163.1234588623047,423.0712890625,121.35844421386719,260.4599914550781,228.02214184296878,190.89999389648438,164.86463640620642,426.85702409572957,123.9875411739155,260.70001220703125,225.8166284941723,187.33999633789062,161.81012140947348,422.52766014209345,119.21917738287792,254.1199951171875,226.9690618971705,190.67999267578125,161.98920666955183,426.5308226116947,123.9275641535197,257.3800048828125,34026000,36002300,21101300,14896100,271009200,70988100
2024-09-30,231.4794158935547,186.3300018310547,165.01388549804688,425.3249206542969,121.39842987060547,261.6300048828125,231.4794158935547,188.49000549316406,165.31236092462515,425.4435585697777,121.45840689022769,264.8599853515625,228.15127230522148,184.64999389648438,162.43693125430474,420.4519278512811,118.10955522149155,255.77000427246094,228.53872651515564,187.13999938964844,162.49664152148338,423.2590885562286,118.26949648274505,259.0400085449219,54541900,41583900,20413900,16807300,226553700,80705700
2024-10-01,224.7337646484375,185.1300048828125,166.14813232421875,415.8260192871094,116.95994567871094,258.0199890136719,228.15130254219565,186.19000244140625,168.3071905376278,423.52596039492926,122.39808576451375,263.9800109863281,222.27988260723768,183.4499969482422,163.75027859535956,413.9677508658884,115.7503608309228,248.52999877929688,228.02216122790813,184.89999389648438,166.84460026695353,423.4963084590475,121.72830933905863,262.6700134277344,63285000,36044900,28338100,19092900,302094500,87397600
2024-10-02,225.30003356933594,184.75999450683594,165.02381896972656,412.3072509765625,118.80931091308594,249.02000427246094,225.8861795938886,186.60000610351562,166.67545373891107,417.9314670176148,119.33912825058258,251.16000366210938,221.56457676904253,184.0399932861328,163.8995109959539,411.8920936401559,115.10058192382681,241.5,224.41584231153624,184.44000244140625,165.58099330587024,417.6942213262076,116.40013992758973,247.5500030517578,32880600,23704100,17760200,16582300,221845900,93983900
2024-10-03,224.19728088378906,181.9600067138672,165.02381896972656,411.72406005859375,122.80794525146484,240.66000366210938,225.32984066329956,183.44000244140625,165.79988539247842,414.69923855591765,124.31743049345978,249.7899932861328,221.86262602596847,180.8800048828125,163.0935970324702,409.5000740881514,120.2988023230489,237.80999755859375,223.67074086449446,183.0500030517578,163.58113216752693,412.8014540867281,120.87860561160097,244.47999572753906,34044200,30204300,15073100,13686400,277118000,80729200
2024-10-04,225.31988525390625,186.50999450683594,166.21775817871094,411.24957275390625,124.87723541259766,250.0800018310547,226.51205091107013,187.60000610351562,167.38185775705003,414.8969119270876,124.99719707970252,250.9600067138672,222.66731173997377,183.60000610351562,164.64572198743747,410.172178794162,121.78829684578011,244.5800018310547,226.41269745663615,185.75,167.21271664038824,413.40436067339476,124.89723283717322,246.69000244140625,37245100,40890300,19047400,19169700,243678100,86573200
2024-10-07,220.24327087402344,180.8000030517578,162.15834045410156,404.80499267578125,127.67628479003906,240.8300018310547,224.21716718776875,183.60000610351562,167.63061248672904,412.287446994849,130.5952834922112,249.8300018310547,219.8856195994179,180.25,161.92950423820415,404.27122759664127,124.90722864393703,240.6999969482422,223.0349306089557,182.9499969482422,166.87444945314562,411.1902950616205,124.94721586781675,249.0,39505400,42364200,22463100,20919800,346250200,68113300
2024-10-08,224.29660034179688,182.72000122070312,163.55128479003906,409.9151916503906,132.84449768066406,244.5,224.50522136577493,183.08999633789062,163.89951115954543,410.8542199929417,133.43429200303964,246.2100067138672,221.79304193960246,180.9199981689453,162.0488877230142,403.4508276328713,129.3756845929013,240.55999755859375,222.83619253711748,181.9199981689453,163.11350061638578,406.14924457508937,130.2153933149511,243.55999755859375,31855700,26372100,23072700,19229300,285722500,56303200
2024-10-09,228.04200744628906,185.1699981689453,161.04397583007812,412.6333923339844,132.60458374023438,241.0500030517578,228.25064364916537,185.85000610351562,164.00894776946933,415.51964507918063,134.473953954377,247.42999267578125,223.36275355639287,182.0500030517578,158.93466876764882,409.50992407936405,131.33502948270424,239.50999450683594,223.7601370790405,182.82000732421875,162.6259561269001,411.051885220099,134.06409064908044,243.82000732421875,33591100,26343100,31181800,14974300,246191600,66289500
2024-10-10,227.54527282714844,186.64999389648438,161.2628936767578,411.0321044921875,134.76385498046875,238.77000427246094,228.00227752622936,188.1300048828125,162.24790816824293,412.5246557071608,134.9537923881041,242.7899932861328,225.68748134269669,185.8300018310547,159.591355313801,408.37320353432506,130.95516150253064,232.33999633789062,226.29350107451606,187.1300048828125,160.0589870760538,410.42917171763446,131.86485368985453,241.80999755859375,28183500,27785000,14144100,13848400,242311300,83087100
2024-10-11,226.0650177001953,188.82000732421875,162.41702270507812,411.5065612792969,134.7538604736328,217.8000030517578,227.91287999534921,189.92999267578125,163.07368374330417,412.3071937353824,135.73352074472976,223.33999633789062,225.8563814846346,186.3000030517578,160.42710580677368,408.4720490414364,133.61425131031754,214.3800048828125,227.80359724609562,186.6300048828125,161.31261821924474,411.3286496589972,133.9641223517835,220.1300048828125,31759200,25751600,15344300,14144900,170209500,142628900
2024-10-14,229.79052734375,187.5399932861328,164.1283721923828,414.2939758300781,138.0227508544922,219.16000366210938,230.21771386522883,189.8300018310547,165.3919586438415,419.137316675548,139.5522259694365,221.91000366210938,227.1081507143634,187.36000061035156,162.5762240722605,412.692680707405,136.25335239175735,213.74000549316406,227.20748901369805,189.77999877929688,162.81501959424767,412.9397902420181,136.42329237635488,220.1300048828125,39882100,22614400,19016100,16653100,232347700,86291900
2024-10-15,232.32388305664062,187.69000244140625,164.6258544921875,413.8985900878906,131.55496215820312,219.57000732421875,235.9401275315396,188.41000366210938,166.83464858810927,417.5953693595967,138.52257769243778,224.25999450683594,230.853530735341,184.5800018310547,163.80003704311807,410.4588445581101,128.6959404665834,217.1199951171875,232.08544385770335,187.6300048828125,164.95417746587214,417.29881980944174,137.82280508502743,220.00999450683594,64751400,32178900,20247200,18900200,377831000,62988800
2024-10-16,230.2673797607422,186.88999938964844,164.32733154296875,411.30889892578125,135.6735382080078,221.3300018310547,230.60515724916505,187.77999877929688,164.96410430609617,411.5461144410461,136.57322399642072,222.82000732421875,228.34003796565733,185.61000061035156,162.91449244921293,405.7341231638779,131.53495612489098,218.92999267578125,230.0885617348273,187.0500030517578,163.70050289828418,410.369900734698,133.9341283963689,221.39999389648438,34082200,23456800,16406000,15508900,264879700,49632800
2024-10-17,230.63497924804688,187.52999877929688,162.1085968017578,411.9019470214844,136.8831329345703,220.88999938964844,232.3238971476739,188.94000244140625,165.53125680199904,417.61511832115826,140.8417844676902,222.0800018310547,229.0156269629083,186.0,161.9394556622168,410.78500708577025,136.8231559081479,217.89999389648438,231.9066247344228,188.22000122070312,164.89448390766555,417.4767225011017,139.2923118529861,221.58999633789062,32993800,25039400,21453400,14820000,306435900,50791800
2024-10-18,233.4663848876953,188.99000549316406,162.59613037109375,413.3253173828125,137.9527587890625,220.6999969482422,234.63867690560429,190.74000549316406,163.87963544942022,414.79808063402476,138.85244459278235,222.27999877929688,232.4828401919167,186.27999877929688,162.2578480953578,411.44729085370335,137.23300404466042,219.22999572753906,234.63867690560429,187.14999389648438,162.3672941471386,412.3171212877513,138.62252759913224,220.7100067138672,46431500,37417700,19757700,17145300,176090200,49611900
2024-10-21,234.9367218017578,189.07000732421875,163.2428741455078,413.9381103515625,143.6608123779297,218.85000610351562,235.30431748145634,189.4600067138672,163.67069908073404,414.1160219717621,143.6608123779297,220.47999572753906,232.9199708414818,186.39999389648438,161.8001719473291,408.9662678666254,137.95276029474488,215.72999572753906,232.9199708414818,188.0500030517578,162.12851012597127,411.30886136013186,138.0827206747143,218.89999389648438,36254500,24639400,20946500,14206100,264554500,47329000
2024-10-22,234.32078552246094,189.6999969482422,164.3074493408203,422.5672302246094,143.54086303710938,217.97000122070312,234.67843677993508,191.52000427246094,164.93427806644567,425.6017126142665,144.3705808600113,218.22000122070312,231.0820656392084,186.97999572753906,162.15833529455813,413.20671913798,141.731484819394,215.25999450683594,232.36364046895116,188.35000610351562,162.15833529455813,413.65149823512496,142.86110303968678,217.30999755859375,38846600,29650600,16568100,25482200,226311600,43268700
2024-10-23,229.25404357910156,184.7100067138672,161.95936584472656,419.69085693359375,139.51222229003906,213.64999389648438,233.60546433739609,189.16000366210938,164.98404860544863,426.0959170295647,142.38123492807873,218.72000122070312,226.27362172475395,183.69000244140625,161.1136449298604,417.64478266305224,137.41295033058282,212.11000061035156,232.55238437433343,188.85000610351562,163.92937969662665,425.8784594235447,141.9813779606296,217.1300048828125,52287000,31937100,18280500,19654400,285930000,80938900
2024-10-24,229.06529235839844,186.3800048828125,161.89964294433594,419.8193054199219,140.3619384765625,260.4800109863281,229.31366084202813,187.11000061035156,162.50656821640374,421.05485298708396,141.30161913611144,262.1199951171875,226.91938502162782,183.86000061035156,160.1982572859619,417.51622786247975,138.41260905173522,242.64999389648438,228.4791312160334,185.25,162.00908898296657,420.41234412037124,140.7718017861216,244.67999267578125,31109500,21647400,22412500,13581600,172354900,204491900
2024-10-25,229.89981079101562,187.8300018310547,164.4368133544922,423.1997375488281,141.49154663085938,269.19000244140625,231.69799621804017,190.4499969482422,164.7551922144046,427.51920692415774,144.08067171203157,269.489990234375,228.07182235817814,187.52999877929688,162.59613385740113,421.6380187300836,140.75180968215267,255.32000732421875,228.2407111108546,187.85000610351562,162.84487350933975,421.8258243694227,140.8817548130095,256.010009765625,38802300,29362100,19828900,16899100,205122100,161611900
2024-10-28,231.87681579589844,188.38999938964844,165.87948608398438,421.6578674316406,140.47190856933594,262.510009765625,233.19813797949908,190.2100067138672,167.89925067008892,426.9460180768045,143.09100694226274,273.5400085449219,231.032372026897,188.2100067138672,163.12344672576728,421.3712118943836,140.00206821568727,262.239990234375,231.7973512193415,189.57000732421875,167.89925067008892,426.6692565747174,142.95105547012693,270.0,36087100,27930800,32138600,14882400,173586700,107653600
2024-10-29,232.1450653076172,190.8300018310547,168.82455444335938,426.9558410644531,141.20164489746094,259.5199890136719,232.80076177889833,191.4600067138672,169.52103755308448,428.16173672961014,142.21129364579818,264.9800109863281,230.80388451731673,187.82000732421875,166.24761551933543,420.8769227357868,138.8524432880062,255.50999450683594,231.5787930163908,188.5800018310547,166.88438836507615,423.05149857942604,140.2419668294209,264.510009765625,35417200,35690200,42169000,17644100,157593600,80521800
2024-10-30,228.59837341308594,192.72999572753906,173.58045959472656,427.52911376953125,139.29229736328125,257.54998779296875,231.9463759413976,195.61000061035156,181.10234312249673,433.43009020652653,140.28196395700422,263.3500061035156,228.05195968136482,192.4199981689453,173.18246710164854,427.1040926423887,136.76316465511044,255.82000732421875,231.0919876952183,194.6999969482422,179.76908724801194,432.3823482739382,139.49222584841445,258.0400085449219,47070900,37707600,68890800,29749100,179418100,53993600
2024-10-31,224.4357147216797,186.39999389648438,170.2473602294922,401.6518859863281,132.71456909179688,249.85000610351562,228.33013097812315,190.60000610351562,175.92858030114797,411.348462734814,137.5629157078968,259.75,223.89923027313517,185.22999572753906,170.13791418034728,401.6024459753444,132.06479759847417,249.25,227.84332326136388,190.50999450683594,172.25718077657928,410.5576940417458,137.55292462080052,257.989990234375,64370100,75146800,44769000,53971000,270039600,66575300
2024-11-01,221.45529174804688,197.92999267578125,170.4264373779297,405.6253356933594,135.35365295410156,248.97999572753906,223.87937072005496,200.5,171.45125861583475,410.6960279404989,137.26300291330367,254.0,218.83252100898451,197.02000427246094,168.02859889466288,402.78852319074196,134.52395044654537,246.6300048828125,219.52794977327943,199.0,169.21260195677476,404.28107436497436,134.65389558133728,252.0399932861328,65276700,99687800,31796500,24230400,207127800,57544800
2024-11-04,220.56114196777344,195.77999877929688,168.3867950439453,403.7374267578125,136.00343322753906,242.83999633789062,221.33605042122997,197.3300018310547,169.86927360734452,405.67478719502446,138.91244079735898,248.89999389648438,218.2761640538016,194.30999755859375,167.16298506324307,400.88085627166146,135.52360180221356,238.8800048828125,219.54780947276666,196.4499969482422,169.07330370933886,405.06193022116906,137.16303982117785,244.55999755859375,44944500,38492100,21492700,19672300,187528200,68802400
2024-11-05,221.9917449951172,199.5,168.88426208496094,406.7027587890625,139.8621063232422,251.44000244140625,222.4884819564664,199.82000732421875,169.67027262380228,410.102988488707,140.3219403030432,255.27999877929688,219.6968226591573,195.99000549316406,167.98879032144563,403.3618329661191,137.28298774012364,246.2100067138672,220.35251908634842,196.0399932861328,168.57581219568198,403.6484884800003,137.40294177771256,247.33999633789062,28111300,30564800,18242100,17626000,160537400,69282500
2024-11-06,221.2665252685547,207.08999633789062,175.62013244628906,415.3219299316406,145.56015014648438,288.5299987792969,224.5946691536601,207.5500030517578,176.04797252771442,415.58882753455555,146.43985375430594,289.5899963378906,219.74651129717958,199.13999938964844,172.62531260376363,405.77361389082967,141.9114058474733,275.6199951171875,221.15724252476647,200.00999450683594,172.92380321236175,407.65167048638625,142.91106349142868,284.6700134277344,54561100,72292200,33695500,26681800,242043900,165228700
2024-11-07,225.99545288085938,210.0500030517578,179.83876037597656,420.5111999511719,148.82904052734375,296.9100036621094,226.39285156162418,212.25,180.16709852379773,421.9147952799536,148.8790112085744,299.75,223.10445516924474,207.19000244140625,176.2967103185547,415.02538074069076,146.1199614984642,285.5199890136719,223.16406118155706,207.44000244140625,176.51560241710214,416.40918800268514,146.3398874087156,288.8900146484375,42137700,52878400,25352900,19901800,207323300,117309200
2024-11-08,225.7269287109375,208.17999267578125,177.45086669921875,417.6546630859375,147.5794677734375,321.2200012207031,227.4176895436531,209.9600067138672,179.9879989024669,421.568869701991,149.71873459260812,328.7099914550781,225.17991383614745,207.44000244140625,177.1822236349013,416.90344044148964,146.2099263831815,297.6600036621094,225.9357792784742,209.72000122070312,179.7392592604337,420.40251992805025,148.71907691535895,299.1400146484375,38328800,36075800,22006200,16891400,175665800,204782800
2024-11-11,223.01174926757812,206.83999633789062,179.44076538085938,413.1770324707031,145.21026611328125,350.0,224.47376393957063,209.64999389648438,179.6397540376483,419.89839969038087,148.79904870323992,358.6400146484375,220.29658566640109,205.58999633789062,177.57023860694844,411.1902621762221,143.52085748188875,336.0,223.77757009002366,208.5,177.67968464546155,417.6348679260246,148.62909347800425,346.29998779296875,42005600,35456000,17450400,24503300,182325600,210521600
2024-11-12,223.01174926757812,208.91000366210938,180.70437622070312,418.13897705078125,148.2392120361328,328.489990234375,224.36436096493557,209.5399932861328,181.57000052707394,419.5326784209289,149.59874692031187,345.8399963378906,222.14648085284745,206.00999450683594,178.4856227918212,412.37639607879026,145.95999403229789,323.30999755859375,223.33001798502116,208.3699951171875,178.91346288473798,413.41424403977334,146.7297346202135,342.739990234375,40398300,38942900,25134900,19401200,198634700,155726000
2024-11-13,223.89691162109375,214.10000610351562,177.9781951904297,420.28387451171875,146.21994018554688,330.239990234375,225.4185978724207,215.08999633789062,180.04771085332573,424.36609835467016,149.27889039349282,344.6000061035156,221.54973296285615,209.13999938964844,177.6398977358846,413.37467197125,145.85005645366056,322.5,222.79294167641658,209.39999389648438,179.55023156460638,416.76503743687516,149.01898487542564,335.8500061035156,48566200,46212900,23184000,21502200,191903300,125405600
2024-11-14,226.98007202148438,211.47999572753906,174.69483947753906,421.9543762207031,146.7097625732422,311.17999267578125,227.62653447284012,215.89999389648438,177.9185109300503,423.21957584577814,148.94900137376933,329.9800109863281,223.77756520755418,210.8800048828125,173.44119705916114,415.14402288993426,145.50018526515709,310.3699951171875,223.7974607959322,214.16000366210938,177.38122476369978,420.086213638624,147.58946625444327,327.69000244140625,44923900,42620300,31007500,30246900,194463300,120726100
2024-11-15,223.77755737304688,202.61000061035156,171.62039184570312,410.2018127441406,141.93138122558594,320.7200012207031,225.6871240415238,207.33999633789062,173.2620672474057,417.91161788162964,145.1902747512061,324.67999267578125,223.05152776948486,199.61000061035156,170.35679033869232,408.8575514031372,140.03203789439084,309.2200012207031,225.1699449930133,206.75999450683594,172.85413063132057,414.96609164012756,144.8203910682193,310.57000732421875,47923700,86591100,32504600,28247600,250132900,114440300
2024-11-18,226.7811737060547,201.6999969482422,174.41624450683594,410.95306396484375,140.1020050048828,338.739990234375,228.49183017609323,204.6699981689453,174.55553810267529,413.56252505276035,141.50153478170088,348.54998779296875,223.94665165924164,200.9499969482422,172.0283347729084,407.33537663624696,137.10303223771245,330.010009765625,224.0262188410909,204.14999389648438,172.54571749253887,410.0733395128572,139.45223367342163,340.7300109863281,44633700,36409900,20135300,24727000,221205300,126085600
2024-11-19,227.0397491455078,204.61000061035156,177.2220001220703,412.9595947265625,146.9596710205078,346.0,228.90953992555222,205.3000030517578,177.9682189842711,413.1078544202765,147.0796403153284,347.3800048828125,225.4285554930197,198.77999877929688,172.68499186898757,406.79171998540573,140.94174272954967,332.75,225.74680903538962,199.3300018310547,172.84418886990383,408.33368112951007,141.27163159656618,335.760009765625,36211800,31197900,23434900,18133500,227834900,88852500
2024-11-20,227.75584411621094,202.8800048828125,175.09280395507812,410.6861267089844,145.84005737304688,342.0299987792969,228.68078414631773,203.1300048828125,176.78423047859985,412.4653333453386,147.50948385732136,346.6000061035156,224.6627401240164,199.4499969482422,172.90389814923452,405.8328921341125,142.68113546401185,334.29998779296875,226.82094870348703,202.97999572753906,176.44594821026809,412.0501760807684,147.35954130772643,345.0,35169600,32769000,18997100,19191700,309871700,66340700
2024-11-21,227.27845764160156,198.3800048828125,166.78489685058594,408.9132995605469,146.6197967529297,339.6400146484375,228.90954693288327,203.49000549316406,173.25212704774955,415.7570819396626,152.83766902515802,347.989990234375,224.48372676835862,195.75,162.87470208296352,406.3580380143849,140.65183891204953,335.2799987792969,227.63650237265796,203.49000549316406,173.02327566367867,415.47976649879917,149.29888738883682,343.80999755859375,42108300,58800000,59734400,20780200,400946600,58011700
2024-11-22,228.62110900878906,197.1199951171875,163.92935180664062,413.0037536621094,141.9014129638672,352.55999755859375,229.46649702017746,199.25999450683594,165.6207933486009,413.3999142872652,147.10963649428794,361.5299987792969,226.82094518602503,196.75,163.07368691644547,407.1206761919346,141.05171303807552,337.70001220703125,226.82094518602503,198.25,165.01386807553385,407.4277029433142,145.880046493066,341.0899963378906,38168300,31530800,38604600,24814600,236406200,89140700
2024-11-25,231.6048126220703,201.4499969482422,166.8048095703125,414.7765808105469,135.97344970703125,338.5899963378906,231.98275293866183,201.9499969482422,167.77987996639146,417.0446130867062,142.00138464304115,361.92999267578125,228.49182822914253,199.0,164.77510062902732,410.8743369468268,135.77352121027207,338.20001220703125,230.20248468460477,199.27999877929688,165.2526765242949,414.3705063731925,141.94140761937004,360.1400146484375,90152800,40685700,33135300,27691100,344941900,95890900
2024-11-26,233.7829132080078,207.86000061035156,168.2673797607422,423.888427734375,136.87313842773438,338.2300109863281,234.29015208323423,208.0,168.96386286905866,424.92838338966095,139.25232877348597,346.9599914550781,232.06231657216094,201.7899932861328,166.73515032254275,414.83603494213827,135.6235662299349,335.6600036621094,232.06231657216094,201.89999389648438,166.78490128483136,415.5689336176803,137.6528702588759,341.0,45986200,41673700,20486700,23458900,190287700,62295900
2024-11-27,233.65362548828125,205.74000549316406,168.37684631347656,418.93634033203125,135.2936553955078,332.8900146484375,234.4095061449918,207.63999938964844,168.62558597335425,423.13572759358533,137.17301655731904,342.54998779296875,232.53971526898803,205.0500030517578,167.17295486151244,417.97563494679554,131.7548742168772,326.5899963378906,233.19613315216662,206.97999572753906,168.14801007731103,421.03601885024915,134.96376655836661,341.79998779296875,33498400,28061600,19266500,18332400,226370900,57896400
2024-11-29,236.04058837890625,207.88999938964844,168.09825134277344,419.4018249511719,138.2026824951172,345.1600036621094,236.51797629056327,208.1999969482422,168.57582721675251,420.808229889217,139.30231211006736,345.45001220703125,232.698842645531,204.58999633789062,166.31728214035073,413.7960631011275,136.0034385187834,334.6499938964844,233.5342752849028,205.8300018310547,167.6505230120516,416.06412568619913,136.7331843976686,336.0799865722656,28481400,24892400,14257200,16271900,141863200,37167600
2024-12-02,238.28826904296875,210.7100067138672,170.6254425048828,426.84979248046875,138.58255004882812,357.0899963378906,239.48174623326935,212.99000549316406,171.21246438956555,428.8504232970242,140.40191910756175,360.0,235.8714788708015,209.50999450683594,167.72016544073577,417.27244986667705,137.77282976281836,351.1499938964844,235.98088183183904,209.9600067138672,167.91915410888186,417.52996787602956,138.7824785355422,352.3800048828125,48137100,39523200,23789100,20207200,171682800,77986500
2024-12-03,241.3316650390625,213.44000244140625,170.47621154785156,427.0676574707031,140.2119903564453,351.4200134277344,241.44106801091166,214.02000427246094,171.80945249599012,428.32547569363487,140.49189330582607,355.69000244140625,237.60203896586935,209.64999389648438,169.98869152545723,423.6407942127541,137.90278339727084,348.20001220703125,238.5070985351772,210.30999755859375,170.62546445455806,425.72067515411175,138.21267485883047,351.79998779296875,38861000,32214800,22248700,18302000,164414000,58267200
2024-12-04,241.68971252441406,218.16000366210938,173.49090576171875,433.2280578613281,145.09031677246094,357.92999267578125,242.78374225546824,220.0,174.02819184419297,435.4564952904926,145.7400881706811,358.1000061035156,239.9392801306149,215.75,170.19759561324068,428.483953715763,140.24197086598,348.6000061035156,241.55047375645148,215.9600067138672,170.2871382330325,428.8801143248133,141.95139223046513,353.0,44383900,48745700,31615100,26009400,231224300,50810900
2024-12-05,241.71954345703125,220.5500030517578,171.7696533203125,438.378173828125,145.0203399658203,369.489990234375,243.21139387343032,222.14999389648438,175.17240993472817,440.3986320775989,146.49993108099994,375.42999267578125,240.81449907142343,217.3000030517578,171.46121858121353,431.99000513841474,143.9106428157812,359.5,242.66439419479377,218.02999877929688,174.4759419461396,433.72323412188194,145.07032934736787,359.8699951171875,40033900,41140200,21356200,21697800,172621200,81403600
2024-12-06,241.5206298828125,227.02999877929688,173.8292236328125,439.319091796875,142.40106201171875,389.2200012207031,243.30091318780651,227.14999389648438,174.19735345650352,441.8248445475462,145.66016529709515,389.489990234375,240.76476447856876,220.60000610351562,170.9935855509351,437.5363238090719,141.27136605108353,370.79998779296875,241.59025685240857,220.75,171.16272669105973,438.06124339003895,144.5604751692698,377.4200134277344,36870600,44178100,21462400,18821000,188505600,81455800
2024-12-09,245.40939331054688,226.08999633789062,174.68585205078125,441.7455749511719,138.77203369140625,389.7900085449219,245.89673657618508,230.0800018310547,175.5723794273802,444.03343474398827,139.91172129670065,404.79998779296875,240.43655859300793,225.6699981689453,172.97256079724536,436.27848652322723,137.0925004855475,378.010009765625,240.51612576959502,227.2100067138672,173.28136421093646,438.3583673053642,138.93199359328304,397.6099853515625,44649200,46819400,25389600,19144400,189308600,96359200
2024-12-10,246.4238739013672,225.0399932861328,184.4476318359375,439.0813903808594,135.03306579589844,400.989990234375,246.861485816723,229.05999755859375,185.63299196104862,445.31111943385133,141.7812196768295,409.7300109863281,244.0070681600661,224.1999969482422,180.34370922398435,437.3679889585384,133.7534018405272,390.8500061035156,245.54865007065558,226.08999633789062,182.13669028720858,440.13125981361975,138.97197539548316,392.67999267578125,36914800,31199900,54813000,18469500,210020900,97563600
2024-12-11,245.15081787109375,230.25999450683594,194.63771057128906,444.6871643066406,139.2718963623047,424.7699890136719,249.43739908317045,231.1999969482422,194.84689801892716,446.034146674654,140.13166176303284,424.8800048828125,244.92205654138039,226.25999450683594,184.1288797897164,439.7945036123786,135.173026862483,402.3800048828125,246.61283253090062,226.41000366210938,184.58707675233347,439.7945036123786,137.32243273699547,409.70001220703125,45205800,35385800,67894100,19200200,184905200,104287600
2024-12-12,246.6128387451172,228.97000122070312,191.2111358642578,445.251708984375,137.3024444580078,418.1000061035156,247.3885997871069,231.08999633789062,194.4185600761266,451.7884649521135,138.40214979482639,429.29998779296875,244.34521203481492,227.6300048828125,190.96211115966233,444.8060093995974,135.76287224107875,415.0,245.54864477609476,229.8300018310547,194.2392695844635,444.8060093995974,137.04252103958567,424.8399963378906,32777500,28204100,34817500,20834800,159211400,87752200
2024-12-13,246.7819061279297,227.4600067138672,189.07948303222656,442.983642578125,134.21328735351562,436.2300109863281,247.9355922748061,230.1999969482422,191.97811901209872,447.10377945438483,139.56183041879834,436.29998779296875,244.90217516923994,225.86000061035156,188.90017734316862,441.30983602760955,132.50374826625531,415.7099914550781,246.47359279661413,228.39999389648438,190.2648278463795,444.142443353527,138.9020072444441,420.0,33155300,28768100,25143500,20177800,231514900,89000200
2024-12-16,249.67608642578125,232.92999267578125,195.89280700683594,447.26226806640625,131.96388244628906,463.0199890136719,250.01425073054844,233.0,198.22367470987274,447.8466102847365,134.36321966164874,463.19000244140625,246.3045049916291,228.00999450683594,191.86855906897816,441.0127411892908,130.3843129319086,436.1499938964844,246.6426692963963,230.22999572753906,192.11758378595036,442.9836607244317,134.14327863720246,441.0899963378906,51694800,37552100,44934900,23598800,237951100,114083800
2024-12-17,252.10281372070312,231.14999389648438,194.65762329101562,450.104736328125,130.35433959960938,479.8599853515625,252.45091820627584,232.72999572753906,200.6342160179093,450.92679906279125,131.5540083659402,483.989990234375,248.42291922357487,227.85000610351562,194.21933739249496,445.26161469090005,126.82530622422306,457.510009765625,248.72129232893911,232.38999938964844,196.48048589662955,446.6878170659997,129.0546920799943,475.8999938964844,51356400,35948100,43504000,22733500,259410300,131223000
2024-12-18,246.7023468017578,220.52000427246094,187.66500854492188,433.1983642578125,128.874755859375,440.1300048828125,252.89849494785605,231.39999389648438,196.23146433679096,448.31210217470453,136.6626191312432,488.5400085449219,246.39403346062903,220.11000061035156,187.0075948858922,432.83188469873346,128.2449232385065,427.010009765625,250.7900177691265,230.77000427246094,194.4584096820746,446.994861295181,133.82339933223892,466.5,56774100,43281400,34166100,24444500,277444500,149340800
2024-12-19,248.43287658691406,223.2899932861328,187.7745819091797,432.8417663574219,130.6442413330078,436.1700134277344,250.6308762664829,226.08999633789062,192.27695280314458,438.93282241461935,133.99333094415113,456.3599853515625,245.7475488049507,222.9199981689453,187.64509939888953,432.13857903304347,129.51456085077075,420.0199890136719,246.15532490458142,224.91000366210938,190.88242054359256,437.38777493352876,131.72394769790225,451.8800048828125,60882300,39918700,32265200,22963700,209719200,118566100
2024-12-20,253.1073760986328,224.9199981689453,190.66326904296875,432.4159240722656,134.6631622314453,421.05999755859375,253.61459983498276,226.2100067138672,192.13749096545695,439.48748337745457,135.24300545668208,447.0799865722656,244.35518295150268,218.72999572753906,184.49741523030252,424.5223020050907,128.1849385069714,417.6400146484375,246.69240643268387,219.83999633789062,185.0552281091218,428.9593493416428,129.7745000485284,425.510009765625,147495300,88279200,63462900,64263700,306528600,132216200
2024-12-23,253.8831329345703,225.05999755859375,193.8707275390625,431.078857421875,139.63180541992188,430.6000061035156,254.2610580907384,226.8800048828125,194.33889522295496,433.4558513948008,139.75176772445488,434.510009765625,252.07301363460223,223.89999389648438,189.40819366703502,428.6820357713906,135.08304656610844,415.4100036621094,253.38584941381717,225.00999450683594,191.86855908689105,432.5545685943141,136.24273302531586,431.0,40858800,28070000,25675000,19152500,176053500,72698100
2024-12-24,256.7972106933594,229.0500030517578,195.34494018554688,435.1197204589844,140.18165588378906,462.2799987792969,256.80713572411884,229.13999938964844,195.34494018554688,435.3871522905164,141.86118913948326,462.7799987792969,253.90300191480816,226.1300048828125,193.02402811118543,430.02899474815183,138.61207790245493,435.1400146484375,254.10192745486222,226.94000244140625,194.0798904284353,430.484577930417,139.9617148258363,435.8999938964844,23234700,15007500,10403300,7164500,105157000,59551800
2024-12-26,257.61273193359375,227.0500030517578,194.83694458007812,433.91143798828125,139.89173889160156,454.1300048828125,258.6868812844183,228.5,195.98245219810025,436.71433412405435,140.8115008078877,465.3299865722656,256.23029959445824,226.6699981689453,193.62170274567876,432.4456406431818,137.69234337416663,451.0199890136719,256.78725468311694,228.5,194.38868793025316,434.8721433787049,139.66180603983884,465.1600036621094,27237100,16146700,12046600,8194200,116205600,76366400
2024-12-27,254.20138549804688,223.75,192.0080108642578,426.4040832519531,136.97251892089844,431.6600036621094,257.294504767908,226.02999877929688,194.55803671433245,431.04913980352325,138.98197889967045,450.0,251.68513210698922,220.89999389648438,189.9062416607854,422.2641488688207,134.6731602308685,426.5,256.4292059497028,225.60000610351562,194.18946980047588,430.4350863105853,138.51210623580144,449.5199890136719,42355300,27367100,18891400,18117700,170582600,82666800
2024-12-30,250.82980346679688,221.3000030517578,190.4939422607422,420.7586669921875,137.452392578125,417.4100036621094,252.122743648892,223.0,191.7988292724579,423.45260132830686,140.2316308377207,427.0,249.38768429964367,218.42999267578125,188.3822024440024,417.8567536350218,133.98334063995796,415.75,250.8596392638085,220.05999755859375,189.0595575397149,421.97689027997586,134.79311660884966,419.3999938964844,35557500,28321200,14264700,13158700,167734700,64941000
2024-12-31,249.05946350097656,219.38999938964844,188.5615234375,417.46063232421875,134.25328063964844,403.8399963378906,251.90392569582917,223.22999572753906,191.2111501400391,422.6405224628075,138.0322612848829,427.92999267578125,248.07483671879714,218.94000244140625,187.77459680063998,416.62868593663666,133.79341493856927,402.5400085449219,251.0684930674946,222.97000122070312,190.33457825065463,422.0165551158413,137.99226367763055,423.7900085449219,39480700,24819700,17466900,13246500,155659200,76825100
2025-01-02,242.52516174316406,220.22000122070312,188.6909942626953,414.568603515625,138.2721710205078,379.2799987792969,247.74663833648884,225.14999389648438,191.25097555403835,421.9868450538027,138.84202245285945,392.7300109863281,240.50619200781614,218.19000244140625,186.76853081449056,410.8743686174563,134.5931847895647,373.0400085449219,247.57754859678104,222.02999877929688,189.90623605246924,421.45201157982797,135.96280522543205,390.1000061035156,55740700,33956600,20370800,16896500,198247200,109710700
2025-01-03,242.03782653808594,224.19000244140625,191.0417938232422,419.2928771972656,144.4304962158203,410.44000244140625,242.85336358935695,225.36000061035156,192.45626758091493,419.96635323692743,144.86037131104774,411.8800048828125,240.5758118291158,221.6199951171875,189.23885731709424,415.51939233739597,139.69178686675932,379.45001220703125,242.03782653808594,222.50999450683594,190.62343412562188,417.0446121521978,139.9717090810043,381.4800109863281,40244100,27515600,18596200,16662900,229322500,95423300
2025-01-06,243.66891479492188,227.61000061035156,196.10198974609375,423.749755859375,149.38912963867188,411.04998779296875,245.98625772407811,228.83999633789062,197.44672936937255,430.1577525838614,152.11839407781596,426.42999267578125,241.87869116125097,224.83999633789062,193.09378194764346,421.4024733118246,147.77958455274808,401.70001220703125,242.98266113735735,226.77999877929688,193.2232644718959,423.8983123069827,148.54936300568127,423.20001220703125,45045600,31849800,29563600,20573600,265377400,85516500
2025-01-07,240.89407348632812,222.11000061035156,194.7273712158203,418.322265625,140.10166931152344,394.3599853515625,244.215923537777,228.3800048828125,200.21587045148732,426.52291408196885,153.08812187242287,414.3299865722656,240.0387452815234,221.4600067138672,193.84084384019965,416.76730426764124,139.97169998670535,390.0,241.6598791297847,227.89999389648438,196.34104650196386,424.8887326935554,152.98814312185272,405.8299865722656,40856000,28084200,26487200,18139100,351782200,75699500
2025-01-08,241.3813934326172,222.1300048828125,193.19337463378906,420.4913330078125,140.07168579101562,394.94000244140625,242.3859157551251,223.52000427246094,195.52424236393108,422.87824100258706,143.91063203422854,402.5,238.74579711055483,220.1999969482422,191.62950729663424,417.50028530352995,137.5223800692543,387.3999938964844,240.605632433071,223.19000244140625,191.818768515616,419.40186853766966,142.54101155921632,392.95001220703125,37628900,25033300,24864800,15054600,227349900,73038800
2025-01-10,235.5631866455078,218.94000244140625,191.2908172607422,414.9350280761719,135.8728485107422,394.739990234375,238.85520080045117,221.7100067138672,195.75335107074358,420.6398068835906,139.88174676307978,399.2799987792969,231.73409784256125,216.5,189.5675704988791,411.0426680414125,134.18330808313058,377.2900085449219,238.70600665338932,221.4600067138672,193.54201039861906,420.5605868581897,137.41242079266553,391.3999938964844,61710900,36811500,26665200,20201100,207602500,62287300
2025-01-13,233.12649536132812,218.4600067138672,190.26483154296875,413.1919250488281,133.19357299804688,403.30999755859375,233.39503269669683,219.39999389648438,190.43416651970912,414.48936844362913,133.4535116815908,403.7900085449219,228.47192915300568,216.47000122070312,186.62907690279673,408.3388895039501,129.4745887600242,380.07000732421875,232.2612269401141,218.05999755859375,189.32851141262705,411.2606004893305,129.95446851982027,383.2099914550781,49630700,27262700,21823700,17604800,204808900,67580500
2025-01-14,232.0125732421875,217.75999450683594,188.9200897216797,411.6864929199219,131.7239532470703,396.3599853515625,234.83713969366363,221.82000732421875,191.23103088318788,415.7174656234234,136.3426998783518,422.6400146484375,231.2069764534674,216.1999969482422,187.57535034976993,406.783918522941,130.01442953826418,394.5400085449219,233.47458784982285,220.44000244140625,190.49392754683893,413.80596878606093,136.01278831507346,414.3399963378906,39435300,24711700,17174900,16935900,195590500,84565000
2025-01-15,236.57765197753906,223.35000610351562,194.78712463378906,422.2245178222656,136.2027587890625,428.2200012207031,237.66174156203553,223.57000732421875,195.59396223510123,424.04688082339095,136.4126928345012,429.79998779296875,233.15633900368562,220.75,191.1115176062456,414.2615595275802,131.25409986764885,405.6600036621094,233.36520475508792,222.8300018310547,192.33671488233958,415.11333355996726,133.61345527658474,409.8999938964844,39832000,31291300,21776000,19637800,185217300,81375500
2025-01-16,227.0198516845703,220.66000366210938,192.1574249267578,420.51104736328125,133.5334930419922,413.82000732421875,236.7168796666606,224.64999389648438,194.71739096273467,425.3739962723433,138.71206965350657,424.0,226.79110553013876,220.30999755859375,192.05780896613516,420.32289602505284,133.4535130811874,409.1300048828125,236.06047699847062,224.4199981689453,193.38262220625612,424.59158895645874,138.6020991142272,423.489990234375,71759100,24757300,17815400,15300000,209235600,68335200
2025-01-17,228.73052978515625,225.94000244140625,195.2353515625,424.9184875488281,137.67234802246094,426.5,231.02797728143995,226.50999450683594,196.46054874763502,430.3162708057646,138.46212527408701,439.739990234375,227.2386791848797,223.0800018310547,192.9941294144611,424.0667436709179,135.4229633158422,419.75,230.85890270118193,225.83999633789062,195.7632826747639,429.92999377383796,136.65262268416788,421.5,68488300,42370100,27735100,26197500,201188800,94991400
2025-01-21,221.43038940429688,230.7100067138672,197.2773895263672,424.3935241699219,140.79148864746094,424.07000732421875,223.20071739531107,231.77999877929688,201.50083912074155,426.7705180269004,141.7912151745994,433.20001220703125,218.1881065481907,226.94000244140625,197.09808382134892,421.52132200002626,137.05250594430132,406.30999755859375,222.783001089375,228.89999389648438,198.29341465676947,426.0772445238866,139.12194717769367,432.6400146484375,98070400,39951500,29971300,26085700,197749000,87320900
2025-01-22,222.61392211914062,235.00999450683594,197.59613037109375,441.9239501953125,147.02981567382812,415.1099853515625,222.90233985709415,235.44000244140625,199.6978996202174,442.9836731089654,147.74960487622204,428.0,218.59586314481808,231.19000244140625,196.7594109579838,431.8216876151847,143.63073568135124,414.5899963378906,218.59586314481808,232.02000427246094,198.28344103159932,433.36673527212855,144.62047062339892,416.80999755859375,64126500,41448200,26200600,27803800,237651400,60963300
2025-01-23,222.44483947753906,235.4199981689453,197.20765686035156,442.4289855957031,147.17974853515625,412.3800048828125,225.7965251191765,235.52000427246094,199.51861361447575,442.46861072225846,147.1897403093082,420.7300109863281,221.09222786837518,231.50999450683594,194.4385031217372,437.26892363486763,143.6807055002306,408.95001220703125,223.5189735650416,234.10000610351562,197.36703633289733,437.7641319289048,145.01034368405638,416.05999755859375,60234800,26404400,26951400,18389300,155915500,50690600
2025-01-24,221.56964111328125,234.85000610351562,199.42893981933594,439.80438232421875,142.58099365234375,406.5799865722656,224.40416321125562,236.39999389648438,200.11623519770797,442.3695576290663,148.92926325643236,418.8800048828125,220.207089142254,232.92999267578125,197.2275548677334,437.16987060502294,141.84120577881646,405.7799987792969,223.5587751677507,234.5,197.3271708236336,440.8938466028509,148.32942123311412,414.45001220703125,54697900,25890700,23877500,15549500,234657600,56427100
2025-01-27,228.6111602783203,235.4199981689453,191.06170654296875,430.39544677734375,118.38761901855469,397.1499938964844,230.88871192185238,235.61000061035156,196.11193470563097,431.0293279263355,128.3648859520762,406.69000244140625,222.76310174211312,225.86000061035156,189.98591802549169,419.4414413066827,116.668088091544,389.0,222.80289291870474,226.2100067138672,191.65937189687645,419.9465634582157,124.7658794397831,394.79998779296875,94863400,49428300,41728900,35647800,818830900,58125500
2025-01-28,236.9655303955078,238.14999389648438,194.53810119628906,442.9143371582031,128.95472717285156,398.0899963378906,238.88505261672515,241.77000427246094,194.71739168696277,444.08302154903276,128.96471894622445,400.5899963378906,229.5560092044273,233.97999572753906,189.93611434526252,427.24593852989443,116.21820602712087,386.5,229.59580038333414,234.2899932861328,191.99804618358004,430.43508134605355,121.77668294561497,396.9100036621094,75707600,41587200,24157900,23491700,579666400,48910700
2025-01-29,238.05955505371094,237.07000732421875,194.64767456054688,438.09100341796875,123.66617584228516,389.1000061035156,238.55683854812662,240.38999938964844,196.0222806001553,442.5974175154718,126.8553060976507,398.5899963378906,232.73861559310797,236.14999389648438,192.6753879484473,436.17950645057016,120.01717989918284,384.4800109863281,232.84801856891494,239.02000427246094,194.7970833042233,442.40923592540474,126.46541333864903,395.2099914550781,45486100,26091700,18218300,23581400,467120600,68033600
2025-01-30,236.29917907714844,234.63999938964844,200.08636474609375,411.01300048828125,124.61591339111328,400.2799987792969,239.48179056573835,237.9499969482422,200.6142959037936,418.8075747745586,124.96581615087412,412.5,235.9212539220553,232.22000122070312,196.89885156773758,409.20055129765046,118.06770157388424,384.4100036621094,237.37331330002667,237.13999938964844,197.22756600165175,414.75677425796516,123.0663342199192,410.7799987792969,55658300,32020700,24354700,54586300,392925500,98092900
2025-01-31,234.71780395507812,237.67999267578125,203.22409057617188,411.0823669433594,120.03717041015625,404.6000061035156,245.8470107317681,240.2899932861328,204.6783863780237,416.65841798837124,127.81504199868698,419.989990234375,232.1717149504871,236.41000366210938,201.0127499247283,410.9338104783747,119.15741376372098,401.3399963378906,245.8470107317681,236.5,201.21196665384008,414.9648138373058,123.74615511454752,401.5299987792969,100959800,36110200,32001100,34161900,388161100,83283600
2025-02-03,226.77120971679688,237.4199981689453,200.44496154785156,406.9820251464844,116.62810516357422,383.67999267578125,230.5704628324937,239.25,202.9551348332388,411.42898625512174,118.53757894355685,389.1700134277344,224.47376244068877,232.89999389648438,199.31938021531738,404.7436738342851,112.97910166242248,374.3599853515625,228.7404632470789,234.05999755859375,199.90707487204236,407.6555012178145,114.71862375628316,386.67999267578125,73063300,37285900,27838300,25679100,371235700,93732100
2025-02-04,231.5352020263672,242.05999755859375,205.57489013671875,408.4181213378906,118.6175537109375,392.2099914550781,231.86341095944582,242.52000427246094,206.24227455727316,409.9532853263689,121.16685177317855,394.0,225.4186058340825,238.02999877929688,202.01880986682883,405.81332063447735,116.66808241089754,381.3999938964844,226.0153521080233,239.00999450683594,202.59654903669593,408.73506192939664,116.92801344303115,382.6300048828125,45067300,29713800,43856400,20532100,256550000,57072200
2025-02-05,231.2069854736328,236.1699981689453,190.58360290527344,409.329345703125,124.79586791992188,378.1700134277344,231.4058958330951,238.32000732421875,191.99806150855852,409.86414898425164,124.96581960402936,388.3900146484375,227.0298072213747,235.1999969482422,187.29647352052726,406.46702679712905,120.72698113870702,375.5299987792969,227.2883891710869,237.02000427246094,190.32462266498615,408.39835154322543,121.72670769553925,387.510009765625,39620300,38727300,70373900,16316700,262230800,57223300
2025-02-06,231.95291137695312,238.8300018310547,190.8525390625,411.8350524902344,128.64480590820312,374.32000732421875,232.5297620441898,239.66000366210938,191.35058847007514,414.19224891795665,128.7347928917548,375.3999938964844,229.17806101517482,236.00999450683594,187.98376961110344,410.0324869601977,125.17576116570511,363.17999267578125,230.03338922164468,238.00999450683594,188.7607254709797,410.0324869601977,127.38515593926263,373.0299987792969,29925300,60897100,29297400,16309800,251483600,77918200
2025-02-07,226.39328002929688,229.14999389648438,184.61695861816406,405.8232116699219,129.80447387695312,361.6199951171875,232.72866665415378,234.80999755859375,190.43417229867478,414.63791357819275,130.3343276557766,380.54998779296875,226.0252799376335,228.05999755859375,182.52516013677956,404.1890302854019,124.96580169637689,360.3399963378906,231.33627899238985,232.5,190.3046897826863,412.48872643025265,129.18464838201572,370.19000244140625,39707200,77539300,49315000,22886800,228186300,70298300
2025-02-10,226.662109375,233.13999938964844,185.7425537109375,408.2695617675781,133.5334930419922,350.7300109863281,229.58935370973873,233.9199981689453,187.46580046504565,411.47850211303046,134.9630947980064,362.70001220703125,226.21406518332185,229.1999969482422,185.13493280467802,406.9820321839411,129.92447930424598,350.510009765625,228.57379092662126,230.5500030517578,186.61912556239702,409.74527293691693,130.05443339276326,356.2099914550781,33115600,35419900,23105600,20817900,216989100,77514900
2025-02-11,231.61053466796875,232.75999450683594,184.59706115722656,407.4970397949219,132.76370239257812,328.5,234.2092091135714,233.44000244140625,186.21073656140828,408.5369652151938,134.4432358451655,349.3699951171875,227.1400288616486,230.1300048828125,183.56110975757488,405.3775335991668,130.9841901729766,325.1000061035156,227.20971719471092,231.9199981689453,184.30818395569807,405.714301867279,132.54376130884148,345.79998779296875,53718400,23713700,21239500,18140600,178902400,118543400
2025-02-12,235.84210205078125,228.92999267578125,182.8937225341797,405.1200256347656,131.10415649414062,336.510009765625,235.93172304376256,231.17999267578125,184.38787090784842,406.813629604169,132.20386194641324,346.3999938964844,229.67896101319025,228.16000366210938,181.12066768003388,400.4947666868975,129.0447219695379,329.1199951171875,230.19670873650108,230.4600067138672,182.50524456499636,403.30754628100544,129.9844674915493,329.94000244140625,45243300,32285200,22072600,19121700,160278600,105382700
2025-02-13,240.4818878173828,230.3699951171875,185.41384887695312,406.60565185546875,135.25299072265625,355.94000244140625,241.28837041996871,230.4199981689453,185.5533021151623,407.0612350423618,136.46266649297655,358.69000244140625,234.54775953627293,227.52000427246094,182.4255521731024,402.46568736983716,131.13412244698262,342.8500061035156,235.88194100703416,228.85000610351562,183.6009567802338,403.0995685212682,131.52401516963508,345.0,53614100,31346500,21402500,23891700,197430000,89441500
2025-02-14,243.53855895996094,228.67999267578125,184.5073699951172,404.515869140625,138.81202697753906,355.8399963378906,244.484433375407,229.88999938964844,185.6728037263188,404.99128001840967,139.21191146517995,362.0,239.94422402720738,227.22999572753906,183.60093167035657,401.99031874797896,135.46293718873886,347.5,240.2030902821229,229.1999969482422,184.33803502896936,403.8820181953633,136.44266486168982,360.6199951171875,40896200,27031100,20448400,22758500,195479600,68277300
2025-02-18,243.40911865234375,226.64999389648438,183.05307006835938,405.71429443359375,139.36187744140625,354.1099853515625,244.11602908498713,229.3000030517578,185.2345287451642,406.66508596257455,143.40078131766987,359.1000061035156,240.7905267294893,223.72000122070312,181.03099083809295,402.60437161832556,137.89227816645598,350.0199890136719,243.0905000064508,228.82000732421875,184.87593259008312,404.08999660584703,141.23137649622348,355.010009765625,48822500,42975100,29916700,21423100,219176600,51631700
2025-02-19,243.80738830566406,226.6300048828125,184.5472412109375,410.79510498046875,139.19192504882812,360.55999755859375,244.94244069837237,226.8300018310547,184.73650242741212,411.5082061808428,141.32134750878612,367.3399963378906,242.10481731288857,223.7100067138672,182.8737872119756,403.7433432351679,137.18248014952957,353.6700134277344,243.59830810290342,225.52000427246094,183.35192561125757,403.97114994678657,139.47184726600554,354.0,32204200,28566700,19549400,24114200,167536000,67094400
2025-02-20,244.76321411132812,222.8800048828125,183.83999633789062,412.968505859375,140.07168579101562,354.3999938964844,245.70908851524857,225.1300048828125,184.587070455128,416.1243389128722,140.62153843760984,362.29998779296875,243.2298884862767,221.80999755859375,182.00717815142445,409.40578409861945,136.7525863640224,348.0,243.87707690453925,224.77999877929688,184.07906552714084,412.134891295379,139.991705837455,361.510009765625,32316900,30001700,20441500,23508700,143903600,45965400
2025-02-21,244.4844207763672,216.5800018310547,178.95912170410156,405.1086120605469,134.3932342529297,337.79998779296875,247.6107939080121,223.30999755859375,184.61695583425816,414.87384893021425,141.42132600995674,354.9800109863281,244.155851012499,214.74000549316406,178.38138255149903,404.791066280818,133.99334973043614,334.4200134277344,244.88267886995578,223.27999877929688,184.42769462228776,414.1692516421462,140.0017008694862,353.44000244140625,53197400,55323900,35199200,27524800,228217600,74058600
2025-02-24,246.0277099609375,212.7100067138672,178.5507049560547,400.9306335449219,130.244384765625,330.5299987792969,247.7800669312537,217.72000122070312,182.40560234155157,406.25983043716724,138.55211066034528,342.3999938964844,243.3593319822528,212.4199981689453,178.19210879001352,396.2861968407472,130.04444248958205,324.70001220703125,243.86711335623195,217.4499969482422,181.28002106421596,405.4063787741937,136.52266681200447,338.1400146484375,51326400,42387600,29854200,26443700,251381100,76052300
2025-02-25,245.9679718017578,212.8000030517578,174.73565673828125,394.876953125,126.59536743164062,302.79998779296875,248.91513366913293,213.33999633789062,178.04271218366185,398.8664306026397,130.16439082972744,328.8900146484375,243.84722519384715,204.16000366210938,174.0085088406691,393.6860882830661,124.4059715229826,297.25,246.92381259977986,211.6300048828125,177.3454308360551,398.05265327493277,129.94444977330787,327.0199890136719,48013300,58958000,41913400,29387400,271428700,134228800
2025-02-26,239.31695556640625,214.35000610351562,172.05615234375,396.6930847167969,131.24411010742188,290.79998779296875,243.91690216055417,218.16000366210938,175.39308961437996,400.53367776380867,133.69343728770713,309.0,238.0922974197643,213.08999633789062,170.9106447310479,391.25470780563023,128.4548795357506,288.0400085449219,243.26972892021308,214.94000244140625,174.38703523452213,394.9861511086002,129.95446947322534,303.7099914550781,44433600,39120600,35431300,19619000,322553800,100118300
2025-02-27,236.27024841308594,208.74000549316406,167.84266662597656,389.54779052734375,120.11714172363281,281.95001220703125,241.40786042901627,219.97000122070312,173.87902359915924,402.6574203650982,134.97307064778977,297.2300109863281,236.0312844149354,208.3699951171875,167.28485366729163,389.19054012926085,119.9771806223922,280.8800048828125,238.37109275336516,218.35000610351562,173.31125512309177,398.22137954122604,134.9630788743497,291.1600036621094,41153600,40548600,39991000,21127400,443175800,101748200
2025-02-28,240.79054260253906,212.27999877929688,169.61569213867188,393.973876953125,124.8858413696289,292.9800109863281,241.03945773883657,212.6199951171875,169.94440654660372,394.6090291195634,125.05579305607802,293.8800048828125,229.20105446423008,206.99000549316406,166.11939103491417,383.6330593862238,116.36817434407594,273.6000061035156,235.9217631442628,208.64999389648438,168.02192807583762,389.67678725566606,117.98772650698133,279.5,56833400,51771700,48130600,32845700,389091100,115697000
2025-03-03,236.99708557128906,205.02000427246094,166.35845947265625,385.5384521484375,114.02880859375,284.6499938964844,242.9710490242999,214.00999450683594,172.69364861452485,395.7899873220531,123.66617198823369,303.94000244140625,235.08541908943457,202.5500030517578,165.28267091657344,383.2261675615013,112.2492965435478,277.29998779296875,240.74076386584895,213.35000610351562,171.2592638730811,395.7899873220531,123.47622912906817,300.3399963378906,47184000,42948400,40770500,23007700,411381400,115551400
2025-03-04,234.90615844726562,203.8000030517578,170.2532196044922,385.65753173828125,115.95828247070312,272.0400085449219,239.02820722093006,206.8000030517578,172.6139690982364,389.59737098453536,119.27737437091366,284.3500061035156,233.66158290717058,197.42999267578125,165.15319817693035,378.10536303990614,110.07989299750376,261.8399963378906,236.6784479935277,200.11000061035156,165.5914841182232,380.48712304915495,110.6197462594264,270.92999267578125,53798100,60853100,45388000,29342900,398163300,126706600
2025-03-05,234.71701049804688,208.36000061035156,172.3450164794922,397.9732666015625,117.2679214477539,279.1000061035156,235.5234930679701,209.97999572753906,173.10204608630403,398.61835249883035,118.24764914601728,279.54998779296875,228.235250954078,203.25999450683594,168.40045859307807,385.85603973587394,114.4786835987416,267.7099914550781,234.39839184729655,204.8000030517578,169.8547695105912,386.3820118850688,117.54784364725772,272.9200134277344,47227600,38610100,30954900,23433100,284337900,94042900
2025-03-06,234.30877685546875,200.6999969482422,171.67762756347656,393.87469482421875,110.53976440429688,263.45001220703125,236.82779659290307,205.77000427246094,174.12802200431332,399.09471206990673,115.31845609620828,272.6499938964844,232.14819548977783,198.3000030517578,169.83483877564933,389.69665794124984,110.18986163701831,260.0199890136719,233.42263965762712,204.39999389648438,169.86472052254288,391.28450820827493,113.49895407905146,272.05999755859375,45170400,49863800,28302000,23304600,321181900,98451600
2025-03-07,238.0325469970703,199.25,173.18174743652344,390.32183837890625,112.65918731689453,262.6700134277344,240.32255383879036,202.27000427246094,174.28741777289434,391.80050846371955,113.44897220636766,266.25,233.7412377693079,192.52999877929688,169.60575619699736,382.61088158953936,107.5305852358904,250.72999572753906,234.08972499786833,199.49000549316406,170.5918843353401,389.33936956128906,111.21957864470976,259.32000732421875,46273600,59802800,27385800,22034100,341755500,102369600
2025-03-10,226.4928436279297,194.5399932861328,165.41319274902344,377.2717590332031,106.95075225830078,222.14999389648438,235.13518456664028,196.72999572753906,167.99607150995365,383.4643412864511,111.81941579292103,253.3699951171875,223.24699590534985,190.85000610351562,163.23920372577845,374.3540930979484,105.43116359430405,220.0,234.5178647329352,195.60000610351562,167.7966101322015,382.90859827837613,109.86995202425706,252.5399932861328,72071200,62350900,43604000,32840100,366487400,189076900
2025-03-11,219.88165283203125,196.58999633789062,163.58822631835938,377.5595703125,108.73026275634766,230.5800018310547,224.8599551431671,200.17999267578125,166.29076966008637,383.0673924681545,112.20930691241836,237.05999755859375,216.50636447278404,193.39999389648438,160.92558133782,374.0464567305875,104.74134829193281,217.02000427246094,222.8387656202518,193.89999389648438,164.45584068137828,376.1205744700273,106.96074247458567,225.30999755859375,76137400,54002900,39587400,30380200,354865700,174896400
2025-03-12,216.03842163085938,198.88999938964844,166.64979553222656,380.3581237792969,115.71900177001953,248.08999633789062,220.78772670269151,201.52000427246094,167.17833474519742,382.2933209136247,116.73882100614277,251.83999633789062,213.97741219492326,195.2899932861328,163.07965268636923,376.0709676751301,112.85951998498375,241.10000610351562,219.18471261137486,200.72000122070312,166.1212563192557,380.0405779726452,114.09930053195751,247.22000122070312,62547500,43679300,28372400,24253600,323857500,142215700
2025-03-13,208.7700958251953,193.88999938964844,162.311767578125,375.89227294921875,115.55902862548828,240.67999267578125,215.89902897504837,198.8800048828125,165.67249723739275,382.3925273041687,117.73863334670654,248.2899932861328,207.51556900756947,191.82000732421875,161.6635637085375,374.58232470495466,113.76935252443205,232.60000610351562,215.01289169752292,198.1699981689453,165.58273352485466,380.24893433302753,117.00876245655117,248.1300048828125,61368300,41270800,31756200,20473000,299033100,114813500
2025-03-14,212.5635528564453,197.9499969482422,165.0342559814453,385.6079406738281,121.64791870117188,249.97999572753906,213.02154815111564,198.64999389648438,166.0315020416508,387.2652662935844,121.85787967708788,251.5800018310547,208.67051688888432,195.32000732421875,162.00261943703092,376.6267095180303,118.12856083227834,240.72999572753906,210.3332680009786,197.41000366210938,162.8203685104477,376.8946473094157,118.58847644066721,247.30999755859375,60107600,38096700,31995900,19952800,277593500,100242300
2025-03-17,213.07135009765625,195.74000549316406,163.83753967285156,385.7468566894531,119.50830841064453,238.00999450683594,214.28605714072168,199.0,165.8420138841619,389.72637004614455,122.86769930249316,245.39999389648438,209.0588394397278,194.32000732421875,163.21925201833648,382.6406320765131,118.00858060635532,232.8000030517578,212.3843419118567,198.77000427246094,164.57550719551887,383.7620517263702,122.71772499646224,245.05999755859375,48073400,47341800,31184300,22474300,255501500,111900600
2025-03-18,211.7670135498047,192.82000732421875,160.22750854492188,380.606201171875,115.40904998779297,225.30999755859375,214.21632963340127,194.0,163.79765095180105,384.42695690697013,118.99839474842913,230.10000610351562,210.57222410469132,189.3800048828125,156.28838999765335,378.20460404859546,114.51921213127834,222.27999877929688,213.23063555765447,192.52000427246094,163.2292134435371,384.1292482671326,117.97858323274161,228.16000366210938,42432400,40414900,42074800,19486900,299686900,111477600
2025-03-19,214.30596923828125,195.5399932861328,163.4386444091797,384.87359619140625,117.49867248535156,235.86000061035156,217.8106832228152,195.97000122070312,165.41318720526314,386.71945055064447,120.42814113812437,241.41000366210938,212.8224296395377,191.9600067138672,160.5566041117451,381.08261086681347,115.65901001721268,229.1999969482422,213.29039128502816,193.3800048828125,161.31450558479577,382.60098568305693,117.24871784817985,231.61000061035156,54385400,39442900,34275600,19185500,273426200,111993800
2025-03-20,213.17091369628906,194.9499969482422,162.35165405273438,383.9010009765625,118.50848388671875,236.25999450683594,216.5462020975973,199.32000732421875,164.43589456907407,388.8134057411041,120.17817892707569,238.0,211.29906714235267,192.3000030517578,160.51672503978745,380.36805030146087,116.44886024718888,230.0500030517578,213.0613904363763,193.07000732421875,161.1250457167365,382.8093521082507,116.5288475567653,233.35000610351562,48862900,38921100,28138500,18470500,248829700,99028300
2025-03-21,217.32281494140625,196.2100067138672,163.5383758544922,388.28741455078125,117.67863464355469,248.7100067138672,217.89033350890864,196.99000549316406,163.7876873527184,388.76374837124365,117.96858292451893,249.52000427246094,210.36314278996363,192.52000427246094,160.44690718978086,379.8916675364793,115.39904967929496,234.5500030517578,210.64192650603025,192.89999389648438,160.76603321155818,380.30848991510493,116.91877807414131,234.99000549316406,94127800,60056900,36625800,39675900,266498500,132728700
2025-03-24,219.7721405029297,203.25999450683594,167.2182159423828,390.09356689453125,121.38796997070312,278.3900146484375,220.5188858867363,203.63999938964844,167.85646804378672,392.39594799568545,122.19782052957932,278.6400146484375,217.63147647971348,199.9499969482422,164.68521758619846,386.8484215764684,119.31833831489072,256.3299865722656,220.04097309502072,200.0,166.60991043967152,392.39594799568545,119.85824123014483,258.0799865722656,44299500,41625400,30879100,21004500,228452500,169079900
2025-03-25,222.77903747558594,205.7100067138672,170.09027099609375,392.1578063964844,120.66809844970703,288.1400146484375,223.12752472855482,206.2100067138672,170.16008551836464,393.34867131877104,121.26798803028822,288.20001220703125,219.1249652538438,203.22000122070312,167.85644975168057,389.65696280253144,118.89841541478116,271.2799987792969,219.81197343150768,203.60000610351562,168.51462053018605,390.9272368910712,120.52812446850508,283.6000061035156,34493600,31171200,24174400,15775000,167447200,150361500
2025-03-26,220.56866455078125,201.1300048828125,164.6054229736328,387.0072326660156,113.7393569946289,272.05999755859375,224.04352508950674,206.00999450683594,169.14289533485737,392.30665877239477,118.81842927999459,284.8999938964844,219.51326687455483,199.92999267578125,164.38602763542738,385.61787512073846,112.68954449720724,266.510009765625,222.5400680439697,205.83999633789062,168.5345746637908,391.99901639757354,118.70845626054094,282.6600036621094,34466100,32855300,28901600,16108400,293463300,153629800
2025-03-27,222.87860107421875,201.36000061035156,161.793212890625,387.6125793457031,111.40978240966797,273.1300048828125,224.0136533961419,203.7899932861328,164.96444818748884,389.259971232933,114.42923110356094,291.8500061035156,219.6028696378956,199.27999877929688,161.55386834836875,384.4567464670721,110.63992547504299,271.82000732421875,220.4292696466093,200.88999938964844,164.1766304631432,387.1660163642304,111.32979509417153,272.4800109863281,37094800,27317700,24508300,13766800,236902100,162572100
2025-03-28,216.9544219970703,192.72000122070312,153.90499877929688,375.92205810546875,109.65010070800781,263.54998779296875,222.8387793372666,199.25999450683594,161.37437785404254,386.1735929782764,112.84952470784617,276.1000061035156,216.73537546649092,191.8800048828125,153.2069295238927,374.06627026028934,109.05021109179135,260.57000732421875,220.7080664246457,198.4199981689453,160.0480386603904,385.1315521729189,111.46977019973694,275.5799865722656,39818600,52548200,48669300,21632000,229872500,123809400
2025-03-31,221.1660614013672,190.25999450683594,154.21412658691406,372.5379943847656,108.3603286743164,259.1600036621094,224.6409066608951,191.3300018310547,155.11164193370462,374.20522334023684,110.93986229194257,260.55999755859375,215.29165561007284,184.39999389648438,150.24509161947617,364.449889664545,103.63119133667838,243.36000061035156,216.0682695484103,188.19000244140625,152.68834136730996,369.7096411618319,105.11091847763528,249.30999755859375,65299300,63547600,54603500,35184700,299212700,134008900
2025-04-01,222.22146606445312,192.1699981689453,156.63743591308594,379.2863464355469,110.1300048828125,268.4599914550781,222.70932997882656,193.92999267578125,157.6645980717382,379.9413357760227,110.17999122900144,277.45001220703125,217.95007407622174,187.1999969482422,153.1969250530925,370.3944277527412,106.45067264528599,259.25,218.85612876373423,187.86000061035156,153.1969250530925,371.80362246362756,108.50029591126088,263.79998779296875,36412700,41267300,30672900,19689500,222614000,146486900
2025-04-02,222.91842651367188,196.00999450683594,156.60751342773438,379.2367248535156,110.39995574951172,282.760009765625,224.21278818927524,198.33999633789062,157.973750867397,382.1543604865691,111.95967777974947,284.989990234375,220.06088576879955,187.66000366210938,154.27396131633463,373.7586433966847,106.77061737970816,251.27000427246094,220.3595869543347,187.66000366210938,154.72271899671657,375.0983928958324,107.2705266243207,254.60000610351562,35905900,53679200,25041700,16092600,220601200,212787800
2025-04-03,202.30825805664062,178.41000366210938,150.304931640625,370.2752990722656,101.78152465820312,267.2799987792969,206.58960121618028,184.1300048828125,152.35925614776784,374.61212363444304,105.61082365222038,276.29998779296875,200.37667426890133,176.9199981689453,149.97583860548548,366.54388609690864,101.58155638472346,261.510009765625,204.64805110026137,183.0,150.6938570063776,371.9425583652147,103.49121334940355,265.2900085449219,103419000,95553600,46883400,30198000,338769400,136174300
2025-04-04,187.56253051757812,171.0,145.1990203857422,357.1061706542969,94.29288482666016,239.42999267578125,199.01262630823254,178.13999938964844,150.6539570990706,371.74410993496775,100.11182847125419,261.0,186.52703508606032,166.0,144.97962505338862,356.7489202327306,92.09328707213024,236.0,193.0486144227304,167.14999389648438,147.60237162636182,361.36358655898334,98.89205625014841,255.3800048828125,125910900,123159400,62259500,49209900,532273800,181229400
2025-04-07,180.6725616455078,175.25999450683594,146.34585571289062,355.14117431640625,97.62227630615234,233.2899932861328,193.30748067285785,183.41000366210938,152.42906261628312,368.1813588125757,101.73153089146867,252.0,173.86223225537526,161.3800048828125,140.14298415460087,342.17049555544185,86.60427995314998,214.25,176.43103817745248,162.0,141.1601793715283,348.2142236601539,87.444123819458,223.77999877929688,160466300,109327100,76794100,50425000,611041300,183453800
2025-04-08,171.67178344726562,170.66000366210938,144.301513671875,351.8662414550781,96.28252410888672,221.86000061035156,189.5140179775097,185.89999389648438,151.820758102269,370.8112022714622,105.83078615825814,250.44000244140625,168.47572171547168,168.57000732421875,142.6361144411185,347.5889889390993,94.44285411172834,217.8000030517578,185.88981432593783,185.22999572753906,150.8035627769606,365.46216834014683,103.79115551332612,245.0,120859500,87710400,52200200,35868900,476243400,171603500
2025-04-09,197.98709106445312,191.10000610351562,158.27291870117188,387.52325439453125,114.30924987792969,272.20001220703125,199.7394480269994,192.64999389648438,159.11060168568548,390.24245792204835,115.07910675948129,274.69000244140625,171.14407803694525,169.92999267578125,143.51367491882445,350.41733953240174,97.51229618216108,223.8800048828125,171.20381523449285,172.1199951171875,144.02226489868636,350.85399906862426,98.87204993981901,224.69000244140625,184395900,116804300,70406200,50199700,612918300,219433400
2025-04-10,189.59365844726562,181.22000122070312,152.39913940429688,378.4527282714844,107.55047607421875,252.39999389648438,193.9347385570105,186.8699951171875,157.28563866565491,380.9833427250372,110.83987986480561,262.489990234375,182.205859833413,175.85000610351562,149.51708388683267,365.0056552003408,99.13200610877084,239.3300018310547,188.24952597387417,185.44000244140625,156.10888048544342,379.1573256201752,109.35015243101728,260.0,121880000,68302000,48022000,38024400,437812400,181722600
2025-04-11,197.2901153564453,184.8699951171875,156.70724487304688,385.4988098144531,110.90986633300781,252.30999755859375,198.67408279715283,185.86000061035156,157.2357840662013,387.08662977771354,111.52975654810143,257.739990234375,185.2525839628914,178.0,152.39914981719627,376.01144319106686,107.46049556472005,241.36000061035156,185.2924188893916,179.92999267578125,152.47891611104427,377.74814777589194,108.4803070767672,251.83999633789062,87435900,50594300,33636200,23839200,313417300,128948100
2025-04-14,201.6411590576172,182.1199951171875,158.63194274902344,384.8636474609375,110.68990325927734,252.35000610351562,212.01593914767514,187.44000244140625,161.27463879929493,391.651677567929,114.26925525660798,261.79998779296875,200.28706023476008,179.22999572753906,157.126091415259,381.29099206627785,109.05020155855789,245.92999267578125,210.52244846919626,186.83999633789062,159.559374308141,390.23254912743425,114.08928762467488,258.3599853515625,101352900,48002500,30333000,19251200,264705000,100135200
2025-04-15,201.2628173828125,179.58999633789062,155.87953186035156,382.7994689941406,112.17963409423828,254.11000061035156,202.62686743682656,182.35000610351562,159.2103301054895,388.91267269542334,113.59938217981927,258.75,198.93297540670014,177.92999267578125,154.78257030571797,381.24138963056953,110.4799456735416,247.5399932861328,200.98403365195668,181.41000366210938,158.6917731015249,385.558347033726,110.94986159507806,249.91000366210938,51343900,43642000,27551500,17199900,228966900,79594300
2025-04-16,193.42698669433594,174.3300018310547,152.90773010253906,368.7867126464844,104.47103881835938,241.5500030517578,199.82907698305957,179.10000610351562,155.46067741277207,378.71073856569086,106.77062454919468,251.97000122070312,191.53522246149657,171.41000366210938,151.09273508921532,365.2041538267982,100.4317709352981,233.88999938964844,197.49923485324123,176.2899932861328,152.67836778458886,377.7779079921512,104.53103311878802,247.61000061035156,59732400,51875300,28187400,21967800,397016900,112378700
2025-04-17,196.1251983642578,172.61000061035156,150.74371337890625,364.9858093261719,101.47157287597656,241.3699951171875,197.9671763411939,176.2100067138672,154.25400844452392,371.4761304955969,104.45103522860795,244.33999633789062,193.5763099497932,172.0,148.09103529003713,364.10258680355696,100.0318394876262,237.67999267578125,196.34424488667963,176.0,153.86508310192784,370.9104537724408,104.43103458781992,243.47000122070312,52164700,44726500,33046600,21120200,292517500,83404800
2025-04-21,192.32179260253906,167.32000732421875,147.2633056640625,356.3916015625,96.89241790771484,227.5,192.9590147372882,169.60000610351562,148.5397792458497,361.71089501866106,99.42195758129023,232.2100067138672,188.98632373298676,165.2899932861328,145.69763745597456,352.9678309109542,95.02275450080649,222.7899932861328,192.43131586910098,169.60000610351562,148.46997994299036,360.0635031391147,98.75207336541831,230.25999450683594,46742500,48126100,26049100,20807300,288501100,97768000
2025-04-22,198.8732452392578,173.17999267578125,151.0528564453125,364.0331115722656,98.8720474243164,237.97000122070312,200.715208155226,176.77999877929688,151.77087479980403,364.9758758256959,99.7918785816798,242.7899932861328,195.1196006832811,169.35000610351562,148.13091768280205,357.12596800122816,97.26233908492571,229.85000610351562,195.26894368988752,169.85000610351562,148.47995987784566,360.6192443688487,98.76206678289148,230.9600067138672,52976400,56607200,26971800,19485000,241004800,120858500
2025-04-23,203.71214294433594,180.60000610351562,154.92218017578125,371.54559326171875,102.69136047363281,250.74000549316406,207.09738254349836,187.3800048828125,157.09616926384234,377.50000836988784,104.78098517141211,259.45001220703125,201.9199510184256,180.19000244140625,153.38641273519517,370.1859763720142,102.00148324580945,244.42999267578125,205.10606155750318,183.4499969482422,155.1814586711159,373.20288850682186,104.5010295750129,254.86000061035156,52929200,63470100,31128800,20545500,247526000,150381900
2025-04-24,207.4657745361328,186.5399932861328,158.8413543701172,384.35748291015625,106.41068267822266,259.510009765625,207.92378505310097,186.74000549316406,159.15049822016638,385.49877003384853,106.52066332286202,259.5400085449219,202.0593452871763,180.17999267578125,155.36096007364648,372.33950296048084,103.09128558149489,249.1999969482422,204.00088023313933,180.9199981689453,155.7199692710382,372.8456379358323,103.46122117055545,250.5,47311000,43763200,45894000,22232300,220815000,94464200
2025-04-25,208.371826171875,188.99000549316406,161.51397705078125,388.8729553222656,110.98986053466797,284.95001220703125,208.8397878176709,189.94000244140625,165.6425750916004,389.1805976978566,111.89969145813895,286.8500061035156,205.30519003897632,185.49000549316406,160.59649729347288,381.67803664886475,105.71081975581805,259.6300048828125,205.47445049920006,187.6199951171875,164.61541287682232,384.05979677325973,106.83061166162848,261.69000244140625,38222300,36414300,56034000,18973200,251064700,167560700
2025-04-28,209.2281036376953,187.6999969482422,160.16769409179688,388.18817138671875,108.71027374267578,285.8800048828125,210.5822025692478,190.22000122070312,162.70069244870191,389.75615403464093,110.34997554606154,294.8599853515625,206.55974070372147,184.88999938964844,158.16323494184564,383.70252292195136,106.00075877336346,272.4200134277344,209.08871177088434,190.11000061035156,161.98267405118585,388.9820812843996,109.67009863041305,288.9800109863281,38743100,33224700,29745800,16579400,207708500,151731800
2025-04-29,210.29345703125,187.38999938964844,159.71893310546875,391.04632568359375,109.00021362304688,292.0299987792969,211.31898611202763,188.02000427246094,160.29733764803302,392.0982700078575,110.1799998026459,293.32000732421875,207.46576971677675,183.67999267578125,157.086204107764,387.41412856396244,107.42050613077843,279.4700012207031,207.78438836336602,183.99000549316406,159.87849612757626,388.32712198825146,107.65046012276234,285.5,36827600,41667300,26809000,14974000,170444300,108906600
2025-04-30,211.57785034179688,184.4199981689453,158.3626708984375,392.2570495605469,108.90023040771484,282.1600036621094,212.65316547487808,185.0500030517578,158.83137774482094,393.6464071015826,108.90023040771484,284.45001220703125,205.7731479657814,178.85000610351562,154.9720253029664,381.5192464831796,104.06111247501677,270.7799987792969,208.39173986928208,182.1699981689453,157.5449218586139,387.3347110069874,104.45104108413872,279.8999938964844,52286500,55176500,34981100,36461100,235044600,128961100
2025-05-01,212.39431762695312,190.1999969482422,160.85577392578125,422.16802978515625,111.5897445678711,280.5199890136719,213.62892699621815,191.80999755859375,161.50397770313938,433.669971462135,114.9191420385801,290.8699951171875,207.99348458901505,187.5,158.47235672658454,421.67182852064957,111.27980327057723,279.80999755859375,208.17271138967982,190.6300048828125,160.00810878606782,427.8346397458207,113.05947899879722,280.010009765625,57365700,74266000,30203200,58938100,236121500,99659000
2025-05-02,204.45889282226562,189.97999572753906,163.57826232910156,431.9729919433594,114.4792251586914,287.2099914550781,206.0917754590827,192.8800048828125,164.51567601619934,436.1013902925972,115.37906338859757,294.7799987792969,201.2827333487594,186.39999389648438,161.42420728854916,426.7231738378541,113.34943293159324,279.80999755859375,205.19567188008233,191.44000244140625,162.95997467027814,428.4598783453456,114.15928352450368,284.8999938964844,101010600,77903500,25715000,30757400,190194800,114454700
2025-05-05,198.02691650390625,186.35000610351562,163.75778198242188,432.8562316894531,113.79934692382812,280.260009765625,203.21431440062256,188.17999267578125,164.93452502755278,436.1609188409604,114.64919116473993,284.8500061035156,197.34987465543003,185.52999877929688,162.2718798770323,428.827049490993,112.63956137373921,274.3999938964844,202.21865389928206,186.50999450683594,162.55110755610633,429.58128511716615,112.88951601094917,284.57000732421875,69018500,35217500,21341800,20136100,133163200,94618900
2025-05-06,197.64854431152344,185.00999450683594,162.7804718017578,430.0179443359375,113.51940155029297,275.3500061035156,199.77925700053618,187.92999267578125,164.3461554362482,434.4043769104007,114.71918078517231,277.7300109863281,196.165020010421,183.85000610351562,160.74609651363122,427.8942186382879,110.79989381468877,271.3500061035156,197.3498583398735,184.57000732421875,161.72339340187466,428.91639204817295,111.45977773347964,273.1099853515625,51216500,29314100,21277200,15104200,158525600,76715800
2025-05-07,195.39837646484375,188.7100067138672,150.96310424804688,430.0576477050781,117.03875732421875,276.2200012207031,198.574535944944,190.99000549316406,164.5455898895658,434.79139692835327,117.65864757290291,277.9200134277344,192.41139491378883,185.00999450683594,147.43284488902702,427.83464541633373,112.25962586336117,271.0,198.30570335142838,185.55999755859375,163.62812539619352,430.54391525930873,113.02949042053457,276.8800048828125,68536700,43948600,127490100,23295300,206758800,71592600
2025-05-08,196.6330108642578,192.0800018310547,153.85513305664062,434.841064453125,117.34870910644531,284.82000732421875,199.18189948520052,194.3300018310547,155.50058309873845,440.2992788018954,118.658469001105,289.79998779296875,193.8351919089676,188.82000732421875,152.47892851591033,432.35012421343623,115.82898059800607,279.4100036621094,196.86200854076802,191.42999267578125,154.57315149382438,434.6028672327044,118.22854670795566,279.6300048828125,50478900,41043600,57498700,23491300,198428100,97539400
2025-05-09,197.66847229003906,193.05999755859375,152.32933044433594,435.39678955078125,116.62882995605469,298.260009765625,199.6697443694255,194.69000244140625,154.62299934708025,437.3914981181206,118.20854502226882,307.0400085449219,196.6827629534363,191.16000366210938,151.78084208678038,432.5684361749063,115.18908887008638,290.0,198.1364339272832,193.3800048828125,153.7454179749914,436.65712990925,117.32869985728382,290.2099914550781,36453900,29663100,32435300,15324200,132972200,132387800
2025-05-12,210.15048217773438,208.63999938964844,158.0236053466797,445.84674072265625,122.9776840209961,318.3800048828125,210.62903686932515,211.66000366210938,158.66184216787673,445.95589045656413,122.9776840209961,322.2099914550781,206.12274573806786,205.75,155.81968502629073,436.4387544599253,120.25817629208265,311.5,210.32994399020487,210.7100067138672,157.0562755246952,442.5519572732001,121.94787211512306,321.989990234375,63775800,75205000,44138800,22821900,225023300,112826700
2025-05-13,212.2840118408203,211.3699951171875,159.0906524658203,445.7276916503906,129.9064178466797,334.07000732421875,212.7525871854542,214.83999633789062,160.12779682266662,447.24606632617565,131.19619232916256,337.5899963378906,208.36594186281494,210.10000610351562,155.7299383299059,441.9763809723924,124.44741706637032,316.79998779296875,209.7915962682986,211.0800018310547,158.3526849510168,444.37800844651383,124.95732666651305,320.0,51909300,56193700,42382100,23618800,330430100,136992600
2025-05-14,211.68582153320312,210.25,164.91458129882812,449.4988098144531,135.3154296875,347.67999267578125,213.29093762104833,211.92999267578125,166.5400972975048,450.45150777480933,135.4154176381041,350.0,209.94113079478424,208.85000610351562,159.170449289238,444.73528972695,131.65609038206884,337.0,211.78550901932945,211.4499969482422,159.51949150800576,444.73528972695,133.17581874633882,342.5,49325800,38492100,48755900,19902800,281180800,136997300
2025-05-15,210.8084716796875,205.1699981689453,163.50845336914062,450.512939453125,134.80552673339844,342.82000732421875,212.31390017581901,206.8800048828125,165.75225676640807,453.55526390744575,136.2752611112406,346.1400146484375,208.90426284202815,202.6699981689453,161.92282073699639,447.82852124457236,132.6359224746836,334.7200012207031,210.3099886465303,206.4499969482422,165.3832654159012,448.16655392379437,134.2656162138544,340.3399963378906,45029500,64347300,33146700,21992300,226632600,97882600
2025-05-16,210.6190643310547,205.58999633789062,165.73233032226562,451.6463623046875,135.37542724609375,349.9800109863281,211.92510277199543,206.85000610351562,168.8836316223118,451.735838870633,136.32526708518697,351.6199951171875,209.1335944967917,204.3699951171875,165.1638927462638,446.13838030321216,133.43579205010155,342.3299865722656,211.71573318604425,206.85000610351562,167.26808260725292,449.4391826540583,136.19528579014883,346.239990234375,54737900,43318500,42846900,23849800,226542500,95895700
2025-05-19,208.14659118652344,206.16000366210938,166.0813446044922,456.2197570800781,135.54539489746094,342.0899963378906,208.84446444770495,206.6199951171875,166.18107529267584,456.9355998797858,135.84532822832756,343.0,203.64029993754312,201.25999450683594,163.7677417629434,448.1963586877965,132.36596428610483,333.3699951171875,207.27923550566183,201.64999389648438,164.0569364118495,448.27591363294266,132.36596428610483,336.29998779296875,46140500,34314800,30426100,21336500,193154600,88869900
2025-05-20,206.232421875,204.07000732421875,163.52841186523438,455.5238342285156,134.35560607910156,343.82000732421875,207.83753801206538,205.58999633789062,168.03596851578914,455.69283539558984,134.55556671475182,354.989990234375,204.40797196423648,202.64999389648438,162.45138424695486,451.69606398891386,132.59591587093482,341.6300048828125,207.03996203611737,204.6300048828125,165.9716617765614,452.9587181303489,134.26561082544316,347.8699951171875,42496600,29470400,46607700,15441800,161514200,131715500
2025-05-21,201.4768829345703,201.1199951171875,168.09579467773438,449.9561462402344,131.7760772705078,334.6199951171875,206.41186226922272,203.4600067138672,172.66318349220677,455.1360468945702,137.3750515435132,347.3500061035156,200.10108001028593,200.05999755859375,163.1095643409873,449.2005259832327,130.56629021032253,332.20001220703125,204.5475404614086,201.61000061035156,163.2392111991083,451.944595050179,133.0358430493297,344.42999267578125,59211800,42460900,73416000,19216900,270608700,102354800
2025-05-22,200.7490997314453,203.10000610351562,170.39942932128906,452.2329406738281,132.80589294433594,341.0400085449219,202.1348820380274,205.75999450683594,176.28319020253375,457.5918252828005,134.22563338103308,347.2699890136719,199.09413231135568,200.16000366210938,170.23988151650855,451.27849365115543,131.52612648714359,331.3900146484375,200.1010778345708,201.3800048828125,171.3767414156938,452.32244757902833,132.20599574301846,331.8999938964844,46742400,38938900,74864400,18025600,187344000,97113400
2025-05-23,194.67758178710938,200.99000549316406,168.0060272216797,447.5799865722656,131.26617431640625,339.3399963378906,197.10020219746903,202.3699951171875,169.4919291723601,451.06972434232773,132.65592152877483,343.17999267578125,192.8730755135501,197.85000610351562,167.4276227418866,446.3173323563206,129.13657112060253,333.2099914550781,193.0824298832746,198.89999389648438,168.59439868298506,447.38115987330883,129.97641506418768,337.9200134277344,78432900,33393500,35211400,16883500,198821300,84654800
2025-05-27,199.60260009765625,206.02000427246094,172.423828125,458.02923583984375,135.47540283203125,362.8900146484375,200.1309909415137,206.69000244140625,172.69308880696215,458.2877438900054,135.63537744884945,363.7900085449219,196.83102019804124,202.19000244140625,169.53182079809207,453.48562310372705,133.2857979393918,347.32000732421875,197.6983910952664,203.08999633789062,169.69138381086714,453.8435596609756,134.1256417936587,347.3500061035156,56288500,34892000,37995700,20974300,192953600,120146400
2025-05-28,199.81195068359375,204.72000122070312,171.8853302001953,454.718505859375,134.78553771972656,356.8999938964844,202.11494001836002,207.66000366210938,174.7873198647011,459.8487079553447,137.22509744866613,365.0,199.2935240345892,204.41000366210938,171.4365725199691,454.29099660337516,134.76553707682788,355.9100036621094,199.98143310081724,205.9199981689453,172.6831300854681,458.5562282330538,136.00531758419635,364.8399963378906,45339700,28549800,34784000,17086300,304021100,91404300
2025-05-29,199.3433837890625,205.6999969482422,171.38668823242188,456.0308837890625,139.1647491455078,358.42999267578125,203.19167383577107,208.80999755859375,173.93963540973058,459.05333474747385,143.46397204605128,367.7099914550781,197.90775006205254,204.22999572753906,170.16007998422984,452.68035209769624,137.88498259688382,356.0,202.9623758748587,208.02999877929688,173.52079394002513,458.884303233251,142.22419152756274,365.2900085449219,51396800,34650000,29317300,13974800,369241900,88087800
2025-05-30,200.24066162109375,205.00999450683594,171.2670440673828,457.7011413574219,135.10548400878906,346.4599914550781,201.3472946799051,205.99000549316406,171.73575093359455,459.0135248792732,139.59465948344436,363.67999267578125,196.18300200128658,201.6999969482422,166.97888295989642,452.90900269221845,132.8958783257386,345.2900085449219,198.7651407343476,204.83999633789062,170.87811871209726,457.0648535034259,138.6948289010735,355.5199890136719,70819900,51679400,52639900,34770500,333170900,123474900
2025-06-02,201.08807373046875,206.64999389648438,168.56451416015625,459.3018798828125,137.35507202148438,342.69000244140625,201.51677709467234,207.0,169.40219726738815,459.44105553120437,138.09492795630163,348.0199890136719,199.51286535414474,202.67999267578125,166.9290310959932,454.2512329224997,135.37542038395227,333.3299865722656,199.67238359256916,204.97999572753906,167.37778881652682,454.49978904014216,135.46541564458173,343.5,35423300,29113300,38612300,16626500,197663100,81873800
2025-06-03,202.6533203125,205.7100067138672,165.7223358154297,460.2961120605469,141.19436645507812,344.2699890136719,203.1518034040851,208.9499969482422,168.01600469808255,461.4593680607732,141.97422364617418,355.3999938964844,200.35033086337637,205.02999877929688,164.82482048675826,458.1982826150306,137.9249557656252,343.0400085449219,200.73914706631285,207.11000061035156,167.0287408798973,458.8047753297213,138.75480693174418,346.6000061035156,46381600,33139100,45084900,15743800,225578800,99324500
2025-06-04,202.20468139648438,207.22999572753906,167.58718872070312,461.1908874511719,141.8942413330078,332.04998779296875,205.6143037964219,208.17999267578125,167.75671871001492,463.00038321907994,142.36415725393297,345.6000061035156,201.48686455307688,205.17999267578125,165.9018405925084,460.3457906064832,139.5146683935161,327.3299865722656,202.29440469878628,206.5500030517578,166.28079893142063,461.3201414833542,142.1641966028205,345.1000061035156,43604000,29915600,26900800,14162700,167120800,98912100
2025-06-05,200.02133178710938,207.91000366210938,167.7467803955078,464.9788818359375,139.964599609375,284.70001220703125,204.12882762641604,212.80999755859375,170.45927590481597,466.93750520910584,143.97386636815438,324.54998779296875,199.54277706238673,207.55999755859375,167.12847743949644,461.3499686746429,138.80480646885346,273.2099914550781,202.88261988754903,209.5500030517578,169.8709043325192,462.2745901279283,142.14419665233672,322.489990234375,55126100,51864200,36379100,20131700,231397900,287499800
2025-06-06,203.30133056640625,213.57000732421875,173.20169067382812,467.6632995605469,141.69427490234375,295.1400146484375,205.07592905349443,213.8699951171875,174.01943975782734,470.6061954238558,143.24399658328852,305.5,201.4370087789868,210.5,170.35954849552294,466.0725343793748,141.4843063108272,291.1400146484375,202.3841235560851,212.39999389648438,170.35954849552294,467.37496597576217,142.4841247816278,298.8299865722656,46607700,39832500,35731800,15285600,153986200,164747700
2025-06-09,200.83883666992188,216.97999572753906,175.817626953125,470.0196228027344,142.6041259765625,308.5799865722656,205.37503589356555,217.85000610351562,176.1970440586742,470.69568816704816,144.97369107987248,309.8299865722656,199.4131823149893,212.8800048828125,174.1002861656323,465.9134708467471,141.91424872977086,281.8500061035156,203.76991971327615,214.75,174.27002138780236,466.98725027602023,143.16402192873528,285.9599914550781,72862600,38102500,28935900,16469900,185114500,140908900
2025-06-10,202.05511474609375,217.61000061035156,178.3237762451172,468.2001953125,143.9338836669922,326.0899963378906,203.73002568042446,217.69000244140625,180.8298886948226,470.06931180763127,144.26381035974757,327.8299865722656,199.96149509379936,214.14999389648438,174.63948090794972,464.26304461137784,141.50431668274294,310.6700134277344,199.9914028593682,216.77999877929688,175.92747903926403,468.4686249933991,142.66410985007164,314.94000244140625,54672600,31303300,61766100,15375900,155881900,151256500
2025-06-11,198.17694091796875,213.1999969482422,177.07569885253906,469.8903503417969,142.81399536132812,326.42999267578125,203.8795888248368,218.39999389648438,180.09101684926247,472.72389606625393,144.97375695921582,335.5,197.8080682902945,212.88999938964844,176.47662077845203,466.9474544926898,141.85409623212945,322.5,202.88262262031438,217.41000366210938,179.49195401036374,467.30536072753216,144.59379466225064,334.3999938964844,60989900,39326000,31646800,16399200,167694000,122611400
2025-06-12,198.5956573486328,213.24000549316406,175.42823791503906,476.104248046875,144.98374938964844,319.1099853515625,199.07419684911244,213.5800018310547,176.44666452455314,477.6453141185156,144.98374938964844,332.55999755859375,196.7612432530472,211.3300018310547,174.47971034788216,470.7851412769109,141.83410852298076,316.8599853515625,198.47602627663701,211.77999877929688,175.90749122267417,472.2764779222473,141.9540901919345,323.0799865722656,43904600,27640000,20941900,18950600,162365000,105127500
2025-06-13,195.85398864746094,212.10000610351562,174.39984130859375,472.2168273925781,141.95408630371094,325.30999755859375,199.76209396079906,214.0500030517578,176.85604320367563,476.4124557062983,143.5639064320885,332.989990234375,195.1062640673262,209.6199951171875,172.1233689351953,470.0295518485209,140.83421673860605,313.29998779296875,199.12403626091725,209.9600067138672,172.17329464872896,473.6584649544854,142.4640236398758,313.9700012207031,51447300,29337800,27663100,16814500,180820600,128964300
2025-06-16,197.8180389404297,216.10000610351562,176.49659729003906,476.3727111816406,144.6737823486328,329.1300048828125,198.08722408394675,217.05999755859375,176.66633252587772,477.91374692205306,146.16360555156524,332.04998779296875,195.96368113091867,211.60000610351562,174.37986589593493,472.25660744971805,143.18394388862185,326.4100036621094,196.7014416228738,212.30999755859375,174.45974398959817,472.4653860858625,143.33393622751285,331.2900085449219,43020700,33284200,27389200,15626100,183133700,83925900
2025-06-17,195.0464630126953,214.82000732421875,175.6778564453125,475.279052734375,144.1038360595703,316.3500061035156,197.7881200100286,217.41000366210938,177.08567926563504,475.97499162724574,145.20371882793046,327.260009765625,194.61777485692886,214.55999755859375,174.30998028900405,471.3419021646973,143.7638778428329,314.739990234375,196.60172782081946,215.1999969482422,175.4282431183839,472.65428568792316,144.4738049491523,326.0899963378906,38856200,32086300,24973000,15414100,139108000,88282700
2025-06-18,195.9835968017578,212.52000427246094,173.05194091796875,477.4663391113281,145.46368408203125,322.04998779296875,196.97059871241268,217.9600067138672,176.28692000243774,478.2219594008936,145.63366319028128,329.32000732421875,194.4781834746436,212.33999633789062,172.93211615674434,471.71972301658775,143.10394808189747,315.45001220703125,195.34553910938874,215.08999633789062,175.73776761612697,475.2392860574369,143.9938476821936,317.30999755859375,45394700,44360500,28707500,17526500,161494100,95137700
2025-06-20,200.39019775390625,209.69000244140625,166.38226318359375,474.64276123046875,143.83387756347656,322.1600036621094,201.08807102199273,214.88999938964844,174.07035081830173,480.667759158903,146.1836049259659,332.3599853515625,196.2627584683704,208.27000427246094,165.20409556084024,474.1158234691147,142.63399990245927,317.7799987792969,197.63857663438114,214.67999267578125,173.68095462694552,479.44488246554124,145.43368901636921,327.95001220703125,96813500,75350700,75659900,37576200,242956200,108688000
2025-06-23,200.888671875,208.47000122070312,164.9344940185547,483.19305419921875,144.15383911132812,348.67999267578125,201.686247808318,210.38999938964844,167.08116240174218,484.9329468840925,144.76377135076248,357.5400085449219,198.3563846401482,207.30999755859375,161.7494257286143,469.78097686904323,142.01407957999888,327.4800109863281,201.01828233775666,209.7899932861328,166.0128253516346,475.4480376949825,142.48402812138661,327.5400085449219,55814300,37311700,57671000,24864000,154308900,190716800
2025-06-24,199.6923065185547,212.77000427246094,166.51206970214844,487.2793273925781,147.88340759277344,340.4700012207031,202.82277936444737,214.33999633789062,167.95982401484335,489.009298556199,147.94341367999496,356.260009765625,199.59260382672892,211.0500030517578,165.87306016657053,483.9884469122188,145.4836828445603,340.44000244140625,201.9753521214132,212.13999938964844,166.66183161080377,486.1260537385937,145.54367367470394,356.1700134277344,54064000,38378800,40524300,22305600,187566100,114736200
2025-06-25,200.94850158691406,211.99000549316406,170.41600036621094,489.4268493652344,154.29270935058594,327.54998779296875,203.05210084338043,216.02999877929688,172.0934098171055,491.70363180611855,154.43269305532343,343.0,200.01135094007643,211.11000061035156,167.29085192583665,486.5635084927723,149.24327207878133,320.3999938964844,200.83883469818846,214.6199951171875,167.3707300173257,489.1981971647186,149.25328072295656,342.70001220703125,39525700,31755700,35479000,17495100,269146500,119845100
2025-06-26,200.39019775390625,217.1199951171875,173.27159118652344,494.57696533203125,155.00262451171875,325.7799987792969,202.025221644493,218.0399932861328,173.4213683331891,495.1635541172166,156.70243086817015,331.04998779296875,198.85487656411598,212.00999450683594,169.6771681943881,489.9637493151316,153.98273459501658,323.6099853515625,200.81888589983927,213.1199951171875,172.16330733603075,490.13278082199906,155.9625083392563,324.6099853515625,50799100,50480800,31796700,21578900,198145700,80440900
2025-06-27,200.46995544433594,223.3000030517578,178.25387573242188,493.07568359375,157.73231506347656,323.6300048828125,202.60346239871808,223.3000030517578,178.40363764116194,496.4162632322767,158.69221415352254,329.3399963378906,199.39323017588663,216.74000549316406,171.46438989107267,490.1824867596744,155.24258871826237,317.5,201.2774955925489,219.9199981689453,173.27158802075178,494.6763704185467,156.02250005395288,324.510009765625,73188600,119217100,108140200,34539200,263234500,89067000
2025-06-30,204.54754638671875,219.38999938964844,175.95741271972656,494.5372009277344,157.97230529785156,317.6600036621094,206.7608124915243,223.82000732421875,180.94967899066734,497.86785899517616,158.6422284044636,325.5799865722656,198.6554726965608,219.1199951171875,174.30997094439113,492.4691970236715,155.94253394670602,316.6000061035156,201.39712965217615,223.52000427246094,180.5003780733202,494.1693427257206,158.38224776867892,319.8999938964844,91912800,58887800,63378900,28369000,194580300,76695100
2025-07-01,207.18951416015625,220.4600067138672,175.56802368164062,489.2081298828125,153.2828369140625,300.7099914550781,209.55231908550664,221.8800048828125,175.81763700531283,495.17347659984546,157.18239409932116,305.8900146484375,205.51460310500556,217.92999267578125,173.26159900853952,488.14433277768,151.47304203431221,293.2099914550781,206.04299395149746,219.5,175.46818749328466,493.602615314542,156.27249233706732,298.4599914550781,78788900,39256800,35904500,19945400,213143600,145085700
2025-07-02,211.79550170898438,219.9199981689453,178.3636932373047,488.2536926269531,157.2323760986328,315.6499938964844,212.6927652029137,221.60000610351562,178.58335417760583,490.6497772469701,157.58234297497486,316.8299865722656,207.50854401160626,219.05999755859375,174.79922295185074,485.87751191483574,152.95285700312823,303.82000732421875,208.27621224418834,219.72999572753906,175.26848197683447,487.1600396387865,152.962850389823,312.6300048828125,67941800,30894200,29128900,16319600,171224100,119483700
2025-07-03,212.90213012695312,223.41000366210938,179.2523193359375,495.9589538574219,159.3221435546875,315.3500061035156,213.9987837940836,224.00999450683594,179.39210218822254,497.2415119784696,160.96195919540767,318.45001220703125,211.16740350258758,221.36000061035156,176.7761594232363,490.59014753996934,157.7523273944205,312.760009765625,211.5063683517463,221.82000732421875,178.22391365801445,490.9580057562307,158.35225101493015,317.989990234375,34955800,29632400,21689700,13984800,143716100,58042300
2025-07-07,209.3130340576172,223.47000122070312,176.5165557861328,494.84539794921875,158.22227478027344,293.94000244140625,215.57398008038285,224.2899932861328,179.0226833705182,495.8694479262707,159.29214695363126,296.1499938964844,208.16652910348648,222.3699951171875,175.40827199123135,492.36978876052433,157.3223664705724,288.7699890136719,212.03474730839852,223.0,178.78304908898676,494.50736527479916,158.18227071828886,291.3699951171875,50229000,36604100,34175600,13981600,140139000,131177900
2025-07-08,209.3728485107422,219.36000061035156,174.09031677246094,493.7517395019531,159.98207092285156,297.80999755859375,210.78853856973336,224.0,177.67476043779465,495.3226311177228,160.20204749093682,304.04998779296875,207.81758380403343,218.42999267578125,172.54271112131266,491.25622643335066,158.3722507239072,294.3500061035156,209.46258702266434,223.9199981689453,177.5749242496101,494.36815380384166,159.31214783171163,297.0,42848900,45692000,40442500,11846600,138133000,103246700
2025-07-09,210.49942016601562,222.5399932861328,176.34681701660156,500.6019592285156,162.86175537109375,295.8800048828125,210.68884615759353,224.2899932861328,179.1624626362242,503.8530622357068,164.40157611225678,300.1499938964844,206.5913149088396,220.47000122070312,172.50278095171484,496.85371365827956,161.14194686393122,293.54998779296875,208.89430414855983,221.07000732421875,174.97894087050608,497.41047691930333,161.20193770023792,297.54998779296875,48749400,38155100,43025600,18659500,183656400,75586800
2025-07-10,211.7655792236328,222.25999450683594,177.34527587890625,498.58367919921875,164.0816192626953,309.8699951171875,212.83232507172787,222.7899932861328,178.15402063985096,501.52657502305914,164.48156834124046,310.4800109863281,209.39279496736208,219.6999969482422,174.11029683512743,494.87521114411277,161.5918927660757,300.0,209.87133445003573,221.5500030517578,175.35836349959487,500.14458849842043,164.30159583301895,300.04998779296875,44443600,30370600,29252400,16492100,167704100,104365300
2025-07-11,210.51937866210938,225.02000427246094,179.91131591796875,500.4130554199219,164.90151977539062,313.510009765625,211.48643705736623,226.67999267578125,181.14938835134018,502.1131707269345,167.87118822352508,314.0899963378906,209.2233196075129,222.3699951171875,176.20704719654847,494.9249170598048,163.4516852914618,305.6499938964844,209.931172276849,223.5800018310547,176.51656530489134,495.59106078877636,163.70165728031435,307.8900146484375,39765800,50518300,34282900,16459500,193633300,79236400
2025-07-14,207.98707580566406,225.69000244140625,181.2791748046875,500.1147766113281,164.05162048339844,316.8999938964844,210.27013683517245,226.66000366210938,183.3859118317051,501.05930198422453,165.4714595173457,322.6000061035156,206.91035052542594,224.24000549316406,179.40207776586954,498.1362796464767,162.00184716942397,312.6700134277344,209.29309904361602,225.07000732421875,180.7300224544814,498.6234399223271,165.35146259057728,317.7300109863281,38840100,35702600,32536600,12058800,136975800,78043400
2025-07-15,208.4755859375,226.35000610351562,181.718505859375,502.89862060546875,170.6808624267578,310.7799987792969,211.24715053377864,227.27000427246094,183.93507346834292,505.36427783294863,172.38066881478494,321.20001220703125,208.28615994072268,225.4600067138672,181.31913062189142,499.88612172349406,169.18103056842588,310.5,208.5852528191871,226.1999969482422,182.5272506181519,500.11477392946824,171.17081299302788,319.67999267578125,42296300,34907300,33448300,14927200,230627400,77556300
2025-07-16,209.52239990234375,223.19000244140625,182.68701171875,502.6997375488281,171.35079956054688,321.6700134277344,211.75559423754484,226.10000610351562,184.04490889196538,503.7933904598671,171.73076187811773,323.5,208.00700716596054,222.17999267578125,181.74846312672318,498.99129994586445,168.88107501049606,312.6199951171875,209.6619745482938,225.8800048828125,182.95659839065306,502.26227638441253,171.04083672550954,312.79998779296875,47490500,39535900,33104200,15154400,158831500,97284800
2025-07-17,209.38284301757812,223.8800048828125,183.29605102539062,508.7446594238281,172.98062133789062,319.4100036621094,211.1574416148312,224.5,183.77530432362263,510.40499725185873,174.1404950617398,324.3399963378906,208.95413964633332,222.50999450683594,180.20083982993623,502.6997578215743,170.81086624213197,317.05999755859375,209.93117746335784,223.32000732421875,181.85827589550698,502.75940886082554,172.00073538495315,323.1499938964844,48068100,31855800,31992600,17503100,160841100,73922900
2025-07-18,210.53929138183594,226.1300048828125,184.77377319335938,507.10418701171875,172.39068603515625,329.6499938964844,211.1474413046512,226.39999389648438,186.1316703490662,511.6677041033988,174.23047621121117,330.8999938964844,209.06378582955284,222.97999572753906,183.42587032160213,504.499323712682,171.24080573231237,321.4200134277344,210.23023432823226,225.13999938964844,185.11324367348885,511.50859420333654,173.62054394819432,321.6600036621094,48974600,37833800,34014500,21209700,146456400,94255000
2025-07-21,211.83535766601562,229.3000030517578,189.8059844970703,507.1141052246094,171.36080932617188,328.489990234375,215.12534891613055,229.69000244140625,189.99567783258155,509.132409924825,173.36058531454748,338.0,210.98794558852114,225.64999389648438,185.86208164773134,502.630143381304,170.9808470061149,326.8800048828125,211.45652088357517,225.83999633789062,185.9619330750015,503.7834473494323,172.73065099594356,334.3999938964844,51377400,40297600,45803100,14066800,123126100,75768800
2025-07-22,213.74952697753906,227.47000122070312,191.04405212402344,502.3517761230469,167.01129150390625,332.1099853515625,214.29786137817433,230.0,191.35357021159422,508.2475501614973,171.37080379639445,335.4100036621094,211.58611235366487,226.35000610351562,187.17006365240448,502.3517761230469,164.5615689540832,321.54998779296875,212.49335516085276,229.67999267578125,191.20380830960463,508.01886761548803,171.32080634495316,329.739990234375,46404100,37483700,44660200,13868600,193114300,77370400
2025-07-23,213.5002899169922,228.2899932861328,189.93577575683594,502.9483337402344,170.7608642578125,332.55999755859375,214.4972560435483,228.7899932861328,192.23222149983224,503.8630336136484,171.24080620570157,336.20001220703125,211.76557859278188,227.08999633789062,188.88739669642578,497.80821016060554,167.95118153678195,328.6700134277344,214.3477172095632,228.47000122070312,191.20381577219638,503.8232561388069,169.511004310231,330.8999938964844,46989300,28294900,58681900,16396600,154082200,92553800
2025-07-24,213.11148071289062,232.22999572753906,191.8727569580078,507.92938232421875,173.7205352783203,305.29998779296875,215.03563331063384,236.0,197.64381545602902,510.70324664183266,173.81052153075,310.1499938964844,212.8821827557749,228.63999938964844,190.70456849752816,504.370041868975,171.28080627636527,300.4100036621094,213.25105536667797,229.1699981689453,196.7252403051011,505.83155299665924,172.42067791171223,310.0,46022600,42902300,74881700,16107000,128984600,156966000
2025-07-25,213.2311248779297,231.44000244140625,192.88119506835938,510.74310302734375,173.48056030273438,316.05999755859375,214.58699944946258,232.47999572753906,194.02942546808288,515.2966076642933,174.70042482917586,323.6300048828125,212.7525701732737,231.17999267578125,190.96416662133603,507.41241445610984,172.9406275198062,308.010009765625,214.04862920984866,232.22000122070312,191.68305419336826,509.51021364184703,173.59054858813744,308.739990234375,40268800,28712100,39785900,19125700,122316800,148227000
2025-07-28,213.40060424804688,232.7899932861328,192.28213500976562,509.5400390625,176.73019409179688,325.5899963378906,214.19818019857897,234.2899932861328,193.7498625541434,512.0256002286585,176.98016607778243,330.489990234375,212.41360229785764,232.25,190.54482081320737,507.17377997770546,173.9505068282037,315.69000244140625,213.3806606658472,233.35000610351562,193.35047209995227,511.110930710653,174.00050427681666,318.45001220703125,37858000,26300100,38139500,14308000,140023500,112673800
2025-07-29,210.62904357910156,231.00999450683594,195.44723510742188,509.6096496582031,175.49032592773438,321.20001220703125,214.1582970701604,234.72000122070312,195.61697034161693,514.6304711522027,179.35990260986108,326.25,210.18041185237743,230.30999755859375,191.78291329403916,508.60547322287385,175.00039060425894,318.25,213.53020352524888,234.14999389648438,192.13236281084488,512.5525759685828,177.94006357342778,325.54998779296875,51411700,33716200,41389200,16469200,154077500,87358900
2025-07-30,208.415771484375,230.19000244140625,196.2260284423828,510.2757568359375,179.2499237060547,319.0400085449219,211.74563469104578,231.8000030517578,197.2943808004953,512.9701269930791,179.869849375745,324.45001220703125,207.0898047125579,229.2899932861328,194.3888780023715,506.49771598970693,176.0202745228646,311.6199951171875,211.25711581327238,231.63999938964844,195.2974741739121,512.1946027794743,176.49022309733303,322.17999267578125,45512500,32993300,32445400,26380400,174312200,83931900
2025-07-31,206.9402618408203,234.11000061035156,191.60317993164062,530.4187622070312,177.85006713867188,308.2699890136719,209.2033639475293,236.52999877929688,195.68686545955075,552.2420017670738,183.2794667127293,321.3699951171875,206.5315020865265,231.39999389648438,190.79443520574372,528.8280273057109,175.9102820488597,306.1000061035156,207.85746883247032,235.77000427246094,195.40729975764043,552.0232408256204,182.87950237318685,319.6099853515625,80698400,104357300,51329200,51617300,221685400,85270900
2025-08-01,201.76602172851562,214.75,188.8374786376953,521.0830078125,173.70053100585938,302.6300048828125,212.93203997684435,220.44000244140625,190.53484621084553,532.7054950837879,176.52020701181988,309.30999755859375,200.88868661623732,212.8000030517578,187.52950724447476,517.8517780654563,170.8708463561498,297.82000732421875,210.23025491744008,217.2100067138672,188.73762721302066,531.9101275902764,174.07048465468185,306.2099914550781,104434500,122258800,34832200,28977600,204529000,89121400
2025-08-04,202.7330780029297,211.64999389648438,194.7383270263672,532.54638671875,179.97982788085938,309.260009765625,207.24933356384108,217.44000244140625,194.96798225717674,535.141297909759,180.17980241597786,312.1199951171875,201.06813110178,211.4199981689453,189.82593856567027,525.0797515616827,174.500446281802,303.0,203.8895472057539,217.39999389648438,189.9956738002762,525.218957545317,175.14037394842856,309.0799865722656,75109300,77890100,31547400,25349000,148174600,78683900
2025-08-05,202.30438232421875,213.75,194.368896484375,524.701904296875,178.24002075195312,308.7200012207031,204.71703873665678,216.3000030517578,197.55396485726567,534.196734767709,180.23979665506658,312.45001220703125,201.5466934780596,212.8699951171875,193.5901041516216,524.194840165689,175.8802845759961,305.5,202.78292184745098,213.0500030517578,194.40884314692985,534.077432699505,179.59986897635343,308.95001220703125,44155100,51505100,31602300,19171600,156407600,57961300
2025-08-06,212.60302734375,222.30999755859375,195.78671264648438,521.908203125,179.39988708496094,319.9100036621094,214.72657006985978,222.64999389648438,196.3258859841649,528.6291703469228,179.87982901005608,320.4700012207031,204.96626313259566,213.74000549316406,193.3704573812648,521.0034855448089,176.23024423927978,306.92999267578125,205.00615029681612,214.6999969482422,194.1991754853375,527.8338028961505,176.31023710297544,307.8900146484375,108483100,54823000,21562900,21355700,137192300,78523600
2025-08-07,219.3624725341797,223.1300048828125,196.21604919433594,517.8319091796875,180.74974060058594,322.2699890136719,220.1799921230299,226.22000122070312,197.23446060352177,525.0400367197672,183.85939259097617,322.3999938964844,215.92294217468134,220.82000732421875,194.0294340028213,514.5608717763297,178.77996020998395,316.1600036621094,218.21596748517925,221.0,196.75520727948205,523.757448292983,181.54965397485878,319.7900085449219,90224800,40603500,26321800,16079100,151878400,66658700
2025-08-08,228.65420532226562,222.69000244140625,201.10845947265625,519.0249633789062,182.6795196533203,329.6499938964844,230.29919347638386,223.8000030517578,202.29662132319493,521.629826851029,183.27945850723472,335.1499938964844,218.58484056145957,221.8800048828125,196.86503299798275,516.4101479520375,180.3797743894202,320.9800109863281,220.16004899168945,223.13999938964844,196.9149587094283,519.5817267008259,181.52965464990967,321.42999267578125,113854000,32970500,39161800,15531000,123396700,91200300
2025-08-11,226.74781799316406,221.3000030517578,200.68911743164062,518.7565307617188,182.0395965576172,339.0299987792969,229.12329528601256,223.0500030517578,201.16837075965444,524.5429245664681,183.8193958765311,346.6400146484375,224.3324234952035,220.39999389648438,198.76210983585918,516.7183220142601,180.22980182096376,334.1499938964844,227.4864157407103,221.77999877929688,200.62921267003748,519.2834381856256,182.02960317073044,335.0,61806100,31646200,25832400,20194400,138323200,105320200
2025-08-12,229.21310424804688,221.47000122070312,203.02549743652344,526.183349609375,183.1394805908203,340.8399963378906,230.36092560837628,223.5,204.18370696130674,527.9132904806338,184.4593247511904,345.260009765625,226.63802588155738,219.0500030517578,200.27975076589462,519.6811434112465,179.43989822709233,332.94000244140625,227.57622481823222,222.22999572753906,201.0585431482033,520.7250669698358,182.9395060522284,345.0,55626200,37185800,30397900,18667000,145485700,80522100
2025-08-13,232.88612365722656,224.55999755859375,201.6476287841797,517.5734252929688,181.56964111328125,339.3800048828125,234.55294488479396,224.9199981689453,204.21364576160173,529.6234217995657,183.9493792108361,348.9800109863281,229.99163136972763,222.0,197.2044995517677,516.3703917601634,179.32990196930365,338.20001220703125,230.6304284784954,222.0,203.81427054832747,529.0368026236954,182.59952443546638,341.5,69878500,36508300,28342900,19619200,179871700,67838900
2025-08-14,232.33717346191406,230.97999572753906,202.62611389160156,519.4623413085938,181.99960327148438,335.5799865722656,234.67271834509882,233.11000061035156,204.12379383237695,522.9123315064297,182.99949119039164,340.4700012207031,230.41085227691244,227.02000427246094,200.91875205563483,517.1358902118243,179.43989264021437,330.3999938964844,233.61473725595164,227.39999389648438,201.18833871082708,519.5418962511537,179.7298534235828,335.760009765625,51916300,61545800,25230400,20269100,129554000,75000700
2025-08-15,231.1494140625,231.02999877929688,203.58462524414062,517.1657104492188,180.42977905273438,330.55999755859375,233.834298979768,234.0800018310547,206.12070520105007,523.0614541020369,181.87961354108583,339.29998779296875,228.9036945156081,229.80999755859375,200.96868242883633,516.0820397908819,178.02004541114613,327.0199890136719,233.5548328767578,232.5800018310547,203.534714766441,519.7507304052322,181.85962676701382,337.6600036621094,56038700,39649200,34931400,25213300,156602200,74319800
2025-08-18,230.45074462890625,231.49000549316406,203.18524169921875,514.1134033203125,181.98959350585938,335.1600036621094,232.67649791960375,231.91000366210938,204.9525082638803,519.8003983365775,182.91949719839158,336.2699890136719,229.6722297518056,228.3300018310547,202.17680937496152,511.0512359172718,180.56975450061333,329.5899963378906,231.2592012143754,230.22999572753906,203.88415594549542,518.5775217659684,180.57976314427117,329.6199951171875,37476200,25248900,18526600,23760600,132008000,56956600
2025-08-19,230.1213836669922,228.00999450683594,201.25823974609375,506.8258056640625,175.6203155517578,329.30999755859375,232.42698672077375,230.52999877929688,203.1253425488118,512.1846598699071,182.47954736718557,340.54998779296875,228.9136940815642,227.1199951171875,199.65072931767816,505.61285057663105,175.47033846497254,327.8500061035156,230.84001516813981,230.08999633789062,202.7159730378366,512.0256106523992,182.4095478886331,335.7900085449219,39402600,29891000,24240200,21481000,185229200,75956000
2025-08-20,225.5800323486328,223.80999755859375,199.01171875,502.7991943359375,175.38034057617188,323.8999938964844,230.0315543310328,227.27000427246094,200.9686786831588,508.0486982628479,175.9802794498554,331.3699951171875,225.3404986724704,220.9199981689453,196.29592455953664,501.52658824278717,168.7810892510499,314.6000061035156,229.54248102593337,227.1199951171875,200.41952632200108,506.925219770199,175.1503706193276,329.2200012207031,42263900,36604300,28955500,27723000,215142700,77481800
2025-08-21,224.47213745117188,221.9499969482422,199.44105529785156,502.15185546875,174.96038818359375,320.1099853515625,226.08906587116957,222.77999877929688,202.1668286588479,505.5278315490841,176.88017120538285,324.8999938964844,223.3542730460458,220.5,199.12154291514705,500.6381609615915,173.79052111986658,318.67999267578125,225.8395414786139,222.64999389648438,199.44105529785156,501.6041452591809,174.83041312567687,322.0799865722656,30621200,32140500,19774600,18443300,140040900,55744400
2025-08-22,227.3267059326172,228.83999633789062,205.771240234375,505.1295166015625,177.97006225585938,340.010009765625,228.65417758009713,229.13999938964844,208.21744781149425,508.6150227226763,178.56998587344157,340.25,224.98118568943215,220.82000732421875,200.98865555430208,500.32946944945456,171.18081451068767,319.69000244140625,225.73973438952316,222.7899932861328,202.41643648326647,502.1618461633245,172.59066018618677,321.6600036621094,42477800,37315300,42827000,24324200,172789400,94016300
2025-08-25,226.7278594970703,227.94000244140625,208.1675262451172,502.17181396484375,179.78985595703125,346.6000061035156,228.86378779922748,229.60000610351562,210.19438514977915,506.0855321115255,181.88962682620624,349.5299987792969,225.79962078901826,227.30999755859375,204.9624845680577,502.0323791323648,176.5502286534902,335.0299987792969,226.0491451945495,227.35000610351562,206.11069972619865,504.5319946732823,178.33002804439553,338.8999938964844,30983100,22633700,29928900,21638600,163012800,86670000
2025-08-26,228.87376403808594,228.7100067138672,206.81961059570312,499.96099853515625,181.7496337890625,351.6700134277344,229.0534295301293,229.0,207.52851912382437,502.88882606141556,182.36955942503778,351.8999938964844,224.26255788237486,226.02000427246094,205.3818354433132,496.4456179190968,178.78995879531527,343.7200012207031,226.43840339540802,227.11000061035156,207.18903343187435,502.2713680297872,180.0398187111229,344.92999267578125,54575100,26105400,28464100,30835700,168688200,76651600
2025-08-27,230.05152893066406,229.1199951171875,207.15908813476562,504.6415100097656,181.57965087890625,349.6000061035156,230.46073738560713,229.8699951171875,208.58688428789492,505.1892506185915,182.46955051009175,355.3900146484375,227.82576024347395,227.80999755859375,205.3319167524022,497.82983904056124,179.07993109949993,349.1600036621094,228.17510050695543,228.57000732421875,205.38184246485358,499.9211487290224,181.95959791056248,351.94000244140625,31259500,21254500,23022900,17277900,235518900,65519000
2025-08-28,232.11758422851562,231.60000610351562,211.31265258789062,507.5295104980469,180.14981079101562,345.9800109863281,232.9659733126178,232.7100067138672,211.8917573213033,508.9734875719172,184.44933204343067,353.54998779296875,228.90370861616245,228.02000427246094,206.57997853322107,503.4066403395377,176.39023757757423,340.260009765625,230.3809040856524,229.00999450683594,206.92944327697995,504.9900522378754,180.79974711518173,350.9100036621094,38074700,33679600,32339300,18015600,281787800,67903200
2025-08-29,231.69837951660156,229.0,212.58070373535156,504.59173583984375,174.1604766845703,333.8699951171875,232.9360260407387,231.80999755859375,214.31800279201352,507.4896888132377,178.130033086625,348.75,230.92984008944924,228.16000366210938,209.87488848734807,502.40083415821226,173.13059331145078,331.70001220703125,232.0676707602769,231.32000732421875,210.1844065843309,506.5535790393771,178.09004428153852,347.2300109863281,39418400,26199200,39728400,20961600,243257900,81145700
2025-09-02,229.28298950195312,225.33999633789062,211.0231170654297,503.0282287597656,170.7608642578125,329.3599853515625,230.4108447009183,226.1699981689453,211.3525932568575,503.90458943006223,172.36069109354864,333.3299865722656,226.53822101083426,221.8300018310547,205.88107328271496,494.75264396148896,167.20126556823303,325.6000061035156,228.81388239599917,223.52000427246094,208.11761422314743,498.3974910813857,169.980952871088,328.2300109863281,44075600,38843900,47523000,18128000,231164900,58392000
2025-09-03,238.01634216308594,225.99000549316406,230.30325317382812,503.2572937011719,170.60089111328125,334.0899963378906,238.395624134605,227.1699981689453,230.95224175670688,505.68719181229375,172.3906992342715,343.3299865722656,233.9141603097862,224.36000061035156,224.4423216543269,500.2398424947412,168.86109570238054,328.510009765625,236.75874463665696,225.2100067138672,225.86013881710127,501.70375627159575,171.0408442884315,335.20001220703125,66427800,29223100,103336100,16345100,164424900,88733300
2025-09-04,239.3238525390625,235.67999267578125,231.94070434570312,505.866455078125,171.64077758789062,338.5299987792969,239.4436193831587,235.77000427246094,232.01058815431742,506.04570238922344,171.8407521362954,338.8900146484375,236.28964239378743,230.77999877929688,225.76027598883607,501.0664078062513,169.39102958990665,331.4800109863281,237.9963808412042,231.19000244140625,229.2947939629136,502.2116394820944,170.55090333056648,336.1499938964844,47549400,59391800,51684200,15509500,141670100,60711000
2025-09-05,239.2340087890625,232.3300018310547,234.63653564453125,492.9501647949219,167.0012969970703,350.8399963378906,240.86091270031892,236.0,235.39535470067108,509.8498918622262,169.0110663720669,355.8699951171875,238.03629475202086,231.92999267578125,231.5413241866342,490.3310509759443,164.05163046676552,344.67999267578125,239.54341659874092,235.19000244140625,231.84086323662245,506.9619070760115,168.01117837826322,348.0,54870400,36721800,46588900,31994800,224441400,108989800
2025-09-08,237.42745971679688,235.83999633789062,233.8870086669922,496.13690185546875,168.2911376953125,346.3999938964844,239.69313028194867,237.60000610351562,237.97434675109136,499.1244784694731,170.940849905597,358.44000244140625,235.89038089866295,233.75,233.5172554040335,492.9800158612091,167.33125381142952,344.8399963378906,238.84475646782593,234.94000244140625,235.31608185012894,496.04724781279185,167.53122834914853,354.6400146484375,48999500,33947100,32474700,16771000,163769100,75208300
2025-09-09,233.9041748046875,238.24000549316406,239.47335815429688,496.3460388183594,170.74085998535156,346.9700012207031,238.3257397896772,238.85000610351562,240.3128053844981,500.17013335375145,170.96083655380463,350.7699890136719,232.9160527142261,235.0800018310547,233.07753270088136,495.6389875077243,166.7213214317911,343.82000732421875,236.54912730927947,236.36000061035156,234.0169206603603,499.3535217605099,169.0710489481518,348.44000244140625,66313900,27033800,38061000,14410500,157548400,53816000
2025-09-10,226.35855102539062,230.3300018310547,239.01365661621094,498.29791259765625,177.3101348876953,347.7900085449219,231.97784546194652,237.67999267578125,241.50203443312756,501.1460848531792,179.26990675759993,356.3299865722656,225.52015268533836,229.10000610351562,237.6945274082077,494.6630336933239,175.45034266016896,346.07000732421875,231.7482872752143,237.52000427246094,238.74382884116824,500.8971201283455,176.62020974984335,350.54998779296875,83440800,60907700,35141100,21611800,226852000,72121700
2025-09-11,229.59239196777344,229.9499969482422,240.21287536621094,498.9352722167969,177.16014099121094,368.80999755859375,230.01159113632517,231.52999877929688,242.09165136894262,501.08633106619584,180.26996857097555,368.989990234375,226.21881717306923,229.33999633789062,236.09557331646107,495.8182290284252,176.4701769393558,347.6000061035156,226.44839058875493,231.49000549316406,239.7232054178332,500.17012751524385,179.66999584989978,350.1700134277344,50208600,37485600,30599300,18881600,151159300,103756000
2025-09-12,233.62472534179688,228.14999389648438,240.64259338378906,507.7884521484375,177.8101043701172,395.94000244140625,234.0638755168574,230.7899932861328,241.92175543476245,510.42747218178897,178.59005971058946,396.69000244140625,228.58432913969838,226.2899932861328,237.84442067897936,501.7635178992086,176.44017029123495,370.239990234375,228.78394562468256,230.35000610351562,240.21286654309478,504.55191069082485,177.76010410307373,370.94000244140625,55824200,38496200,26771600,23624900,124911000,168156400
2025-09-15,236.24969482421875,231.42999267578125,251.44552612304688,513.225830078125,177.74009704589844,410.0400085449219,237.7368657054393,233.72999572753906,252.24500622225327,513.3353599697668,178.84004186496986,425.70001220703125,234.58287368836292,230.32000732421875,244.5000723057695,504.9004642300766,174.50027206258352,402.42999267578125,236.54912714503797,230.6300048828125,244.5000723057695,506.68306017742736,175.66021109761542,423.1300048828125,42699500,33243300,58383800,17143800,147061600,163823700
2025-09-16,237.6969451904297,234.0500030517578,250.99581909179688,506.9320068359375,174.87026977539062,421.6199951171875,240.76111223381088,235.89999389648438,252.87457975705254,515.0880630075219,177.49011904437822,423.25,235.87043992435724,232.22999572753906,249.30692141357196,506.4938265025834,174.37029760906842,411.42999267578125,236.72878926810645,232.94000244140625,251.91521585326547,514.7395367165727,176.99014687805604,414.5,63421100,38203900,34109700,19711900,140737800,104285700
2025-09-17,238.5353546142578,231.6199951171875,249.36688232421875,507.9079284667969,170.280517578125,425.8599853515625,239.6432435766681,234.3000030517578,251.43553649547647,509.1726886784055,173.1903593144249,428.30999755859375,237.27774187166392,228.7100067138672,246.11900683222018,503.8348693472275,168.40063256525568,409.6700134277344,238.5153883976145,233.77000427246094,251.0557800198683,508.5054498653079,172.63039291663662,415.75,46508000,42815200,34108000,15816600,211843800,106133500
2025-09-18,237.42745971679688,231.22999572753906,251.86524963378906,506.3444519042969,176.23019409179688,416.8500061035156,240.74113579799257,233.47999572753906,253.82397511354577,510.9453149965379,177.09014682532762,432.2200012207031,236.199788714976,228.7899932861328,249.6367116291099,505.55771489166153,172.95037791227023,416.55999755859375,239.5134800259323,232.5,251.51547232528497,509.37184097126715,173.9703101424577,428.8699951171875,44249600,37931700,31239500,18913700,191763300,90454500
2025-09-19,245.032958984375,231.47999572753906,254.55349731445312,515.78515625,176.66015625,426.07000732421875,245.83144010441063,234.16000366210938,255.83265939150547,517.1494779837726,178.07008136373162,429.4700012207031,239.7530294205925,229.6999969482422,251.64539584681071,508.1967168320822,175.17023376194967,421.7200012207031,240.77107799962133,232.3699951171875,253.08445699569828,508.44568153944795,175.7602124903078,421.82000732421875,163741300,97943200,55571400,52474100,237182100,93131000
2025-09-22,255.5928192138672,227.6300048828125,252.36492919921875,512.319580078125,183.5997772216797,434.2099914550781,256.15178189089505,230.57000732421875,255.6128047936517,515.5959337012963,184.53972732383275,444.9800109863281,247.64797087114997,227.50999450683594,250.13639113793755,510.4174557013089,174.70027887607205,429.1300048828125,247.82763635806887,230.55999755859375,254.2636811395151,513.4548737162081,175.29024236301854,431.1099853515625,105517400,45914500,32290500,20009300,269637000,97108800
2025-09-23,253.9459686279297,220.7100067138672,251.49549865722656,507.1212463378906,178.42005920410156,425.8500061035156,256.8504363399061,227.86000061035156,254.1937306726042,512.4590659268906,182.409842567533,440.9700012207031,253.0975947938589,220.07000732421875,250.31626206974443,505.2091838485409,176.20019683221489,423.7200012207031,255.39322235208516,227.8300018310547,252.8745862102155,511.67229848312854,181.9598706713119,439.8800048828125,60275200,70956200,26628000,19799600,192559600,83422700
2025-09-24,251.8300018310547,220.2100067138672,246.97845458984375,508.0373840332031,176.96014404296875,442.7900085449219,255.2534845023776,224.55999755859375,252.18505574615793,510.35772177145367,179.76998508551358,444.2099914550781,250.56241362070242,219.4499969482422,246.2789151995329,504.82077941210207,175.39022416770254,429.0299987792969,254.73446948849343,224.14999389648438,251.49550432970327,508.26644250853604,179.75999113536878,429.8299865722656,42303700,49509000,28201000,13533700,143564100,93133600
2025-09-25,256.3813171386719,218.14999389648438,245.6293182373047,504.9303283691406,177.68011474609375,423.3900146484375,256.6807646844572,220.6699981689453,246.32887284028934,507.89799878212006,180.24996380236055,435.3500061035156,251.2311452680336,216.47000122070312,240.58263166512353,502.94857891661616,173.12037093203185,419.0799865722656,252.72829161839874,220.05999755859375,244.24022750230412,506.1950582100621,174.47028665549124,435.239990234375,55202100,52226300,31020400,15786500,191586700,96746400
2025-09-26,254.97401428222656,219.77999877929688,246.3788299560547,509.34197998046875,178.18008422851562,440.3999938964844,257.10994249251326,221.0500030517578,249.25695217808112,511.8117209714621,179.75999811527313,440.4700012207031,253.2972024297037,218.02000427246094,245.80921049475367,504.52202659403474,174.920255917913,421.0199890136719,253.61660096533106,219.0800018310547,246.90849752367055,507.94778361103766,178.16008106951017,428.29998779296875,46076300,41650100,18503200,16213100,148573700,101628200
2025-09-29,253.9459686279297,222.1699981689453,243.89047241210938,512.4689331054688,181.8398895263672,443.2099914550781,254.5148915782133,222.60000610351562,250.98582213384148,514.7096154882738,183.98976381560166,450.9800109863281,252.52867184357527,219.3000030517578,242.61131034259105,506.77264973451184,180.30997586310093,439.5,254.0757261912774,220.0800018310547,247.6879914773483,509.3817950243417,180.4199550960203,444.3500061035156,40127700,44259200,32505800,17617800,193063500,79491500
2025-09-30,254.14559936523438,219.57000732421875,242.94110107421875,515.8051147460938,186.56961059570312,444.7200012207031,255.4331385813304,222.24000549316406,243.13096406959585,516.0142062084105,187.3395719841704,445.0,252.6284867333586,217.88999938964844,239.09361157011617,507.54943619028296,181.4698885277926,433.1199951171875,254.37515755125318,222.02999877929688,242.65128209661555,511.11459757878936,182.06986121505474,441.5199890136719,37704300,48396400,34724300,19728200,236981000,74358000
2025-10-01,254.9640350341797,220.6300048828125,244.7399139404297,517.557861328125,187.22958374023438,459.4599914550781,258.29769267334166,222.14999389648438,246.13900797357311,518.3545363078492,188.12952754318238,462.2900085449219,254.44502000530687,216.61000061035156,238.45403213601972,509.5710533372991,183.88975804814035,440.75,254.55481135314994,217.36000061035156,240.59263270567308,512.6681599915194,185.22969505995906,443.79998779296875,48713900,43933800,31658200,22632300,173844900,98122300
2025-10-02,256.6408386230469,222.41000366210938,245.52940368652344,513.604248046875,188.87948608398438,436.0,257.68882891050583,222.80999755859375,246.64866670301694,519.439966484546,191.0393695238543,470.75,253.66649683440303,218.9499969482422,242.14162021805868,508.5652045551738,188.04953044946197,435.57000732421875,256.09186667190835,221.00999450683594,244.98974812584623,515.496404228155,189.5894532800495,470.5400085449219,42630200,41258600,25483300,21222900,136805800,137009000
2025-10-03,257.5291442871094,219.50999450683594,245.1896209716797,515.20751953125,187.6095428466797,429.8299865722656,258.7468246365968,224.1999969482422,246.138996907564,518.3345307125708,190.34939569471342,446.7699890136719,253.46689477740222,219.33999633789062,241.5020306823554,512.8672756929882,185.36967740169,416.5799865722656,254.18552630266564,223.44000244140625,244.33018254314118,514.9585548343116,189.1794627061203,443.2900085449219,49155600,43639000,30249600,15112300,137596900,133188200
2025-10-06,256.2016906738281,220.89999389648438,250.26629638671875,526.3811645507812,185.5296630859375,453.25,258.5771679771474,221.72999572753906,251.1557292673991,528.8309994124726,187.21957143407985,453.54998779296875,254.56481112131073,216.02999877929688,244.42012945214807,516.0541122577388,183.31979467524326,436.69000244140625,257.49920544747016,221.0,244.61999567020933,516.4623876768178,185.48967202648717,440.75,44664100,43690900,28894700,21388600,157678100,85324900
2025-10-07,255.99208068847656,221.77999877929688,245.59934997558594,521.8101196289062,185.02969360351562,433.0899963378906,256.91031341337026,222.88999938964844,250.27629875611288,527.6060256392368,189.0494741147918,452.67999267578125,254.94405994391948,220.1699981689453,245.35951661425605,519.2806599401652,183.9897582054133,432.45001220703125,256.3214394907812,220.8800048828125,248.10771903747053,526.1022689962125,186.21962980709273,447.82000732421875,31955800,31194700,23181300,14615200,140088000,102296100
2025-10-08,257.5690612792969,225.22000122070312,244.46009826660156,522.676513671875,189.09947204589844,438.69000244140625,258.0281776413904,226.72999572753906,245.84918907751907,524.7678538085896,189.58945025835604,441.3299865722656,255.62275879770374,221.19000244140625,243.66063338889384,520.923853084141,186.52960780500513,425.2300109863281,256.03198246417537,222.9199981689453,244.79988761332393,521.1130687043808,186.55962017208088,437.57000732421875,36496900,46686000,21307100,13363400,130168900,71192100
2025-10-09,253.55670166015625,227.74000549316406,241.3721160888672,520.2366943359375,192.5592803955078,435.5400085449219,257.50917476461467,228.2100067138672,244.60000044134677,522.158694647609,195.28912405123697,436.3500061035156,252.65841993311406,221.75,238.99366696134817,515.2574000210162,191.04935474353755,426.17999267578125,257.3195337882977,225.0,244.3101967172578,520.1769452354545,192.21928773885006,431.80999755859375,38322000,46412100,27892100,18343600,182997200,69339900
2025-10-10,244.80340576171875,216.3699951171875,236.4153594970703,508.84405517578125,183.14981079101562,413.489990234375,255.8922708493858,228.25,243.93043262992407,521.4118200258811,195.6091088464203,443.1300048828125,243.53581752909898,216.0,235.6858257251368,507.5195762105422,182.0398719523004,411.45001220703125,254.45500785015722,226.2100067138672,241.27216783484693,517.4881335274953,193.49922565779727,436.5400085449219,61999100,72367500,33180300,24133800,268774400,112107900
2025-10-13,247.18885803222656,220.07000732421875,243.9904022216797,511.9212341308594,188.3095245361328,435.8999938964844,249.2149949644775,220.67999267578125,244.34017953936018,514.2714464494894,190.09941818271824,436.8900146484375,245.09284695690994,217.0399932861328,239.55331729181,509.56105349845876,185.94965529464977,419.70001220703125,248.90558714178317,217.6999969482422,240.05299046060216,514.2714464494894,187.9595379156231,423.5299987792969,38142900,37809700,24995000,14284200,153482800,79552800
2025-10-14,247.29864501953125,216.38999938964844,245.28955078125,511.4432373046875,180.0199737548828,429.239990234375,248.37659224814226,219.32000732421875,246.95845730298234,513.1461778212379,184.78971240822688,434.20001220703125,244.23447809703134,212.60000610351562,240.35277752895155,503.9045785101632,179.68999030007896,417.8599853515625,246.13087266264282,215.55999755859375,241.07230809804528,508.11707238992415,184.75971529942103,426.7900085449219,35478000,45665600,22111600,14684300,205641400,72669400
2025-10-15,248.8656463623047,215.57000732421875,250.86590576171875,511.3038024902344,179.8199920654297,435.1499938964844,251.3409393203658,217.7100067138672,251.94520161834686,515.0482414945574,184.85970481354866,440.510009765625,246.99920876557604,212.66000366210938,245.82920701293574,507.888013925759,177.2801249034248,426.3299865722656,249.01537013681215,216.6199951171875,247.0883778879278,512.8274957075639,184.7897166440438,434.8999938964844,33893600,45909500,27007700,14694700,214450500,71558200
2025-10-16,246.979248046875,214.47000122070312,251.29562377929688,509.4913330078125,181.7998809814453,428.75,248.56621957555782,218.58999633789062,256.79201310331337,514.7096236704256,183.26980040587233,439.3500061035156,244.66366953460536,212.80999755859375,249.93651222042618,506.02576365101777,179.76000120804414,421.30999755859375,247.7777291727393,215.6699981689453,251.60541868813706,510.4573477017149,182.21985578014733,434.7300109863281,39777000,42414600,27997200,15559600,179723300,77189900
2025-10-17,251.81002807617188,213.0399932861328,253.13442993164062,511.4532470703125,183.20980834960938,439.30999755859375,252.89796599708643,214.8000030517578,254.05382673080507,513.3453425707617,184.08976427610557,441.4599914550781,246.79958926324147,211.02999877929688,247.64801305801078,505.2091921192977,179.74000017155936,423.6000061035156,247.5481624372989,214.55999755859375,250.59608169913423,506.93203901166436,180.16996892604442,425.5,49147000,45986900,29671600,19867800,173135200,89331600
2025-10-20,261.7411193847656,216.47999572753906,256.3822937011719,514.6498413085938,182.6298370361328,447.42999267578125,263.87706298772724,216.69000244140625,257.1617826336821,516.5519656323323,185.18969215276272,449.79998779296875,255.14370850365398,213.58999633789062,254.06381810029453,511.30377036778043,181.71988400794234,440.6099853515625,255.4032084113237,213.8800048828125,254.52352413042843,512.4788764440519,183.1198152646831,443.8699951171875,90483000,38882800,22350200,14665600,128544700,63719000
2025-10-21,262.2701110839844,222.02999877929688,250.29627990722656,515.5162963867188,181.14991760253906,442.6000061035156,264.7853366806196,223.32000732421875,254.71338870395212,516.5420602391357,182.77981647710283,449.29998779296875,261.33189684706855,217.99000549316406,243.99039197294186,510.91543308707116,179.78999271004406,442.04998779296875,261.38182000576944,218.42999267578125,254.5734808325197,515.3569857054445,182.77981647710283,445.760009765625,46695900,50494600,47312100,15586200,124240200,54412200
2025-10-22,257.9583435058594,217.9499969482422,251.52548217773438,518.3843994140625,180.26995849609375,438.9700012207031,262.349966966352,220.00999450683594,256.19241249616164,523.0549803520576,183.42978616900905,445.5400085449219,254.94406918261987,216.52000427246094,249.12704181794433,515.5661623300699,176.7501502622395,429.0,262.15033525743416,219.3000030517578,254.20372304336274,518.9919195722497,181.1299112106735,443.45001220703125,45015300,44308500,35029400,18962700,162249600,84023500
2025-10-23,259.0861511230469,221.08999633789062,252.91456604003906,518.404296875,182.1498565673828,448.9800109863281,260.12418111371363,221.3000030517578,254.8732762688867,521.7802730707533,183.01980322210497,449.3999938964844,257.51916110368444,218.17999267578125,251.68537434804077,516.4623598997719,179.7799782111653,413.8999938964844,259.4454820834593,219.0,252.81462530948346,520.2964530626382,180.40994799999942,420.0,32754900,31540000,19901400,14023500,111363700,126709800
2025-10-24,262.32000732421875,224.2100067138672,259.7501220703125,521.441650390625,186.24961853027344,433.7200012207031,263.6275126875418,225.39999389648438,261.5089509442133,523.1744351060786,187.45955783835475,451.67999267578125,258.68691759501684,221.89999389648438,255.1531226659378,518.5536961256696,183.48977777431884,430.1700134277344,260.69310343226954,221.97000122070312,256.412278354529,520.6250388201142,183.8297551720498,446.8299865722656,38253700,38685100,28655100,15532400,131296700,94727800
2025-10-27,268.2986145019531,226.97000122070312,269.0939636230469,529.3189697265625,191.47933959960938,452.4200134277344,268.60802232244004,228.39999389648438,269.9634205104271,532.3662956890146,191.98930570001696,460.1600036621094,264.1465248140549,225.5399932861328,264.10723541197956,526.819354031342,188.41949722334647,438.69000244140625,264.37609822840903,227.66000366210938,264.6468909460984,529.577902779321,189.979423148828,439.9800109863281,44888200,38267000,35235200,18734700,153452700,105867500
2025-10-28,268.4882507324219,229.25,267.295166015625,539.8252563476562,201.01881408691406,460.54998779296875,269.3765722048576,231.49000549316406,270.5530448339537,551.4269763883988,203.1386912540773,467.0,267.63986169210665,226.2100067138672,266.3257988486908,538.5306518978505,191.89932637827522,451.6000061035156,268.4782600095115,228.22000122070312,269.5137161039883,547.7224103521172,193.03926234185508,454.7799987792969,41534800,47100000,29738600,29986700,297986200,80185700
2025-10-29,269.1869201660156,230.3000030517578,274.3905334472656,539.307373046875,207.02847290039062,461.510009765625,270.8936584399069,232.82000732421875,275.1600191542769,544.0078586434945,212.1781954922272,465.70001220703125,266.6018207191691,227.75999450683594,267.49504976173847,534.507325873603,204.76860414707738,452.6499938964844,268.76770579477784,231.6699981689453,267.57498405043395,542.6833492925585,207.96842303697136,462.5,51086700,52036200,43580300,36023000,308829600,67983500
2025-10-30,270.8836669921875,222.86000061035156,281.2960205078125,523.582763671875,202.8787078857422,440.1000061035156,273.6184749716116,228.44000244140625,291.3993974290424,532.7545848667123,206.1485301715792,455.05999755859375,267.969239224885,222.75,279.87693527724974,519.9578228356851,201.39879452489242,439.6099853515625,271.4725408872279,227.05999755859375,291.3993974290424,528.2831883129468,205.1385766163601,451.04998779296875,69886500,102252900,74876000,41023100,178864400,72447900
2025-10-31,269.85565185546875,244.22000122070312,281.0061950683594,515.6656494140625,202.47872924804688,456.55999755859375,276.79244258078194,250.5,285.81304844327684,527.1279940743384,207.95841980607935,458.0,268.647962249571,243.97999572753906,276.8489107040144,512.9668501497666,202.05875446792163,443.69000244140625,276.4630533049319,250.10000610351562,283.02486366213384,526.6898137654194,206.43850017947892,446.75,86167100,166340800,39267900,34006400,179802200,83135800
2025-11-03,268.53814697265625,254.0,283.5345458984375,514.888916015625,206.8684844970703,468.3699951171875,270.33474092754267,258.6000061035156,285.3433603410046,522.7860691817526,211.32822759164594,474.07000732421875,265.74348587775046,252.89999389648438,279.61709481156873,512.4590180581705,205.5485506791992,453.79998779296875,269.90556627002525,255.36000061035156,281.9955439895644,517.657371934483,208.06841462190084,455.989990234375,50194600,95997800,29786000,22374700,180267300,84595200
2025-11-04,269.5262756347656,249.32000732421875,277.35858154296875,512.2001342773438,198.67893981933594,444.260009765625,270.9734988318123,257.010009765625,281.0861237356038,513.4150529816625,203.9586446199207,460.2200012207031,267.11086611942017,248.66000366210938,276.07941949471564,505.73698923396887,197.9189723693821,443.6000061035156,267.8195068636227,250.3800048828125,276.56908942406625,509.6407695643784,202.98869740675082,454.4599914550781,49274800,51546300,30078400,20958700,188919300,87756600
2025-11-05,269.6260986328125,250.1999969482422,284.1241455078125,505.0597839355469,195.1991424560547,462.07000732421875,271.18312844251227,251.0,286.23278206992967,512.6980347767452,202.90870481768462,466.3299865722656,266.4221834255846,246.16000366210938,277.15870054271744,504.4821687767013,194.63916080574026,440.7099914550781,268.0989800730272,249.02999877929688,278.6876991693174,511.17434154282535,198.75894188581304,452.04998779296875,43683100,40610700,31010300,23024300,171350300,85573000
2025-11-06,269.25677490234375,243.0399932861328,284.5638732910156,495.04144287109375,188.0695343017578,445.9100036621094,272.8798740142925,250.3800048828125,288.1615262521665,503.6058351018555,197.60899664277025,467.45001220703125,267.38037702601645,242.1699981689453,280.9562476047489,493.75677643867937,186.3696319662745,435.0899963378906,267.38037702601645,249.16000366210938,285.14348075532007,503.5659922381216,196.40906647995496,461.9599914550781,51204000,46004200,37173600,27406500,223029800,109622900
2025-11-07,267.9592590332031,244.41000366210938,278.647705078125,494.7626037597656,188.1395263671875,429.5199890136719,271.7719991063764,244.89999389648438,283.59448127875606,497.31199999791255,188.3095303364016,439.3599853515625,266.26248096015127,238.49000549316406,275.0101005397699,491.2073803526309,178.90005019006267,421.8800048828125,269.28671541495146,242.89999389648438,283.0248465894465,494.89207027354036,184.8897071775586,437.9200134277344,48227400,46374300,34479600,24019800,264942300,103471500
2025-11-10,269.1781311035156,248.39999389648438,289.9103698730469,503.9045715332031,199.03892517089844,445.2300109863281,273.4741297822401,251.75,290.6098939896417,504.7510576229119,199.9288750287355,449.6700134277344,267.20997142836535,245.58999633789062,282.6750818691635,496.73437575016374,193.7792081445882,433.3599853515625,268.7085692371889,248.33999633789062,284.23409016650885,497.9692613740871,195.09914200543773,439.6000061035156,41312400,36476500,29557300,26101500,198897100,76515900
2025-11-11,274.99267578125,249.10000610351562,291.11956787109375,506.573486328125,193.1492462158203,439.6199951171875,275.65206242273547,249.75,291.72918497214437,507.48968986721945,195.40911485928362,442.489990234375,269.5477586519058,247.22999572753906,287.1321858980205,500.26971300797675,191.28934919242405,432.3599853515625,269.55775905965567,248.41000366210938,287.56189748708465,502.70954902224156,195.14913483203398,439.3999938964844,46208300,23564100,19842100,17980000,176483300,60533200
2025-11-12,273.21435546875,244.1999969482422,286.5225830078125,509.0233154296875,193.78921508789062,430.6000061035156,275.4722525277038,250.3699951171875,291.8191369528623,509.5511194130969,195.87909508520013,442.3299865722656,271.4460210796085,243.75,283.504568014819,497.05307240824305,191.1193655455878,426.55999755859375,274.74292397164845,250.24000549316406,291.4893355792204,507.2506574723947,195.70910637927892,442.1499938964844,48398000,31190100,24829900,26574900,154935300,58513500
2025-11-13,272.6948547363281,237.5800018310547,278.3879089355469,501.205810546875,186.84959411621094,401.989990234375,276.4413491841305,243.75,282.65510670070455,511.3735209246628,191.42934088057365,424.5,271.83564282199285,236.5,277.0587612643864,499.2140928412288,183.8397672401686,396.3399963378906,273.85374352181776,243.0500030517578,282.15543354563385,508.1967287528611,191.03936321053533,423.1300048828125,49602800,41401700,29494000,25273100,207423100,118948000
2025-11-14,272.15533447265625,234.69000244140625,276.22930908203125,508.0672607421875,190.15940856933594,404.3500061035156,275.70200347225597,238.72999572753906,278.3778974858086,509.4813936811572,190.99935813210442,412.19000244140625,269.3479639093673,232.88999938964844,270.52305035910666,495.3800287197931,180.56994624954729,382.7799987792969,270.7965900477885,235.05999755859375,271.23257767900105,496.166765720741,182.8498180673128,386.29998779296875,47431300,38956700,31647200,28505700,186591900,105506700
2025-11-17,267.2099609375,232.8699951171875,284.83367919921875,505.3883972167969,186.58961486816406,408.9200134277344,270.2371271729127,234.60000610351562,293.7578650793077,509.9992285471841,188.98947511566342,423.9599914550781,265.48159771217263,229.19000244140625,283.38464532335746,502.8190947602184,184.30974305565786,398.739990234375,268.5687054184609,233.25,285.59319216713175,506.34444359286346,185.95964506857126,398.739990234375,45018300,59919000,52670200,19092800,173628900,102214300
2025-11-18,267.19000244140625,222.5500030517578,284.09417724609375,491.74517822265625,181.3498992919922,401.25,270.4569347049811,230.1999969482422,288.61121173854644,500.89712400975867,184.7897101334883,408.8999938964844,265.0719890725528,222.4199981689453,278.0181648979437,484.76419755903834,179.63998782140993,393.7099914550781,269.7376065335732,228.10000610351562,287.7318125744744,493.31862192366924,183.36979105504545,405.3800048828125,45677300,60608400,49158700,33815100,213598900,80688600
2025-11-19,268.3089294433594,222.69000244140625,292.61859130859375,485.1027526855469,186.50961303710938,403.989990234375,271.9555110777923,223.74000549316406,303.6114007455407,493.13934080841636,187.8495347223247,411.7799987792969,265.2517925781922,218.52000427246094,286.44263841708545,480.8305097576304,182.8198161698128,398.5,265.2817633125939,223.74000549316406,286.9722907427786,488.0704229659532,184.7796984316032,406.17999267578125,40424500,58335600,68198900,23245300,247246400,72047700
2025-11-20,266.0010986328125,217.13999938964844,289.26080322265625,477.3404846191406,180.62994384765625,395.2300109863281,275.17250947675234,227.41000366210938,306.2197114167213,492.4460215630244,195.9890894251709,428.94000244140625,265.67142054546326,216.74000549316406,288.48131431646567,474.41716428973194,179.83999453744622,394.739990234375,270.5768036466949,227.0500030517578,304.3409354639468,491.5879641710541,195.9390891568929,414.6300048828125,45823600,50309000,62025200,26802500,343504800,113548800
2025-11-21,271.2361755371094,220.69000244140625,299.464111328125,471.04486083984375,178.8700408935547,391.0899963378906,273.0744516711978,222.2100067138672,303.7213362601199,477.8293938228302,184.54971718190046,402.79998779296875,265.4216397990326,215.17999267578125,293.6579118539212,467.20362215472323,172.92036011460985,383.760009765625,265.70137680880595,216.35000610351562,296.2262391249899,477.4103368698009,181.22991004695137,402.32000732421875,59030800,68490500,74137700,31769200,346926200,100460600
2025-11-24,275.6620788574219,226.27999877929688,318.3717346191406,472.92059326171875,182.5398406982422,417.7799987792969,276.7410558404627,227.3300018310547,319.27117069793417,475.8139832068258,183.4897847612219,421.7200012207031,270.64675212306133,222.27000427246094,309.39762425695875,466.9542001322548,176.47017128450955,401.0899963378906,270.64675212306133,222.55999755859375,310.9266228942269,473.9183160323131,179.48001348627363,402.1700134277344,65585800,54318400,85165100,34421000,256618300,96806400
2025-11-25,276.7110900878906,229.6699981689453,323.22857666015625,475.90374755859375,177.8101043701172,419.3999938964844,280.1179060838009,230.52000427246094,328.6150374741804,478.0588322743821,178.15008177330986,420.4800109863281,274.9926967216935,223.8000030517578,317.4423529194355,463.8313270788984,169.54056066153746,405.95001220703125,275.012667049666,226.3800048828125,325.9967549915166,472.9904142849383,174.90026276869568,414.4200134277344,46914200,39379300,88632100,28019800,320600300,71915600
2025-11-26,277.29052734375,229.16000366210938,319.7408752441406,484.3943786621094,180.2499542236328,426.5799865722656,279.26868736786383,231.75,324.287888914303,487.1979770584782,182.8998157763143,426.94000244140625,276.3714044558947,228.77000427246094,316.58293713459693,480.10418316215106,178.2300777211247,416.8900146484375,276.70108254872224,230.74000549316406,320.4703785574214,485.2025316262965,181.61988829154,423.95001220703125,33431400,38497900,51373400,25709100,183852000,63463000
2025-11-28,278.5893249511719,233.22000122070312,319.970703125,490.88958740234375,176.99014282226562,430.1700134277344,278.73917862681736,233.2899932861328,326.6363566172421,491.5081706450152,179.28000857805475,432.92999267578125,275.73198274965245,230.22000122070312,316.5829348985448,485.54177754838196,176.49017066740046,426.20001220703125,277.0008150112318,231.24000549316406,323.15862038246837,486.48962635446395,179.0000253919654,426.5899963378906,20135600,20292300,26018600,14386700,121332800,36252900
2025-12-01,282.8353576660156,233.8800048828125,314.6841735839844,485.6315612792969,179.9099884033203,430.1400146484375,283.1550658399818,235.8000030517578,319.6409227326276,488.7444513856018,180.28997214473748,433.6600036621094,275.88187257202503,232.25,313.684827275924,483.5463243869077,173.67033006996684,425.2900085449219,277.75011957449965,233.22000122070312,317.49233426982363,487.32770213243884,174.75027181562072,425.32000732421875,46587700,42904000,41183000,23964000,188131000,57463600
2025-12-02,285.9224548339844,234.4199981689453,315.6035461425781,488.8841552734375,181.4499053955078,429.239990234375,287.1313151163589,238.97000122070312,318.17187340075924,492.3761849539621,185.6496685428864,436.79998779296875,282.36578537497866,233.5500030517578,313.7047943107319,485.2125428025972,179.98997995570696,422.1199951171875,282.7354345985028,235.00999450683594,316.5329308632399,485.6116258193264,181.74987648908228,430.80999755859375,53669500,45785400,35854700,19562700,182632200,69336600
2025-12-03,283.8843688964844,232.3800048828125,319.42108154296875,476.64208984375,179.5800018310547,446.739990234375,288.35019153510143,233.3800048828125,321.369788644051,483.13724409881166,182.43984327721986,447.9200134277344,283.0351573834178,230.61000061035156,313.89469739870816,474.1178525596479,179.1000328161426,431.1099853515625,285.9324708384744,233.35000610351562,315.68353592029735,475.23529714339696,181.06992440272873,432.1000061035156,43538700,35495100,41838300,34615100,165138000,87483000
2025-12-04,280.4375915527344,229.11000061035156,317.4123840332031,479.7449951171875,183.3800048828125,454.5299987792969,284.46382276925783,233.5,322.14927599125497,480.2239129901724,184.52000427246094,454.6300048828125,278.32954829392816,226.8000030517578,314.4943097586067,475.40489514051177,179.9600067138672,445.3900146484375,283.83440686502166,232.77000427246094,322.0193865832628,478.6674679630734,181.6199951171875,449.94000244140625,43989100,45683200,31240900,22318200,167364900,71906500
2025-12-05,278.5193786621094,229.52999877929688,321.0599670410156,482.0597229003906,182.41000366210938,455.0,280.8771882481053,231.24000549316406,322.9487461411032,482.299166614698,184.66000366210938,458.8699951171875,277.79005013345267,228.5500030517578,318.961364259978,477.78947078944657,180.91000366210938,451.6600036621094,280.27774306596746,230.32000732421875,319.28113189003057,481.4211657314621,183.88999938964844,453.0299987792969,47265800,33117400,28851700,22608700,143971100,56427500
2025-12-08,277.6302185058594,226.88999938964844,313.7200012207031,489.9018249511719,185.5500030517578,439.5799865722656,279.4085531850005,230.8300018310547,320.44000244140625,491.17890888246444,188.0,449.75,275.8918244790692,226.27000427246094,311.2200012207031,483.2769615726175,182.39999389648438,435.25,277.86998437615557,229.58999633789062,320.04998779296875,483.7858099301447,182.63999938964844,447.45001220703125,38211800,35019200,33909400,21965900,204378100,69165800
2025-12-09,276.9208679199219,227.9199981689453,317.0799865722656,490.8995361328125,184.97000122070312,445.1700134277344,279.7682096639769,228.57000732421875,317.989990234375,490.99931449735556,185.72000122070312,452.3900146484375,276.6611317163261,225.11000061035156,311.8999938964844,487.3875630167038,183.32000732421875,435.70001220703125,277.8999627322321,226.83999633789062,312.3699951171875,487.9862027558801,185.55999755859375,437.5400085449219,32193300,25841700,30194000,14696100,144719700,62367400
2025-12-10,278.5193786621094,231.77999877929688,320.2099914550781,477.4701843261719,183.77999877929688,451.45001220703125,279.48847306800184,232.4199981689453,321.30999755859375,483.14722906115725,185.47999572753906,456.8800048828125,276.1815698919154,228.4600067138672,314.67999267578125,473.99809828560024,182.0399932861328,443.6099853515625,277.490342786908,228.80999755859375,315.8299865722656,482.92772884397027,184.97000122070312,446.07000732421875,33038300,38790700,33428900,35756200,162785400,63257500
2025-12-11,277.77008056640625,230.27999877929688,312.42999267578125,482.3690185546875,180.92999267578125,446.8900146484375,279.3286197507982,232.11000061035156,321.1199951171875,484.92318635563356,181.32000732421875,449.2699890136719,273.5540244422053,228.69000244140625,308.6000061035156,474.7763326037194,176.6199951171875,440.3299865722656,278.83908758708685,230.7100067138672,320.0799865722656,475.5445986070271,180.27999877929688,448.95001220703125,33248000,28249600,42353700,24669200,182136600,55979500
2025-12-12,278.0198669433594,226.19000244140625,309.2900085449219,477.4402770996094,175.02000427246094,458.9599914550781,278.9589906850317,230.0800018310547,314.8699951171875,481.3513637649093,182.82000732421875,463.010009765625,276.5612402656973,225.1199951171875,305.55999755859375,475.2552617920193,174.6199951171875,441.6700134277344,277.64021728323,229.8699951171875,313.70001220703125,478.72734800157895,181.11000061035156,448.0899963378906,39532900,35639100,35940200,21248100,204274900,95656700
2025-12-15,273.8537292480469,222.5399932861328,308.2200012207031,473.73870849609375,176.2899932861328,475.30999755859375,279.8880911943856,227.92999267578125,311.4200134277344,479.6252664455081,178.4199981689453,481.7699890136719,272.5849275039148,221.5,304.8800048828125,471.44392797474177,175.02999877929688,467.6600036621094,279.8880911943856,227.92999267578125,311.32000732421875,479.0066832317436,177.94000244140625,469.44000244140625,50409100,47286100,29151900,23727700,164775600,114542200
2025-12-16,274.353271484375,222.55999755859375,306.57000732421875,475.3051452636719,177.72000122070312,489.8800048828125,275.2424541197232,223.66000366210938,310.7699890136719,476.80172935648005,178.49000549316406,491.5,271.53593087885605,221.1300048828125,302.5899963378906,469.8076832860371,174.89999389648438,465.8299865722656,272.5649667835892,223.0399932861328,304.95001220703125,470.8353364785088,176.25999450683594,472.2099914550781,37648600,39298900,30585000,20705600,148588100,107608100
2025-12-17,271.58587646484375,221.27000427246094,296.7200012207031,475.0357360839844,170.94000244140625,467.260009765625,275.90184538512057,225.19000244140625,308.0899963378906,478.9069051052783,176.1300048828125,495.2799987792969,271.38608172110213,220.99000549316406,296.1199951171875,473.9182915104317,170.30999755859375,466.20001220703125,274.75292651919426,224.66000366210938,308.010009765625,475.8239455574328,176.10000610351562,488.2200012207031,50138700,44034400,43930400,24527200,222775500,106490400
2025-12-18,271.935546875,226.75999450683594,302.4599914550781,482.87786865234375,174.13999938964844,483.3699951171875,273.374203136776,229.22999572753906,303.9599914550781,488.4850656489584,176.14999389648438,490.8599853515625,266.7004552212896,224.41000366210938,299.2300109863281,476.8017407441929,171.82000732421875,473.1199951171875,273.35420232069225,225.7100067138672,301.7200012207031,477.10104539067044,174.52999877929688,478.1600036621094,51630700,50272400,33518000,28573500,176096000,95168400
2025-12-19,273.4141845703125,227.35000610351562,307.1600036621094,484.8134460449219,180.99000549316406,481.20001220703125,274.34330788170604,229.1300048828125,307.25,486.73904362092316,181.4499969482422,490.489990234375,269.64768928264715,225.5800018310547,300.9700012207031,481.39123391446003,176.33999633789062,474.7200012207031,271.8955859651445,226.75999450683594,301.7300109863281,486.2501387748106,176.6699981689453,488.1199951171875,144632000,85544400,59943200,70836100,324925900,103305400
2025-12-22,270.7166748046875,228.42999267578125,309.7799987792969,483.81573486328125,183.69000244140625,488.7300109863281,273.62395794129594,229.47999572753906,310.1300048828125,487.6170561484318,184.16000366210938,498.8299865722656,270.25711338978425,226.7100067138672,305.29998779296875,481.5908021440126,182.35000610351562,485.3299865722656,272.6048920133635,228.61000061035156,309.8800048828125,485.01298390813173,183.9199981689453,489.8800048828125,36571800,32261300,26429900,16963000,129064400,86916100
2025-12-23,272.1053771972656,232.13999938964844,314.3500061035156,485.7413330078125,189.2100067138672,485.55999755859375,272.2452609569047,232.4499969482422,314.94000244140625,486.71908182827985,189.3300018310547,491.9700012207031,269.30800689497966,228.72999572753906,309.32000732421875,483.63612214595605,182.89999389648438,482.8399963378906,270.5868091030317,229.05999755859375,309.6300048828125,483.8755963136496,182.97000122070312,489.3999938964844,29642000,29230200,25478700,14683600,174873600,58223600
2025-12-24,273.55401611328125,232.3800048828125,314.0899963378906,486.90863037109375,188.61000061035156,485.3999938964844,275.17249671786806,232.9499969482422,315.0799865722656,488.04604888584674,188.91000366210938,490.8999938964844,271.9455359163183,231.3300018310547,311.9200134277344,483.7258924615979,186.58999633789062,476.79998779296875,272.085389177814,232.1300048828125,314.7699890136719,484.5739628623746,187.94000244140625,488.4800109863281,17910600,11420500,10097400,5855900,65528500,41285400
2025-12-26,273.1444091796875,232.52000427246094,313.510009765625,486.599365234375,190.52999877929688,475.19000244140625,275.1125687682936,232.99000549316406,315.0899963378906,487.00843522519267,192.69000244140625,489.0899963378906,272.6049054553,231.17999267578125,312.2799987792969,484.85335038112265,188.0,473.82000732421875,273.9037084592662,232.0399932861328,314.4800109863281,485.601642461088,189.9199981689453,485.2300109863281,21521800,15994700,10899000,8842200,139740300,58780700
2025-12-29,273.50408935546875,232.07000732421875,313.55999755859375,485.9907531738281,188.22000122070312,459.6400146484375,274.10350406329195,232.60000610351562,314.0199890136719,487.23790659993216,188.75999450683594,469.3999938964844,272.0954038139857,230.77000427246094,310.6199951171875,483.0773893732932,185.91000366210938,459.0,272.4350823114352,231.94000244140625,311.3699951171875,483.7558335295542,187.7100067138672,469.0,23715200,19797900,19621800,10893400,120006100,66263000
2025-12-30,272.82470703125,232.52999877929688,313.8500061035156,486.3699035644531,187.5399932861328,454.42999267578125,273.82377221524894,232.77000427246094,316.95001220703125,488.56487537463653,188.99000549316406,463.1199951171875,272.02546707967076,230.1999969482422,312.4599914550781,484.39440153201394,186.92999267578125,453.8299865722656,272.5549704076282,231.2100067138672,312.5,484.82341501264875,188.24000549316406,461.0899963378906,22139600,21910500,17380900,13944500,97687300,59238500
2025-12-31,271.6058349609375,230.82000732421875,313.0,482.5186767578125,186.5,449.7200012207031,273.42414083736213,232.99000549316406,314.5799865722656,487.0284031238816,190.55999755859375,456.54998779296875,271.49595243002375,230.1199951171875,311.44000244140625,482.1993981667827,186.49000549316406,449.29998779296875,272.80472532736104,232.91000366210938,312.8500061035156,486.7290680267604,189.57000732421875,456.1000061035156,27293600,24383700,16377700,15601600,120100500,49078000
2026-01-02,270.75665283203125,226.5,315.1499938964844,471.8630065917969,188.85000610351562,438.07000732421875,277.58025431004916,235.4600067138672,322.5,483.5563186075122,192.92999267578125,458.3399963378906,268.7485221479618,224.6999969482422,310.3299865722656,469.0893385249197,188.25999450683594,435.29998779296875,272.0054842546519,231.33999633789062,316.8999938964844,483.2869444224563,189.83999633789062,457.79998779296875,37838100,51456200,32009400,25571600,148240500,85535400
2026-01-05,267.0101623535156,233.05999755859375,316.5400085449219,471.773193359375,188.1199951171875,451.6700134277344,271.25618925068443,234.0,319.0199890136719,474.9858617296903,193.6300048828125,457.54998779296875,265.89121426121545,227.17999267578125,314.6300048828125,468.4308161640092,186.14999389648438,444.57000732421875,270.38700744645297,228.83999633789062,317.6600036621094,472.98042932285466,191.75999450683594,447.989990234375,45647200,49733300,30195600,25250300,183529700,67940800
2026-01-06,262.1147155761719,240.92999267578125,314.3399963378906,477.4203186035156,187.24000549316406,432.9599914550781,267.2998660934885,243.17999267578125,320.94000244140625,477.64977534720424,192.1699981689453,448.25,261.8749496989937,232.07000732421875,311.7799987792969,468.68025764779384,186.82000732421875,428.7799987792969,266.7503924619391,232.10000610351562,316.3999938964844,472.72102257015473,190.52000427246094,446.3800048828125,52352100,53764700,31212100,23037700,176862600,89093800
2026-01-07,260.08660888671875,241.55999755859375,321.9800109863281,482.3690185546875,189.11000061035156,431.4100036621094,263.4334831315393,245.2899932861328,326.1499938964844,488.5848422406915,191.3699951171875,438.3699951171875,259.56710600115036,239.52000427246094,314.19000244140625,476.86159994291296,186.55999755859375,431.2900085449219,262.95395138764474,239.61000061035156,314.3599853515625,478.6674756822987,188.57000732421875,435.8999938964844,48309800,42236500,35104400,25564200,153543200,59828800
2026-01-08,258.7978515625,246.2899932861328,325.44000244140625,477.0212097167969,185.0399932861328,435.79998779296875,259.0476178563403,246.41000366210938,330.32000732421875,481.5608665012806,189.5500030517578,436.8900146484375,255.46096229095477,241.8800048828125,321.5,474.7763335277468,183.7100067138672,424.3699951171875,256.7797203952787,243.05999755859375,328.9700012207031,480.14408679814625,189.11000061035156,427.8900146484375,50419300,39509800,31896100,18162600,172457000,57041100
2026-01-09,259.1275329589844,247.3800048828125,328.57000732421875,478.1885681152344,184.86000061035156,445.010009765625,259.9667440583015,247.86000061035156,330.8299865722656,478.72734693664125,186.33999633789062,449.04998779296875,255.98048371428257,242.24000549316406,325.79998779296875,471.1247042989064,183.6699981689453,430.3900146484375,258.8377955175017,244.57000732421875,327.0899963378906,472.9804540365218,185.0800018310547,435.95001220703125,39997000,34560000,26214200,18491000,131327500,67331500
2026-01-12,260.0067138671875,246.47000122070312,331.8599853515625,476.09332275390625,184.94000244140625,448.9599914550781,261.05572011368304,248.94000244140625,334.0400085449219,479.89464390147504,187.1199951171875,454.29998779296875,256.5599267903311,245.9600067138672,325.0,474.59673866594744,183.02000427246094,438.0,258.9177364764393,246.72999572753906,325.79998779296875,475.5845048686955,183.22000122070312,441.2300109863281,45263800,35867800,33923900,23519900,137968500,61649600
2026-01-13,260.8059387207031,242.60000610351562,335.9700012207031,469.5981750488281,185.80999755859375,447.20001220703125,261.56523797230057,247.66000366210938,340.489990234375,474.6965236309785,188.11000061035156,451.80999755859375,258.148452318208,240.25,333.6199951171875,464.888922501957,183.39999389648438,443.95001220703125,258.4781303943212,246.52999877929688,334.95001220703125,473.5990225282599,185.0,450.20001220703125,45730800,38371800,33517600,28545800,160128900,53719200
2026-01-14,259.71697998046875,236.64999389648438,335.8399963378906,458.3338928222656,183.13999938964844,439.20001220703125,261.57525710051715,241.27999877929688,336.5199890136719,467.13381499707015,184.4600067138672,443.9100036621094,256.4700180914029,236.22000122070312,330.4800109863281,456.1289340170423,180.8000030517578,434.2200012207031,259.247418118488,241.14999389648438,335.05999755859375,465.39775666549855,184.32000732421875,442.80999755859375,40019400,41410600,28525600,28184300,159586100,57259500
2026-01-15,257.9685974121094,238.17999267578125,332.7799987792969,455.6200866699219,187.0500030517578,438.57000732421875,260.7959687899761,240.64999389648438,337.69000244140625,463.1927988881192,189.6999969482422,445.3599853515625,256.8096782083212,236.6300048828125,330.739990234375,454.8618076165624,186.3300018310547,437.6499938964844,260.40631875644857,239.30999755859375,337.6499938964844,463.0630900555096,186.5,441.1300048828125,39388600,43003600,28442400,23225800,206188600,49465800
2026-01-16,255.29112243652344,239.1199951171875,330.0,458.8127746582031,186.22999572753906,437.5,258.6579671912775,239.57000732421875,334.6499938964844,462.13520850615447,190.44000244140625,447.25,254.69167723491495,236.41000366210938,327.70001220703125,455.4404972994736,186.0800018310547,435.260009765625,257.6589020182799,239.08999633789062,334.4100036621094,456.78739866953146,189.0800018310547,439.5,72142800,45888300,40341600,34246700,187967200,60220600
2026-01-20,246.46937561035156,231.0,322.0,453.48492431640625,178.07000732421875,419.25,254.55180921698133,235.08999633789062,327.7300109863281,455.7597309230742,182.3800048828125,430.7300109863281,243.19244305608962,229.33999633789062,320.42999267578125,448.2568669541529,177.61000061035156,417.44000244140625,252.49373739571587,233.75999450683594,320.8699951171875,450.1924514863621,181.89999389648438,429.3599853515625,80267500,47737900,35361000,26130000,223345300,63187300
2026-01-21,247.41848754882812,231.30999755859375,328.3800048828125,443.0986328125,183.32000732421875,431.44000244140625,251.3248360900433,232.3000030517578,332.4800109863281,451.65911099901973,185.3800048828125,438.20001220703125,244.9507953165175,226.8800048828125,319.3500061035156,437.68100562513575,178.39999389648438,419.6199951171875,248.46750904444812,231.08999633789062,320.9200134277344,451.56931960591265,179.0500030517578,421.6600036621094,54641700,47276100,35386600,37980500,200381000,68124000
2026-01-22,248.1178436279297,234.33999633789062,330.5400085449219,450.1126403808594,184.83999633789062,449.3599853515625,250.76536025794266,235.72000122070312,335.1499938964844,451.8087507279656,186.1699981689453,449.5,247.9180183962477,230.89999389648438,328.75,443.6873036586902,183.92999267578125,432.6300048828125,248.96703988447874,234.0500030517578,334.45001220703125,446.600636936346,184.75,435.1600036621094,39708300,31913300,26253600,25349400,139636600,71546700
2026-01-23,247.80812072753906,239.16000366210938,327.92999267578125,464.888916015625,187.6699981689453,449.05999755859375,249.17685039145397,240.4499969482422,333.69000244140625,470.0271819611143,189.60000610351562,452.42999267578125,244.45126111041233,234.57000732421875,327.45001220703125,449.50401819491054,186.82000732421875,444.0400085449219,247.08880782235642,234.9600067138672,332.489990234375,450.8409629929935,187.5,447.42999267578125,41689000,33778500,27280000,38000200,142748100,56771400
2026-01-26,255.17123413085938,238.4199981689453,333.260009765625,469.20904541015625,186.47000122070312,435.20001220703125,256.32015295784896,240.9499969482422,335.8399963378906,473.1700058760031,189.1199951171875,445.0400085449219,249.5664780183616,237.5399932861328,327.0,460.94790240319116,185.99000549316406,434.2799987792969,251.24490015634893,239.97999572753906,327.80999755859375,464.25036221183507,187.16000366210938,445.0,55969200,32825500,26042100,29291200,124799600,49397400
2026-01-27,258.0285339355469,244.67999267578125,334.54998779296875,479.485595703125,188.52000427246094,430.8999938964844,261.70511669708895,244.8800048828125,337.9100036621094,481.7703893732875,190.0,437.5199890136719,257.96859246831417,238.0800018310547,333.4800109863281,472.0825097961169,185.6999969482422,430.69000244140625,258.92771692213245,239.69000244140625,335.3699951171875,472.62128861771004,187.24000549316406,437.4100036621094,49648300,38029200,21636200,29213900,143711600,37733100
2026-01-28,256.2002868652344,243.00999450683594,336.010009765625,480.533203125,191.52000427246094,431.4599914550781,258.61800761819165,247.77999877929688,337.5400085449219,482.63838346935967,192.35000610351562,438.260009765625,254.27208306792676,241.52999877929688,331.94000244140625,476.9114647448887,189.83999633789062,430.1000061035156,257.409147241713,246.3699951171875,336.05999755859375,482.10959164059926,191.27000427246094,431.9100036621094,41288000,40882700,27434400,36875400,148552700,54857400
2026-01-29,258.0385437011719,241.72999572753906,338.25,432.5128173828125,192.50999450683594,416.55999755859375,259.4072580677027,243.0,342.2900085449219,441.49232224197124,193.47999572753906,440.2300109863281,254.17216647920577,236.74000549316406,326.5400085449219,420.06122635013605,186.05999755859375,414.6199951171875,257.75880668092503,242.82000732421875,340.29998779296875,438.98802836564175,191.33999633789062,437.79998779296875,67253000,47229600,39785600,128855300,171764400,81686100
2026-01-30,259.2374267578125,239.3000030517578,338.0,429.31011962890625,191.1300048828125,430.4100036621094,261.6551472598355,243.32000732421875,340.0,438.5989157576861,194.49000549316406,439.8800048828125,251.94423313215475,237.63999938964844,332.2900085449219,425.47886802078926,189.47000122070312,422.70001220703125,254.93144331105526,239.88999938964844,340.0,438.1699022937122,191.2100067138672,425.3500061035156,92443400,46585000,31024000,58566800,179489500,82626100
2026-02-02,269.7575988769531,242.9600067138672,343.69000244140625,422.4058837890625,185.61000061035156,421.80999755859375,270.2371306501278,245.6300048828125,344.8299865722656,429.7590957240154,190.3000030517578,427.1499938964844,258.9676766447768,238.1699981689453,335.6300048828125,421.28843915961005,184.8800048828125,414.5,259.7869174093499,238.30999755859375,336.2200012207031,429.2602343395754,187.1999969482422,421.2900085449219,73913400,37546100,32006100,42219900,165794100,58739500
2026-02-03,269.22808837890625,238.6199951171875,339.7099914550781,410.2735595703125,180.33999633789062,421.9599914550781,271.6258386480508,246.35000610351562,349.0,421.0888704228976,186.27000427246094,428.55999755859375,267.3598109321867,235.4499969482422,337.4700012207031,407.6296003977664,176.22999572753906,413.69000244140625,268.9483513556569,244.97999572753906,347.3399963378906,421.0489834358989,186.24000549316406,424.2699890136719,64394700,53831300,36506700,61424100,204019600,56886500
2026-02-04,276.23150634765625,232.99000549316406,333.0400085449219,413.2467956542969,174.19000244140625,406.010009765625,278.68922850453845,238.86000061035156,343.30999755859375,418.84400576689177,179.5800018310547,423.8999938964844,272.03545112075,231.82000732421875,328.5199890136719,408.3080557741746,171.91000366210938,399.17999267578125,272.03545112075,238.86000061035156,342.9599914550781,410.0640575889883,179.4600067138672,420.4599914550781,90545700,51299900,70618400,45012400,207014100,74606900
2026-02-05,275.6520690917969,222.69000244140625,331.25,392.7735290527344,171.8800048828125,397.2099914550781,279.2387093202658,226.30999755859375,332.69000244140625,407.37018733348754,176.82000732421875,402.1000061035156,272.97458180817284,220.3800048828125,306.4599914550781,391.4265972483441,171.02999877929688,387.5299987792969,277.86999494352693,224.91000366210938,312.2200012207031,406.51216038211834,174.92999267578125,397.0199890136719,52977400,103509200,88205800,66289200,206312900,72819800
2026-02-06,277.8599853515625,210.32000732421875,322.8599853515625,400.22650146484375,185.41000366210938,411.1099853515625,280.6473855638201,211.44000244140625,330.3800048828125,400.87501513504304,187.0,414.54998779296875,276.67109542368036,200.30999755859375,319.9200134277344,392.0252195920243,174.60000610351562,397.75,276.8609202349588,202.6999969482422,327.17999267578125,398.2609865133262,176.69000244140625,400.8699951171875,50453400,179210900,56380500,53515300,231346200,62677100
2026-02-09,274.6199951171875,208.72000122070312,324.32000732421875,412.65814208984375,190.0399932861328,417.32000732421875,278.20001220703125,212.80999755859375,327.70001220703125,413.94521298339265,193.66000366210938,421.25,271.70001220703125,203.35000610351562,317.260009765625,399.9571203178888,183.9499969482422,407.2900085449219,277.9100036621094,208.97000122070312,320.92999267578125,403.9280678877113,184.25999450683594,409.9100036621094,44623400,91178400,39640100,45480500,196387400,54484300
2026-02-10,273.67999267578125,206.9600067138672,318.5799865722656,412.328857421875,188.5399932861328,425.2099914550781,275.3699951171875,212.64999389648438,321.6700134277344,422.7151545880433,192.47999572753906,427.25,272.94000244140625,206.41000366210938,314.6099853515625,411.76017861216997,188.1199951171875,417.0,274.8900146484375,208.8000030517578,320.9700012207031,418.66440278178237,191.3800048828125,418.0799865722656,34376900,67175000,39170000,44857900,136764800,64450200
2026-02-11,275.5,204.0800018310547,310.9599914550781,403.4491271972656,190.0500030517578,428.2699890136719,280.17999267578125,208.57000732421875,321.05999755859375,415.51159110220135,193.25999450683594,436.3500061035156,274.45001220703125,202.49000549316406,309.6600036621094,400.096793508188,188.77000427246094,420.0299987792969,274.70001220703125,208.05999755859375,318.9700012207031,415.2322299614449,192.4499969482422,427.9599914550781,51931300,65545500,45406400,42491000,144192700,57362000
2026-02-12,261.7300109863281,199.60000610351562,309.0,400.9248962402344,186.94000244140625,417.07000732421875,275.7200012207031,203.9600067138672,316.239990234375,405.2749831551046,193.61000061035156,436.2300109863281,260.17999267578125,197.55999755859375,307.20001220703125,397.1036315998776,186.50999450683594,414.0,275.5899963378906,203.9600067138672,312.0899963378906,404.07770370563327,193.02999877929688,430.29998779296875,81077200,83975400,47761300,40802400,189932500,61933400
2026-02-13,255.77999877929688,198.7899932861328,305.7200012207031,400.4060974121094,182.80999755859375,417.44000244140625,262.2300109863281,201.16000366210938,308.6300048828125,404.61648859375555,187.5,424.05999755859375,255.4499969482422,197.27999877929688,303.7099914550781,397.1435245648219,181.58999633789062,410.8800048828125,262.010009765625,198.8800048828125,307.7300109863281,403.528974460687,187.47999572753906,414.30999755859375,56290700,66321600,38499700,34091600,161888000,51434100
2026-02-17,263.8800048828125,201.14999389648438,302.0199890136719,395.95623779296875,184.97000122070312,410.6300048828125,266.2900085449219,201.74000549316406,304.44000244140625,399.60790672873594,187.14999389648438,413.7200012207031,255.5399932861328,196.0,296.25,393.6315571718042,179.17999267578125,400.510009765625,258.04998779296875,198.1300048828125,300.0400085449219,398.31087932693146,181.75,412.3599853515625,58469100,69879200,39247600,32078800,162276900,59678800
2026-02-18,264.3500061035156,204.7899932861328,303.3299865722656,398.69000244140625,187.97999572753906,411.32000732421875,266.82000732421875,206.86000061035156,305.3800048828125,401.6432531481791,190.3699951171875,416.8999938964844,262.45001220703125,201.50999450683594,301.25,395.41747315874426,186.75999450683594,409.5799865722656,263.6000061035156,202.07000732421875,302.0899963378906,397.2233488345012,188.75,411.1099853515625,34203300,51003300,28482100,23223400,164749100,45921400
2026-02-19,260.5799865722656,204.86000061035156,302.8500061035156,398.4599914550781,187.89999389648438,411.7099914550781,264.4800109863281,205.63999938964844,305.4700012207031,404.42999267578125,188.42999267578125,415.25,260.04998779296875,202.80999755859375,300.0400085449219,396.6700134277344,185.66000366210938,404.1099853515625,262.6000061035156,203.8000030517578,301.82000732421875,400.69000244140625,187.05999755859375,407.25,30845300,35669600,25834400,28234000,126554500,51019600
2026-02-20,264.5799865722656,210.11000061035156,314.9800109863281,397.2300109863281,189.82000732421875,411.82000732421875,264.75,211.1699981689453,316.5,400.1199951171875,190.3300018310547,414.70001220703125,258.1600036621094,203.75,303.8999938964844,395.1600036621094,185.94000244140625,405.5,258.9700012207031,204.75999450683594,304.32000732421875,396.1099853515625,186.57000732421875,408.29998779296875,42070500,65881600,53210800,34015200,178422300,57912200
2026-02-23,266.17999267578125,205.27000427246094,311.489990234375,384.4700012207031,191.5500030517578,399.8299865722656,269.42999267578125,208.42999267578125,319.5199890136719,395.3599853515625,193.9499969482422,407.70001220703125,263.3800048828125,203.11000061035156,309.8699951171875,383.1000061035156,189.5800018310547,394.0400085449219,263.489990234375,208.10000610351562,319.04998779296875,395.0,191.39999389648438,407.2900085449219,37266000,53491300,31384900,43133000,171079800,69480900
