Date,Ticker,Close,High,Low,Open,Volume
2021-02-24,AAPL,122.09033203125,122.29487019049711,119.05147088701199,121.69099774824254,111039900
2021-02-24,AMZN,157.97650146484375,158.56149291992188,156.2689971923828,158.33749389648438,60226000
2021-02-24,GOOGL,103.4091567993164,103.63296773706675,100.61626404849291,100.74081884482054,22608000
2021-02-24,MSFT,225.06472778320312,225.68843572381107,219.73916858564397,220.70831859965355,26339700
2021-02-24,NVDA,14.458340644836426,14.466069421564784,13.717424178877225,14.08314643202328,448320000
2021-02-24,TSLA,247.33999633789062,248.3333282470703,231.38999938964844,237.28334045410156,110301000
2021-02-25,AAPL,117.84371185302734,123.17146835413952,117.4054168564186,121.43775757680415,148199500
2021-02-25,AMZN,152.85800170898438,158.91299438476562,152.38800048828125,156.83700561523438,90676000
2021-02-25,GOOGL,100.04161071777344,103.36897091511271,99.57215821309238,102.02562057484711,41548000
2021-02-25,MSFT,219.7295684814453,225.1030937109058,218.66445668933272,222.69460427185766,39542200
2021-02-25,NVDA,13.270181655883789,14.33443901715153,13.179188080871866,14.00611199836621,824436000
2021-02-25,TSLA,227.4066619873047,245.73666381835938,223.52667236328125,242.0500030517578,117071700
2021-02-26,AAPL,118.10669708251953,121.60333738053185,118.04825229910983,119.40210545733144,164560400
2021-02-26,AMZN,154.64649963378906,156.1219940185547,151.8350067138672,154.75999450683594,85518000
2021-02-26,GOOGL,100.33737182617188,102.0548939056203,99.30021020364278,100.73635761176493,40042000
2021-02-26,MSFT,222.98248291015625,225.85155697990797,220.25732229386043,222.16685132625005,37819200
2021-02-26,NVDA,13.676042556762695,13.815649363507847,13.323533467731098,13.71393515359349,500932000
2021-02-26,TSLA,225.1666717529297,235.56666564941406,219.836669921875,233.3333282470703,123267600
2021-03-01,AAPL,124.46688079833984,124.60323956834041,119.59690349547498,120.53193824590555,116307900
2021-03-01,AMZN,157.3070068359375,157.47799682617188,154.89950561523438,156.39450073242188,54582000
2021-03-01,GOOGL,102.70697784423828,103.03301325641854,100.95819013474573,101.63209913010583,26060000
2021-03-01,MSFT,227.35804748535156,227.86661288751642,223.7213085056627,226.36009733043844,25324000
2021-03-01,NVDA,13.802933692932129,13.885950280412095,13.515242901527062,13.836090305328044,353184000
2021-03-01,TSLA,239.47666931152344,239.6666717529297,228.35000610351562,230.0366668701172,81408600
2021-03-02,AAPL,121.86632537841797,125.37270785746594,121.75918527388905,125.07077161615514,102260900
2021-03-02,AMZN,154.72650146484375,158.17599487304688,154.3560028076172,157.17349243164062,51916000
2021-03-02,GOOGL,102.44992065429688,103.95157512845779,102.06235368431534,102.46778343065205,25564000
2021-03-02,MSFT,224.41221618652344,227.7035134807684,224.00920288060502,227.42523297605322,22812500
2021-03-02,NVDA,13.36865520477295,13.881462909178813,13.358433857283094,13.861020214199105,264116000
2021-03-02,TSLA,228.81333923339844,240.3699951171875,228.3333282470703,239.42666625976562,71196600
2021-03-03,AAPL,118.88589477539062,122.44098002866822,118.6716145648539,121.56438254510716,112966300
2021-03-03,AMZN,150.25,155.38900756835938,149.75,154.0590057373047,79774000
2021-03-03,GOOGL,99.81632232666016,103.02110427360444,98.95234399009125,101.82812222319419,33892000
2021-03-03,MSFT,218.35736083984375,224.13391321847823,218.06949005706758,222.7713404645017,34029500
2021-03-03,NVDA,12.768841743469238,13.413777543276217,12.762858052083374,13.388598869860433,377592000
2021-03-03,TSLA,217.73333740234375,233.56666564941406,217.23666381835938,229.3300018310547,90624000
2021-03-04,AAPL,117.006103515625,120.38586986301316,115.53537532437929,118.58397926186606,178155000
2021-03-04,AMZN,148.8784942626953,152.906494140625,147.27149963378906,150.60000610351562,109632000
2021-03-04,GOOGL,100.93387603759766,102.95162763201309,99.51955914782164,99.98801971974596,49216000
2021-03-04,MSFT,217.5609588623047,223.0880319063651,215.19084531714768,217.5705638296597,44727800
2021-03-04,NVDA,12.335559844970703,12.938614575428367,12.049863300020087,12.764852623838904,573344000
2021-03-04,TSLA,207.14666748046875,222.81666564941406,200.0,218.60000610351562,197758500
2021-03-05,AAPL,118.26252746582031,118.76900926850234,114.51264641529035,117.83397451469976,153766600
2021-03-05,AMZN,150.0229949951172,150.4499969482422,144.0500030517578,150.25,107772000
2021-03-05,GOOGL,104.06719207763672,104.52026594581169,100.62867233193391,102.28466284780541,53100000
2021-03-05,MSFT,222.2340087890625,223.8364715609729,217.30187304022164,220.23812306789688,41872800
2021-03-05,NVDA,12.426553726196289,12.514805563806275,11.646497027872458,12.514805563806275,542840000
2021-03-05,TSLA,199.31666564941406,209.27999877929688,179.8300018310547,208.68666076660156,268189500
2021-03-08,AAPL,113.33413696289062,117.85347628547363,113.18803612592406,117.78529688568887,154376600
2021-03-08,AMZN,147.59750366210938,153.22950744628906,147.5655059814453,150.75,83700000
2021-03-08,GOOGL,99.62227630615234,104.89443749241916,99.50764106068317,103.4215726006688,36868000
2021-03-08,MSFT,218.19427490234375,223.9324376851917,217.9447946567308,222.01331832648629,35267400
2021-03-08,NVDA,11.560739517211914,12.436276664198935,11.534063968796627,12.41508648345778,543112000
2021-03-08,TSLA,187.6666717529297,206.7100067138672,186.26333618164062,200.18333435058594,155361000
2021-03-09,AAPL,117.94112396240234,118.88590088596752,115.70093853482196,115.93469539878758,129525800
2021-03-09,AMZN,153.1425018310547,154.54800415039062,150.25750732421875,150.89950561523438,80600000
2021-03-09,GOOGL,101.25296020507812,102.42212772357182,101.01674600755987,101.71894467377746,33920000
2021-03-09,MSFT,224.3258056640625,225.86110663126547,222.30113465139974,223.4622080210828,33080500
2021-03-09,NVDA,12.489448547363281,12.585710586701868,12.029582238014875,12.100407665853615,521824000
2021-03-09,TSLA,224.52667236328125,226.02999877929688,198.40333557128906,202.72666931152344,202569900
2021-03-10,AAPL,116.86001586914062,118.99306155445927,116.34379186849473,118.52554774575847,111943300
2021-03-10,AMZN,152.8820037841797,155.822998046875,151.50250244140625,154.92250061035156,60250000
2021-03-10,GOOGL,101.04602813720703,102.29707365898807,100.20934752586386,102.29707365898807,27100000
2021-03-10,MSFT,223.02081298828125,227.41559717164208,222.65617569987222,227.41559717164208,29746800
2021-03-10,NVDA,12.437580108642578,12.94807054401496,12.426856734806337,12.808914029530401,384376000
2021-03-10,TSLA,222.68666076660156,239.28334045410156,218.35333251953125,233.43333435058594,181817100
2021-03-11,AAPL,118.78849029541016,120.00598467048323,118.10669641776761,119.35340946888309,103026500
2021-03-11,AMZN,155.67950439453125,156.58900451660156,154.14649963378906,155.20050048828125,55528000
2021-03-11,GOOGL,104.23939514160156,104.77187091897011,102.05142854718905,102.13926584834769,27702000
2021-03-11,MSFT,227.54034423828125,229.49783913564707,224.83437947593785,225.4581019231332,29907600
2021-03-11,NVDA,12.96153450012207,13.014155316080448,12.703171840009764,12.918141567568973,299916000
2021-03-11,TSLA,233.1999969482422,234.1666717529297,225.72666931152344,233.13333129882812,108761700
2021-03-12,AAPL,117.8826675415039,118.01902630934984,116.06130081484937,117.26905308619719,88105100
2021-03-12,AMZN,154.47450256347656,154.94900512695312,152.27499389648438,153.75,48438000
2021-03-12,GOOGL,101.73135375976562,103.10150219473942,100.85894755075073,103.04195455710017,33818000
2021-03-12,MSFT,226.21617126464844,226.28334746335574,223.79807702037834,224.54653232236623,22653700
2021-03-12,NVDA,12.824374198913574,12.857043763325269,12.559028764148305,12.617134944070317,243964000
2021-03-12,TSLA,231.2433319091797,231.6266632080078,222.04666137695312,223.3333282470703,100751400
2021-03-15,AAPL,120.76571655273438,120.77545858975141,117.28855243734995,118.25281346511821,92403800
2021-03-15,AMZN,154.08399963378906,154.11199951171875,151.60450744628906,153.72850036621094,58272000
2021-03-15,GOOGL,101.95167541503906,101.97896555456512,100.62917132551493,101.48222292330844,26168000
2021-03-15,MSFT,225.314208984375,225.6788463527636,222.43552990775498,225.45815172323736,26034900
2021-03-15,NVDA,13.158798217773438,13.174260154911902,12.735841507996014,12.83310149724649,221988000
2021-03-15,TSLA,235.97999572753906,237.72666931152344,228.01333618164062,231.3633270263672,88006800
2021-03-16,AAPL,122.30462646484375,123.91172068145192,121.47673169598399,122.43124321692929,115227900
2021-03-16,AMZN,154.59300231933594,156.44549560546875,153.79299926757812,155.24850463867188,50776000
2021-03-16,GOOGL,103.41313934326172,104.89146380814894,102.19235989786293,102.52484679250944,31900000
2021-03-16,MSFT,228.09690856933594,230.35186474160002,226.39848405501235,226.72473079014074,28092200
2021-03-16,NVDA,13.258553504943848,13.479258807224893,13.084482313956556,13.32364243314881,272128000
2021-03-16,TSLA,225.6266632080078,235.97332763671875,223.6666717529297,234.4499969482422,96587100
2021-03-17,AAPL,121.51566314697266,122.58705655635659,119.15858872913417,120.82412733336126,111932600
2021-03-17,AMZN,156.7864990234375,158.65249633789062,153.51100158691406,153.66099548339844,62372000
2021-03-17,GOOGL,103.33026885986328,104.16297408675445,101.43955571786044,102.64792444093051,26382000
2021-03-17,MSFT,227.4540252685547,228.90296978894895,223.7981051474322,226.6000177196356,29562100
2021-03-17,NVDA,13.308426856994629,13.420150815607716,12.957541896819428,13.007668319701601,243864000
2021-03-17,TSLA,233.93666076660156,234.57666015625,217.00332641601562,218.9566650390625,121117500
2021-03-18,AAPL,117.39567565917969,119.97676520351848,117.1911374972353,119.68456358302885,121229700
2021-03-18,AMZN,151.39950561523438,155.8314971923828,151.25,155.0500030517578,72992000
2021-03-18,GOOGL,100.30908966064453,102.66181170828624,100.20189786741744,101.64102114164612,31700000
2021-03-18,MSFT,221.3896026611328,224.719275803559,221.01537498492127,223.15518889547872,34833000
2021-03-18,NVDA,12.691201210021973,13.151566040742917,12.685714900401814,13.104183238028991,293896000
2021-03-18,TSLA,217.72000122070312,229.7433319091797,217.3333282470703,228.09666442871094,99674400
2021-03-19,AAPL,116.86973571777344,118.27229182875169,116.5677994448256,116.78207967633583,185549500
2021-03-19,AMZN,153.7480010986328,153.864501953125,150.8314971923828,151.4615020751953,92508000
2021-03-19,GOOGL,100.58798217773438,101.08820045745158,99.39549239049998,100.72544755239356,46072000
2021-03-19,MSFT,221.03456115722656,223.06882283713475,220.07500155097284,221.67746433641042,46430700
2021-03-19,NVDA,12.814146041870117,12.889710027684677,12.58147023108672,12.718631755835021,299208000
2021-03-19,TSLA,218.2899932861328,219.07666015625,208.2066650390625,215.53334045410156,128682000
2021-03-22,AAPL,120.18131256103516,120.64883370339138,117.13270910784668,117.20088850037816,111912300
2021-03-22,AMZN,155.5435028076172,156.32899475097656,153.00250244140625,153.3925018310547,58044000
2021-03-22,GOOGL,100.77307891845703,101.6489606264983,99.944833798889,100.62122640768891,33536000
2021-03-22,MSFT,226.4464569091797,227.31964494665482,220.8330278477673,220.95777527099935,30127000
2021-03-22,NVDA,13.153810501098633,13.36154823506086,12.874998085903743,12.880983842945088,297804000
2021-03-22,TSLA,223.3333282470703,233.2066650390625,222.9166717529297,228.19667053222656,118536600
2021-03-23,AAPL,119.35340881347656,121.00919818208511,118.9638091293934,120.12286614601692,95467100
2021-03-23,AMZN,156.875,159.10000610351562,156.04249572753906,156.35000610351562,76346000
2021-03-23,GOOGL,101.30109405517578,102.43155255458386,100.6395958801365,101.23261124865263,28510000
2021-03-23,MSFT,227.97215270996094,231.30182541849308,227.48278262536803,227.88579586710034,31638400
2021-03-23,NVDA,13.038596153259277,13.311672080567098,12.989217459153739,13.221644080605948,222048000
2021-03-23,TSLA,220.72000122070312,225.93333435058594,219.1699981689453,225.2566680908203,91475700
2021-03-24,AAPL,116.9671401977539,119.70407317138026,116.94766355336753,119.62615173183985,88530500
2021-03-24,AMZN,154.35350036621094,158.0155029296875,154.25750732421875,157.552001953125,59180000
2021-03-24,GOOGL,100.8644027709961,102.6047475271792,100.6892203526668,101.81868694086641,25218000
2021-03-24,MSFT,225.93792724609375,228.37520237530592,225.80358947742405,228.2312742809165,25620100
2021-03-24,NVDA,12.611896514892578,13.126877093413306,12.605662461359328,13.118896401350066,245840000
2021-03-24,TSLA,210.08999633789062,222.67333984375,210.0366668701172,222.6366729736328,101385600
2021-03-25,AAPL,117.4541244506836,118.49630686413842,115.9054750318424,116.43143354135354,98844700
2021-03-25,AMZN,152.31300354003906,155.48899841308594,151.85699462890625,153.64950561523438,71270000
2021-03-25,GOOGL,100.86092376708984,101.51497849194996,99.05605651294476,100.69170066123667,35616000
2021-03-25,MSFT,222.94412231445312,227.3581032886887,222.20527180420694,225.7844257889711,34061900
2021-03-25,NVDA,12.504414558410645,12.683473589194353,12.241812721834071,12.468753062140545,295144000
2021-03-25,TSLA,213.4633331298828,215.1666717529297,203.1666717529297,204.3333282470703,117674700
2021-03-26,AAPL,118.0580062866211,118.32098926109825,115.82755546141085,117.22036947257719,94071200
2021-03-26,AMZN,152.60150146484375,152.83299255371094,149.8000030517578,152.2030029296875,66258000
2021-03-26,GOOGL,100.47732543945312,101.20482275574092,99.44114815336599,100.82767512282554,27978000
2021-03-26,MSFT,226.9166259765625,227.1373352031275,222.18600467967124,222.18600467967124,25479900
2021-03-26,NVDA,12.807666778564453,12.824625158720412,12.343062719870046,12.523617240601553,363968000
2021-03-26,TSLA,206.23666381835938,214.60667419433594,199.9633331298828,213.9566650390625,101558400
2021-03-29,AAPL,118.23332977294922,119.39238695881983,117.59049651669116,118.48657071923124,80819200
2021-03-29,AMZN,153.7864990234375,154.5625,151.42250061035156,152.77200317382812,54920000
2021-03-29,GOOGL,101.52242279052734,101.6921456617526,99.52055008099022,100.34978722521926,26492000
2021-03-29,MSFT,225.726806640625,227.22371728101677,222.50268578373593,227.02220332170978,25227500
2021-03-29,NVDA,12.916394233703613,13.030363335870426,12.668754976475395,12.788708883498062,273520000
2021-03-29,TSLA,203.76333618164062,205.4933319091797,198.67333984375,205.2133331298828,85911000
2021-03-30,AAPL,116.78206634521484,117.26906411360106,115.76911009525196,116.98660451621751,85671900
2021-03-30,AMZN,152.76449584960938,153.64999389648438,151.6999969482422,153.50050354003906,46752000
2021-03-30,GOOGL,101.55616760253906,102.36009090991652,101.04403828817071,101.87922713070152,27312000
2021-03-30,MSFT,222.47390747070312,224.3930267427671,221.7542377436791,224.08596063121217,24792000
2021-03-30,NVDA,12.840085983276367,12.943331743491743,12.673746226037142,12.810409296247041,200204000
2021-03-30,TSLA,211.8733367919922,212.55332946777344,197.00332641601562,200.5833282470703,118297200
2021-03-31,AAPL,118.97355651855469,120.30792565051348,117.9995609800172,118.48655874928595,118323800
2021-03-31,AMZN,154.70399475097656,155.9665069580078,153.125,153.2030029296875,61878000
2021-03-31,GOOGL,102.35265350341797,103.53075620217572,101.58247178886016,101.94969987021643,42570000
2021-03-31,MSFT,226.23536682128906,229.4307019873928,222.9920507477263,223.49102583020917,43623500
2021-03-31,NVDA,13.315415382385254,13.43736426710358,12.950564769063268,12.983483585628845,314776000
2021-03-31,TSLA,222.64332580566406,224.0,213.70333862304688,215.5399932861328,100011900
2021-04-01,AAPL,119.80143737792969,120.95075227765696,119.3046976300742,120.44427792585978,75089100
2021-04-01,AMZN,158.0500030517578,158.1219940185547,155.77749633789062,155.89700317382812,58806000
2021-04-01,GOOGL,105.69042205810547,105.98668362413873,103.78730590753311,103.82799880608552,39880000
2021-04-01,MSFT,232.54925537109375,233.0194301648767,228.42314650954665,228.82615975066759,30338000
2021-04-01,NVDA,13.77777099609375,13.83587716537541,13.47800941308957,13.538860163952092,308276000
2021-04-01,TSLA,220.5833282470703,230.80667114257812,219.80667114257812,229.4566650390625,105895200
2021-04-05,AAPL,122.62602996826172,122.87927086868106,119.86962103149284,120.64882037232358,88651200
2021-04-05,AMZN,161.3365020751953,161.79800415039062,158.06199645996094,158.64999389648438,66698000
2021-04-05,GOOGL,110.1159896850586,110.61373186270573,106.45614255746916,106.55241526747184,48510000
2021-04-05,MSFT,238.9975128173828,239.85152026219762,232.88510830575663,232.94267953817064,36910600
2021-04-05,NVDA,13.953089714050293,13.979524270576526,13.699215418219154,13.833385038729487,255672000
2021-04-05,TSLA,230.35000610351562,236.05332946777344,228.23333740234375,235.90333557128906,125528400
2021-04-06,AAPL,122.92799377441406,123.82406801579717,122.38255857200649,123.21045341308864,80171300
2021-04-06,AMZN,161.1909942626953,162.36549377441406,160.8520050048828,161.1875,50756000
2021-04-06,GOOGL,109.63462829589844,110.56460573116816,109.26393216477742,109.7170060552788,35240000
2021-04-06,MSFT,237.8364715576172,239.3141870764356,236.89610713655097,237.59658162885503,22931900
2021-04-06,NVDA,13.827400207519531,14.019676015663661,13.739617343870526,13.96531045972212,191744000
2021-04-06,TSLA,230.5399932861328,232.18333435058594,227.1233367919922,230.10000610351562,84815400
2021-04-07,AAPL,124.57405090332031,124.5935275475856,121.88582070386657,122.55788011147936,83466700
2021-04-07,AMZN,163.96949768066406,165.1804962158203,161.1824951171875,161.69000244140625,66924000
2021-04-07,GOOGL,111.11196899414062,111.38341654754359,109.82519037364484,109.82519037364484,24134000
2021-04-07,MSFT,239.79391479492188,240.78225991518588,237.1935167319145,237.78843894053895,22719800
2021-04-07,NVDA,14.1087064743042,14.208459897547266,13.677769060228261,13.846602230892788,251284000
2021-04-07,TSLA,223.6566619873047,230.4600067138672,222.6133270263672,229.0,78928200
2021-04-08,AAPL,126.97005462646484,126.99927330265552,125.17790646414029,125.59671739753477,88844600
2021-04-08,AMZN,164.96499633789062,166.22500610351562,164.60000610351562,165.5449981689453,56242000
2021-04-08,GOOGL,111.67770385742188,112.73769574092296,111.30948379590893,112.35111313829853,28664000
2021-04-08,MSFT,243.00843811035156,243.8624454611813,241.808988761337,242.54785366001036,23625200
2021-04-08,NVDA,14.281778335571289,14.435898249089426,14.2139448346701,14.217686408200958,244416000
2021-04-08,TSLA,227.93333435058594,229.85000610351562,223.88333129882812,225.7933349609375,71772900
2021-04-09,AAPL,129.5413818359375,129.58033511074808,126.1031794318075,126.42459968145573,106686700
2021-04-09,AMZN,168.61000061035156,168.61000061035156,164.44500732421875,165.23500061035156,86830000
2021-04-09,GOOGL,112.68209075927734,112.84585430068906,111.02411646911484,111.43005347801764,26146000
2021-04-09,MSFT,245.5033416748047,245.63767943978883,242.23123976274744,242.64384338315648,24326800
2021-04-09,NVDA,14.364575386047363,14.372556078838363,14.14012946049153,14.179033078443032,195172000
2021-04-09,TSLA,225.67333984375,226.99000549316406,223.14332580566406,225.92333984375,64311300
2021-04-12,AAPL,127.82720184326172,129.3953355248616,127.2330638679476,129.0739151583479,91420000
2021-04-12,AMZN,168.96949768066406,169.7519989013672,167.5574951171875,167.760498046875,65636000
2021-04-12,GOOGL,111.38937377929688,111.99826800652428,110.5556690671648,111.86081020287733,25024000
2021-04-12,MSFT,245.5609130859375,247.24974743747651,244.3230729403919,244.4094444364362,27148700
2021-04-12,NVDA,15.171585083007812,15.314732396380426,14.104466864397924,14.254596927138556,869324000
2021-04-12,TSLA,233.9933319091797,234.93333435058594,227.3633270263672,228.56666564941406,87407100
2021-04-13,AAPL,130.93421936035156,131.15824904554103,128.49923039780398,128.99597765783932,91266500
2021-04-13,AMZN,170.0,171.60000610351562,169.781494140625,170.04249572753906,66316000
2021-04-13,GOOGL,111.8761978149414,112.32481171879675,111.31146450496534,111.70549055106234,25682000
2021-04-13,MSFT,248.03652954101562,248.70823291456193,246.44365723287845,246.85629007953642,23837500
2021-04-13,NVDA,15.6409273147583,15.661377066442782,15.088539527921586,15.194029461631905,676212000
2021-04-13,TSLA,254.10667419433594,254.3333282470703,236.8866729736328,237.56666564941406,133958400
2021-04-14,AAPL,128.59664916992188,131.48941754486856,128.2362755221187,131.43098018165665,87222800
2021-04-14,AMZN,166.64999389648438,170.2064971923828,166.3000030517578,170.20199584960938,62904000
2021-04-14,GOOGL,111.2548828125,112.52131494179199,110.96259662557597,112.52131494179199,21002000
2021-04-14,MSFT,245.2538604736328,248.3628245342874,244.84125683021273,247.06744236464007,23070900
2021-04-14,NVDA,15.239418983459473,15.681827538993751,15.19004028928494,15.586562476746503,385500000
2021-04-14,TSLA,244.07666015625,260.2633361816406,242.67666625976562,256.8999938964844,147052200
2021-04-15,AAPL,131.0023956298828,131.48939338315375,130.1647588997771,130.34008581919048,89347100
2021-04-15,AMZN,168.95449829101562,169.85000610351562,167.60000610351562,168.5500030517578,64672000
2021-04-15,GOOGL,113.40562438964844,113.93909964977729,111.71440816514466,112.24936757265024,29174000
2021-04-15,MSFT,249.00572204589844,249.41832565556072,247.30731205606156,247.49920641050562,25627500
2021-04-15,NVDA,16.097551345825195,16.174361581809492,15.593044896398382,15.623968769706602,598480000
2021-04-15,TSLA,246.28334045410156,247.89666748046875,240.43666076660156,247.6999969482422,83546700
2021-04-16,AAPL,130.67124938964844,131.16798178060714,129.81412853121648,130.8076081751269,84922400
2021-04-16,AMZN,169.9720001220703,170.33999633789062,167.7794952392578,169.0,63720000
2021-04-16,GOOGL,113.28157043457031,113.85176324145186,112.69450680826098,113.60363801209377,26282000
2021-04-16,MSFT,250.19558715820312,250.44508205125322,247.18258492336514,248.97695687953168,24878600
2021-04-16,NVDA,15.8733549118042,16.125982027135557,15.826220403097025,16.01350839262557,335208000
2021-04-16,TSLA,246.5933380126953,249.80332946777344,241.53334045410156,242.88333129882812,83938500
2021-04-19,AAPL,131.33355712890625,131.9471790846723,129.87256379574342,130.0381412567294,94264200
2021-04-19,AMZN,168.60049438476562,171.79649353027344,168.00799560546875,169.51649475097656,54508000
2021-04-19,GOOGL,113.62944793701172,114.34057420260662,112.65779320044837,112.65779320044837,30290000
2021-04-19,MSFT,248.27647399902344,250.90568755956681,247.39369545031107,249.66784731433955,23209300
2021-04-19,NVDA,15.323957443237305,15.768611067379295,15.195524339740611,15.49827785931113,404420000
2021-04-19,TSLA,238.2100067138672,241.8000030517578,230.60000610351562,239.86666870117188,119058600
2021-04-20,AAPL,129.64857482910156,132.00564275979164,128.38237738217003,131.50891027779352,94812300
2021-04-20,AMZN,166.7344970703125,169.14950561523438,165.8000030517578,168.67999267578125,52460000
2021-04-20,GOOGL,113.09597778320312,114.08797894990056,112.00968781654448,114.01304464501652,22288000
2021-04-20,MSFT,247.81585693359375,249.67740478959612,246.45326949789063,247.39364839202,19722900
2021-04-20,NVDA,15.133926391601562,15.458874387907025,14.926188677668558,15.285551919658973,334132000
2021-04-20,TSLA,239.663330078125,245.75,236.89666748046875,239.13999938964844,106827000
2021-04-21,AAPL,130.02841186523438,130.27191076385841,127.88562452974153,128.9180574819885,68847100
2021-04-21,AMZN,168.1009979248047,168.14300537109375,165.1905059814453,165.8000030517578,44224000
2021-04-21,GOOGL,113.063232421875,113.14511042002438,111.39929855085491,112.75059219366896,23204000
2021-04-21,MSFT,250.04202270507812,250.1379845198546,246.84670218540677,248.4683602197952,24030400
2021-04-21,NVDA,15.322710990905762,15.32470592597656,15.06509609224263,15.0815550200728,216776000
2021-04-21,TSLA,248.0399932861328,248.27999877929688,232.6666717529297,234.92333984375,93646500
2021-04-22,AAPL,128.5089874267578,130.66150947358742,127.99277092528317,129.58037371612286,84566500
2021-04-22,AMZN,165.45199584960938,168.64349365234375,165.07249450683594,168.58399963378906,51612000
2021-04-22,GOOGL,111.78141021728516,113.58577771200164,111.17598403868455,112.9168285050062,24146000
2021-04-22,MSFT,246.7699432373047,251.19349872251507,245.30180365019515,249.6869831956242,25606200
2021-04-22,NVDA,14.813714981079102,15.400517901418528,14.747128677340898,15.33717372365206,277788000
2021-04-22,TSLA,239.89666748046875,251.2566680908203,239.34666442871094,247.1666717529297,106770900
2021-04-23,AAPL,130.82708740234375,131.60627194079382,128.72325347974677,128.72325347974677,78657500
2021-04-23,AMZN,167.04400634765625,168.75,165.4250030517578,165.9550018310547,63856000
2021-04-23,GOOGL,114.13414764404297,114.44132836140675,112.21465244876855,112.49999499252134,29066000
2021-04-23,MSFT,250.58900451660156,250.93446122870813,246.86590827372385,247.45125490577422,21462600
2021-04-23,NVDA,15.22769832611084,15.29727657658135,14.86359643923154,14.897512245071516,227500000
2021-04-23,TSLA,243.13333129882812,245.7866668701172,238.48666381835938,239.93333435058594,85110000
2021-04-26,AAPL,131.2166748046875,131.54782970744535,130.0868364590517,131.32381490404939,66905100
2021-04-26,AMZN,170.4499969482422,171.42250061035156,166.5469970703125,167.39999389648438,97614000
2021-04-26,GOOGL,114.63038635253906,115.35491539207553,114.0046137037265,114.36191465854154,32038000
2021-04-26,MSFT,250.97280883789062,251.82683096234217,249.6486411501395,251.07837562429333,19763300
2021-04-26,NVDA,15.439921379089355,15.440919322295558,15.087790126519275,15.147642935688191,197796000
2021-04-26,TSLA,246.06666564941406,249.76666259765625,244.20333862304688,247.0,93115500
2021-04-27,AAPL,130.895263671875,131.88874331170373,130.62254610203854,131.49913616765673,66015800
2021-04-27,AMZN,170.8715057373047,173.0,169.90049743652344,172.17349243164062,76542000
2021-04-27,GOOGL,113.68998718261719,115.05318417666454,113.45078956312143,115.01249127701054,44386000
2021-04-27,MSFT,251.3757781982422,252.54644184227783,249.6005874444316,251.00153597469426,31014200
2021-04-27,NVDA,15.34390926361084,15.631948601560827,15.316726012485972,15.540174924345006,164572000
2021-04-27,TSLA,234.913330078125,241.3333282470703,234.4499969482422,239.32000732421875,88311000
2021-04-28,AAPL,130.10635375976562,131.5089100143574,129.619355885921,130.81736649421998,107760100
2021-04-28,AMZN,172.9250030517578,174.49400329589844,171.25,171.74000549316406,92638000
2021-04-28,GOOGL,117.06747436523438,120.65734705575763,116.77865622813731,118.72792498547076,81106000
2021-04-28,MSFT,244.26547241210938,246.1654108297521,242.72058097809375,245.7239923604383,46903100
2021-04-28,NVDA,15.239168167114258,15.494040417919788,15.178069111051128,15.32670273224523,209416000
2021-04-28,TSLA,231.46665954589844,236.1666717529297,231.1999969482422,232.1366729736328,66813000
2021-04-29,AAPL,130.00894165039062,133.50559750247544,129.00572727008065,132.92119413868548,151101000
2021-04-29,AMZN,173.5655059814453,175.72250366210938,171.75,175.2550048828125,153648000
2021-04-29,GOOGL,118.74082946777344,119.30655470794439,117.80241660635883,118.56565462462966,41234000
2021-04-29,MSFT,242.29840087890625,245.74323113487725,238.93035179332017,245.12911354726194,40589000
2021-04-29,NVDA,15.287049293518066,15.39852402553531,15.034422195968673,15.362113842578646,173196000
2021-04-29,TSLA,225.6666717529297,234.0833282470703,222.8333282470703,233.1699981689453,86536200
2021-04-30,AAPL,128.04144287109375,130.08682431063778,127.66158525646483,128.3531136734093,109839500
2021-04-30,AMZN,173.37100219726562,177.6999969482422,173.125,176.25599670410156,140186000
2021-04-30,GOOGL,116.79254913330078,118.19941495111625,116.44815119189317,117.51310274370631,44856000
2021-04-30,MSFT,241.98175048828125,242.84536297608295,239.5060994250514,239.64043719314697,30945100
2021-04-30,NVDA,14.972576141357422,15.327201831127287,14.96010708165607,15.13717115419707,201912000
2021-04-30,TSLA,236.47999572753906,238.49000549316406,222.04666137695312,222.52999877929688,122276100
2021-05-03,AAPL,129.09336853027344,130.58359545105438,128.401839986388,128.60637073689202,75135100
2021-05-03,AMZN,169.32449340820312,174.33250427246094,168.63499450683594,174.2364959716797,117510000
2021-05-03,GOOGL,116.27544403076172,118.18451947822223,115.89928838902377,117.35875804326757,28242000
2021-05-03,MSFT,241.67469787597656,244.0640067134721,240.96461845267157,243.1524133181081,19626600
2021-05-03,NVDA,14.800250053405762,15.209241257751458,14.751121563712845,15.08779089742156,203912000
2021-05-03,TSLA,228.3000030517578,235.3333282470703,226.8333282470703,234.60000610351562,81129300
2021-05-04,AAPL,124.52532958984375,128.07068022860358,123.40523322106765,127.77847859118502,137564700
2021-05-04,AMZN,165.593505859375,168.3990020751953,163.60650634765625,167.8094940185547,108788000
2021-05-04,GOOGL,114.47654724121094,115.37773525338912,111.98785142103567,114.81002610533777,44818000
2021-05-04,MSFT,237.76927185058594,241.0509786364311,235.821366992888,240.8206790565612,32756100
2021-05-04,NVDA,14.315942764282227,14.601488646469987,13.975782087903074,14.60123939851099,405324000
2021-05-04,TSLA,224.53334045410156,227.81666564941406,219.23333740234375,226.31333923339844,89217900
2021-05-05,AAPL,124.76885986328125,127.05774092819507,124.64223566162377,125.84024625685937,84000900
2021-05-05,AMZN,163.52699279785156,167.73500061035156,163.21800231933594,166.9429931640625,74226000
2021-05-05,GOOGL,114.8705825805664,115.8744948855566,114.54851496753456,115.55838657968523,26636000
2021-05-05,MSFT,236.5026397705078,239.4101039903154,235.87893192942408,238.98789545222698,21901300
2021-05-05,NVDA,14.422930717468262,14.777057880701475,14.35210528482162,14.672814191288305,292024000
2021-05-05,TSLA,223.64666748046875,228.43333435058594,222.44667053222656,227.02000427246094,65705700
2021-05-06,AAPL,126.36620330810547,126.37593791446682,123.82406658932013,124.56430537762937,78128300
2021-05-06,AMZN,165.31849670410156,165.72000122070312,162.36000061035156,163.5,88954000
2021-05-06,GOOGL,115.99110412597656,115.99110412597656,113.7922184104356,114.45173268147272,25190000
2021-05-06,MSFT,239.6308135986328,239.75556103135267,234.79463968140215,236.48345929785845,26491100
2021-05-06,NVDA,14.487271308898926,14.535402805545267,14.183022295182871,14.459589562260682,193380000
2021-05-06,TSLA,221.17999267578125,227.0066680908203,216.6666717529297,226.9199981689453,83353800
2021-05-07,AAPL,127.03939819335938,128.06381882504127,126.3271629457147,127.66381362314827,78973300
2021-05-07,AMZN,164.58050537109375,166.54449462890625,164.45350646972656,165.95449829101562,94206000
2021-05-07,GOOGL,116.71463775634766,117.6733970925237,116.4283032840996,117.30816048876812,28898000
2021-05-07,MSFT,242.25039672851562,244.01598268660447,241.01255677969283,241.9529209858051,27032900
2021-05-07,NVDA,14.775811195373535,14.933920995149085,14.635656764528989,14.771821324795141,229328000
2021-05-07,TSLA,224.1233367919922,230.0,220.07333374023438,221.93333435058594,70407600
2021-05-10,AAPL,123.7612075805664,126.38570115821472,123.7221806852606,126.25887677480436,88071200
2021-05-10,AMZN,159.52450561523438,164.14999389648438,159.5,164.11599731445312,116772000
2021-05-10,GOOGL,113.72821044921875,115.67599518638454,113.3704097175728,115.53406221182321,30914000
2021-05-10,MSFT,237.1839599609375,241.54995953059446,237.1263887215293,240.72473760173244,29299900
2021-05-10,NVDA,14.230655670166016,14.769576460567666,14.214944484231708,14.750872395980661,268904000
2021-05-10,TSLA,209.67999267578125,221.68333435058594,209.20333862304688,221.63333129882812,94177200
2021-05-11,AAPL,122.84410095214844,123.19532812082859,119.78055295740043,120.49278076667929,126142800
2021-05-11,AMZN,161.19549560546875,161.89999389648438,156.36849975585938,156.81399536132812,92396000
2021-05-11,GOOGL,112.6518325805664,113.15900213602517,110.8583841691217,111.31245758968727,34186000
2021-05-11,MSFT,236.27236938476562,236.62741641293383,232.76039218061487,234.66031619488902,33641600
2021-05-11,NVDA,14.271056175231934,14.319436925882222,13.71617493345528,13.790990242826654,285584000
2021-05-11,TSLA,205.73333740234375,209.03334045410156,198.53334045410156,199.74667358398438,139511700
2021-05-12,AAPL,119.78053283691406,121.60500079746393,119.27319817304675,120.39519702699735,112172300
2021-05-12,AMZN,157.5970001220703,160.39700317382812,156.65499877929688,159.25,98728000
2021-05-12,GOOGL,109.18750762939453,111.5561162328278,108.85849635134446,110.47478602478672,46376000
2021-05-12,MSFT,229.3347625732422,234.4971983156802,228.4423791025512,232.37656498927853,36684400
2021-05-12,NVDA,13.724652290344238,14.225167908494997,13.675523802229213,13.97503424774267,303408000
2021-05-12,TSLA,196.6300048828125,206.80332946777344,195.58999633789062,200.8300018310547,101470800
2021-05-13,AAPL,121.92695617675781,123.07822323359044,121.23424571494745,121.54645335187067,105861300
2021-05-13,AMZN,158.07350158691406,160.19200134277344,156.64999389648438,159.27349853515625,67018000
2021-05-13,GOOGL,110.61621856689453,111.13231572556356,109.50858260758544,110.47130973397276,33204000
2021-05-13,MSFT,233.2017364501953,235.66781131217894,231.65684512029483,232.02148240366125,29624300
2021-05-13,NVDA,13.631629943847656,14.046108350791599,13.42588717938681,13.999223099536502,285404000
2021-05-13,TSLA,190.56333923339844,202.15333557128906,186.5500030517578,200.51333618164062,132554700
2021-05-14,AAPL,124.34657287597656,124.7758612004647,122.78553457368028,123.17579601015879,81918000
2021-05-14,AMZN,161.14500427246094,161.4429931640625,159.14999389648438,159.2779998779297,66500000
2021-05-14,GOOGL,113.0647201538086,113.37934430353187,111.65636250684874,112.08016237235324,31996000
2021-05-14,MSFT,238.11471557617188,239.10306082061462,235.5622980961346,235.64865494854968,23901100
2021-05-14,NVDA,14.207962989807129,14.292753932272674,13.714679274314111,13.85583166351833,258616000
2021-05-14,TSLA,196.5800018310547,197.6233367919922,190.15333557128906,194.47000122070312,100112700
2021-05-17,AAPL,123.1953125,123.83924502210618,122.12209907344122,123.73192293508849,74244600
2021-05-17,AMZN,163.51950073242188,164.6374969482422,161.72950744628906,162.29649353027344,74478000
2021-05-17,GOOGL,113.58776092529297,113.6304377384808,111.92978642061708,112.3297641754445,21598000
2021-05-17,MSFT,235.26480102539062,236.61778349101087,233.67194331645007,236.57940755176028,24970200
2021-05-17,NVDA,14.130650520324707,14.134391142572785,13.819418762550056,14.122171332609264,216980000
2021-05-17,TSLA,192.27667236328125,196.57666015625,187.06666564941406,191.85000610351562,97171200
2021-05-18,AAPL,121.80987548828125,123.89776545531322,121.74158030033598,123.47823574547311,63342900
2021-05-18,AMZN,161.61399841308594,165.60000610351562,161.51849365234375,164.62899780273438,56568000
2021-05-18,GOOGL,112.27517700195312,114.51873100821115,112.26128204938492,114.2542271454535,22204000
2021-05-18,MSFT,233.24977111816406,236.445106641719,233.07704276033246,236.31076887083617,20168000
2021-05-18,NVDA,13.981270790100098,14.368815282209768,13.969549474724266,14.231902974365962,186256000
2021-05-18,TSLA,192.6233367919922,198.75,187.7933349609375,189.3333282470703,110491800
2021-05-19,AAPL,121.65377807617188,121.87817336567916,119.86833712441047,120.16103504698746,92612000
2021-05-19,AMZN,161.58999633789062,161.7375030517578,159.1999969482422,159.75,53594000
2021-05-19,GOOGL,112.7232894897461,112.89648041648023,110.43756603914663,110.58594292832795,23684000
2021-05-19,MSFT,233.82681274414062,233.9326086171046,229.47959883359417,230.1624510972941,25739800
2021-05-19,NVDA,14.031147003173828,14.044863252937322,13.509932366145637,13.533124795954503,344000000
2021-05-19,TSLA,187.82000732421875,188.73666381835938,182.32666015625,184.18333435058594,118735200
2021-05-20,AAPL,124.21000671386719,124.61002681126666,122.05382097524402,122.18066024691666,76857100
2021-05-20,AMZN,162.38400268554688,162.98399353027344,161.8090057373047,162.22000122070312,52664000
2021-05-20,GOOGL,114.48250579833984,114.73310713657823,113.31978979628988,113.69098569300493,32352000
2021-05-20,MSFT,237.058349609375,238.47216034186488,234.53850325579242,234.6346866469853,21800700
2021-05-20,NVDA,14.576554298400879,14.647628989531981,14.235395590705924,14.267316461611319,321592000
2021-05-20,TSLA,195.5933380126953,196.28334045410156,190.35667419433594,191.6666717529297,92463300
2021-05-21,AAPL,122.37577819824219,124.8831983677244,122.16113401006866,124.70758107227505,79295400
2021-05-21,AMZN,160.1540069580078,162.83450317382812,159.85049438476562,162.5,82098000
2021-05-21,GOOGL,113.84630584716797,115.07502854849963,113.60661602300084,115.00157839071795,40632000
2021-05-21,MSFT,235.79843139648438,238.83764464564823,235.3848750918042,238.10670075398016,21863100
2021-05-21,NVDA,14.95486831665039,15.184552232588912,14.832919461611446,15.126445108164015,672992000
2021-05-21,TSLA,193.6266632080078,198.89332580566406,193.3333282470703,198.70333862304688,78091800
2021-05-24,AAPL,124.005126953125,124.82467691264395,122.87337670112784,122.94167191078611,63092900
2021-05-24,AMZN,162.24949645996094,162.8975067138672,160.52499389648438,160.77499389648438,48456000
2021-05-24,GOOGL,117.16674041748047,117.39054383977164,114.7311403842088,114.87654143018372,31832000
2021-05-24,MSFT,241.1940155029297,241.55949482361876,238.04900607225056,238.31830198996036,21411500
2021-05-24,NVDA,15.573594093322754,15.706266327666086,15.138665855139163,15.175076040317867,554816000
2021-05-24,TSLA,202.14666748046875,204.82666015625,191.21665954589844,193.86666870117188,103674300
2021-05-25,AAPL,123.80998229980469,125.19541091008112,123.24410353248182,124.7075784829674,72009500
2021-05-25,AMZN,162.95249938964844,163.99099731445312,160.68800354003906,163.33349609375,65222000
2021-05-25,GOOGL,117.25753784179688,118.30611079968943,116.86698744390246,117.71061174116315,22440000
2021-05-25,MSFT,242.0980682373047,243.08869557539978,241.2324763784631,242.14615993513493,17704300
2021-05-25,NVDA,15.609257698059082,15.779587331962556,15.444414374776022,15.727216706047216,435408000
2021-05-25,TSLA,201.56333923339844,204.663330078125,198.57000732421875,202.43666076660156,84017700
2021-05-26,AAPL,123.7612075805664,124.28805950176616,123.34167776055286,123.8685296817526,56575900
2021-05-26,AMZN,163.25799560546875,164.7864990234375,162.92550659179688,163.72950744628906,47680000
2021-05-26,GOOGL,118.12300109863281,118.5537446380502,117.43568933655425,117.43866520384775,21572000
2021-05-26,MSFT,241.8769073486328,243.271478782269,241.1651882496709,241.81918849558588,17771600
2021-05-26,NVDA,15.661375999450684,15.75489536364087,15.54790633225724,15.69554199926276,370440000
2021-05-26,TSLA,206.3766632080078,208.72332763671875,200.5,202.52000427246094,85917900
2021-05-27,AAPL,122.22944641113281,124.53198130053191,122.03431936367312,123.36120412853428,94625600
2021-05-27,AMZN,161.5054931640625,163.01800537109375,161.5019989013672,162.8000030517578,51224000
2021-05-27,GOOGL,117.24810791015625,118.55671711942162,116.92951595867764,118.55671711942162,35224000
2021-05-27,MSFT,239.78021240234375,241.86726317029425,239.72250822888856,241.56911515709095,24426200
2021-05-27,NVDA,15.449895858764648,15.711251361963061,15.421964867002261,15.66112493529576,581476000
2021-05-27,TSLA,210.28334045410156,210.3766632080078,205.40333557128906,206.74667358398438,79111800
2021-05-28,AAPL,121.57574462890625,122.73677048730885,121.51720801205188,122.51236771666937,71311100
2021-05-28,AMZN,161.15350341796875,162.39950561523438,160.98500061035156,162.10000610351562,46596000
2021-05-28,GOOGL,116.95879364013672,117.91258561269424,116.76029647620672,117.83070761492301,21482000
2021-05-28,MSFT,240.1360626220703,242.44433227006198,240.02065427610526,241.4056131297948,18270200
2021-05-28,NVDA,16.20453453063965,16.237454287840492,15.462864882329143,15.462864882329143,644536000
2021-05-28,TSLA,208.4066619873047,211.8633270263672,207.4600067138672,209.5,68211000
2021-06-01,AAPL,121.2537841796875,122.2977294109628,120.92206674340329,122.03430717883234,67637100
2021-06-01,AMZN,160.9324951171875,162.5489959716797,160.4530029296875,162.1750030517578,48600000
2021-06-01,GOOGL,118.16616821289062,118.3909711309442,116.83125322941245,117.83169739325494,23354000
2021-06-01,MSFT,237.9432373046875,241.68454316855704,237.52006843974277,241.62683899040678,23213300
2021-06-01,NVDA,16.2244873046875,16.347933551781875,15.864126093340143,16.229974565620903,472804000
2021-06-01,TSLA,207.96665954589844,211.26666259765625,206.85000610351562,209.26666259765625,54254700
2021-06-02,AAPL,122.01478576660156,122.19040306312083,121.02938463288338,121.253779962891,59278900
2021-06-02,AMZN,161.69949340820312,161.75,160.39999389648438,161.15499877929688,40290000
2021-06-02,GOOGL,117.64064025878906,118.7844939306939,116.73596907023163,118.5616749306312,21158000
2021-06-02,MSFT,237.84706115722656,239.74175988362455,236.44286260535492,238.64533650633828,19406700
2021-06-02,NVDA,16.736976623535156,16.877132024892546,16.195562337610674,16.212271468853235,594168000
2021-06-02,TSLA,201.7066650390625,207.7866668701172,199.7133331298828,206.7100067138672,69908400
2021-06-03,AAPL,120.53179168701172,121.80989069682863,120.13177164794705,121.64403199734149,76229200
2021-06-03,AMZN,159.35049438476562,160.7220001220703,159.20150756835938,160.2115020751953,47966000
2021-06-03,GOOGL,116.49876403808594,116.96722459641707,115.60253582286343,116.4069589139595,18696000
2021-06-03,MSFT,236.31785583496094,236.92376439822456,233.71143786898358,235.84658057417465,25307700
2021-06-03,NVDA,16.928001403808594,17.216541131071583,16.5422035955669,16.659664080908772,580008000
2021-06-03,TSLA,190.94667053222656,201.51666259765625,190.4066619873047,200.60000610351562,90335700
2021-06-04,AAPL,122.82457733154297,123.08800699874061,120.83425044759345,121.04889463757115,75169300
2021-06-04,AMZN,160.31100463867188,161.0500030517578,159.9405059814453,160.60000610351562,44994000
2021-06-04,GOOGL,118.78102111816406,119.05197647969602,117.23470598588214,117.5751361103478,24458000
2021-06-04,MSFT,241.20362854003906,242.0307559108141,238.04900663185686,238.28945046434345,25281100
2021-06-04,NVDA,17.53500747680664,17.617552324507795,17.053445127711075,17.070401602049834,617120000
2021-06-04,TSLA,199.68333435058594,200.20333862304688,192.39999389648438,193.23666381835938,72110700
2021-06-07,AAPL,122.83432006835938,123.24409122711307,121.79037500565761,123.0977422579531,71057600
2021-06-07,AMZN,159.90049743652344,160.39999389648438,158.61000061035156,159.8665008544922,44316000
2021-06-07,GOOGL,119.21424865722656,119.32392413070295,118.15724030193509,118.57607279219508,24120000
2021-06-07,MSFT,244.1082000732422,244.3774959981243,240.2610986600382,240.42459870903608,23079200
2021-06-07,NVDA,17.575658798217773,17.768683328317508,17.15045876950315,17.528027688444322,575756000
2021-06-07,TSLA,201.7100067138672,203.3333282470703,194.2933349609375,197.27667236328125,67631100
2021-06-08,AAPL,123.65387725830078,125.33200387040455,123.13678395621102,123.51728685562117,74403800
2021-06-08,AMZN,163.20550537109375,163.97650146484375,160.90049743652344,161.1304931640625,68334000
2021-06-08,GOOGL,119.02268981933594,120.06878661423825,118.84106348764917,119.69610658561207,24240000
2021-06-08,MSFT,242.9155731201172,246.22408220811877,242.85785427977055,245.40656740508024,22455000
2021-06-08,NVDA,17.41405487060547,17.57814946975256,17.208560371373252,17.484131607589486,323848000
2021-06-08,TSLA,201.19667053222656,207.69667053222656,198.5,207.6699981689453,78160200
2021-06-09,AAPL,124.03437805175781,124.63928371308171,123.43923097435068,124.1124318358548,56877900
2021-06-09,AMZN,164.0574951171875,164.87899780273438,163.53500366210938,163.64349365234375,49110000
2021-06-09,GOOGL,119.494140625,119.73928242428627,118.94627815938065,119.66733155702187,17942000
2021-06-09,MSFT,243.8966064453125,245.76245296444787,243.531141793228,244.10819819545324,17937600
2021-06-09,NVDA,17.319515228271484,17.535782653047317,17.21724494368834,17.47666498952007,381656000
2021-06-09,TSLA,199.5933380126953,203.92999267578125,199.2100067138672,200.72332763671875,49753800
2021-06-10,AAPL,123.0392074584961,125.0685610035486,122.87334876469549,123.92704498219538,71186400
2021-06-10,AMZN,167.4824981689453,167.5500030517578,164.0574951171875,164.10049438476562,69530000
2021-06-10,GOOGL,120.84343719482422,120.88661377093757,119.287694745619,119.44351508642232,25904000
2021-06-10,MSFT,247.40707397460938,247.6186657190944,243.97354371278735,244.56983971513966,24563600
2021-06-10,NVDA,17.3861141204834,17.452965945027934,17.137671136572692,17.311282630136223,287772000
2021-06-10,TSLA,203.3733367919922,205.52999877929688,200.1666717529297,201.2933349609375,71758800
2021-06-11,AAPL,124.2490234375,124.33683580636276,123.02946096276283,123.44899075181716,53522400
2021-06-11,AMZN,167.3415069580078,168.32899475097656,166.67250061035156,167.4824981689453,56348000
2021-06-11,GOOGL,120.59879302978516,121.17047000516757,120.04100343499866,121.08511637699016,21958000
2021-06-11,MSFT,248.03224182128906,248.609283510247,246.80114128203925,248.12839586874716,18999700
2021-06-11,NVDA,17.78547477722168,17.89922071360538,17.40482582522779,17.44049548819086,416308000
2021-06-11,TSLA,203.29666137695312,204.18666076660156,200.5066680908203,203.41000366210938,48615900
2021-06-14,AAPL,127.30279541015625,127.36133202248661,123.97583310546236,124.70757053406396,96906500
2021-06-14,AMZN,169.19349670410156,169.25,166.77499389648438,167.3415069580078,51394000
2021-06-14,GOOGL,121.52727508544922,121.52776727722208,119.99336321142542,120.7010138258984,22098000
2021-06-14,MSFT,249.955810546875,250.01351471996307,246.98389887756707,248.04185763593912,19150500
2021-06-14,NVDA,17.97853660583496,17.999240343517034,17.62333209959281,17.866039129449224,321376000
2021-06-14,TSLA,205.89666748046875,208.49667358398438,203.05999755859375,204.07666015625,61272000
2021-06-15,AAPL,126.48326110839844,127.4198916269695,126.23934861668313,126.77595907590421,62746300
2021-06-15,AMZN,169.156494140625,169.84950256347656,168.15550231933594,169.1999969482422,48524000
2021-06-15,GOOGL,120.50896453857422,121.85479096519951,120.14818797993534,121.53173143958783,21562000
2021-06-15,MSFT,248.48428344726562,250.0519820781897,247.83028320585453,249.8403903117265,18038900
2021-06-15,NVDA,17.74880027770996,17.97604277221346,17.688436105733807,17.87501904179377,243032000
2021-06-15,TSLA,199.7866668701172,205.59666442871094,199.41000366210938,205.56333923339844,53292300
2021-06-16,AAPL,126.98081970214844,127.70280593735949,125.331983991057,127.19546385620482,91815000
2021-06-16,AMZN,170.7624969482422,171.3175048828125,168.02650451660156,169.60000610351562,84056000
2021-06-16,GOOGL,119.86682891845703,120.97198129149075,118.57409845592088,120.66033300190364,26472000
2021-06-16,MSFT,247.54176330566406,250.6194270515861,244.69490159361732,249.48453909560968,27220000
2021-06-16,NVDA,17.7705020904541,17.9146803397417,17.545255928506087,17.751046781023437,307124000
2021-06-16,TSLA,201.6233367919922,202.8333282470703,197.8333282470703,199.17999267578125,66432300
2021-06-17,AAPL,128.58087158203125,129.3223749059046,126.49298175181782,126.63933814390342,96721700
2021-06-17,AMZN,174.46200561523438,174.86000061035156,170.0500030517578,170.15899658203125,102730000
2021-06-17,GOOGL,120.83052825927734,121.60368576319931,119.59635368164419,119.7923747217894,25842000
2021-06-17,MSFT,250.92713928222656,251.74465405768584,246.22407390163147,246.2817780645063,27565500
2021-06-17,NVDA,18.615617752075195,18.79297075616805,17.71662916794355,17.73483795778775,809656000
2021-06-17,TSLA,205.53334045410156,207.1566619873047,200.44667053222656,200.6300048828125,68104200
2021-06-18,AAPL,127.28328704833984,128.3077074896389,127.06864288856177,127.52719951288445,108953300
2021-06-18,AMZN,174.34500122070312,175.35000610351562,173.6855010986328,173.99949645996094,104954000
2021-06-18,GOOGL,119.21028137207031,120.69108957521395,119.1150006147533,120.45685929101408,46116000
2021-06-18,MSFT,249.51336669921875,252.27365719884,248.85936651938206,249.70573350554895,37202200
2021-06-18,NVDA,18.597158432006836,19.331765442705965,18.54253016298032,18.74208463201298,968856000
2021-06-18,TSLA,207.77000427246094,209.4499969482422,203.93333435058594,204.4566650390625,73682700
2021-06-21,AAPL,129.07850646972656,129.18582857227696,126.06375134431808,127.12720634134745,79663300
2021-06-21,AMZN,172.697998046875,174.10000610351562,171.6999969482422,173.8209991455078,65542000
2021-06-21,GOOGL,120.89901733398438,121.0851112549705,118.99936913469928,119.59685965102948,27414000
2021-06-21,MSFT,252.59104919433594,253.44701394017824,248.06109579519787,249.8884629766057,26696100
2021-06-21,NVDA,18.386133193969727,18.49514044455132,17.782982197246216,18.394114765033102,672384000
2021-06-21,TSLA,206.94332885742188,210.4633331298828,202.9600067138672,208.16000366210938,74438100
2021-06-22,AAPL,130.71759033203125,130.8151612925248,128.41505560442437,128.91264666080772,74783600
2021-06-22,AMZN,175.27200317382812,176.18899536132812,172.80450439453125,172.9029998779297,66902000
2021-06-22,GOOGL,121.41313171386719,121.48211428370058,120.15613450667915,120.83698717040798,22390000
2021-06-22,MSFT,255.3609619140625,255.6302578162363,252.36982555497457,252.67760068633095,24694100
2021-06-22,NVDA,18.844606399536133,18.921436154060395,18.344974156997278,18.430284092496997,580144000
2021-06-22,TSLA,207.90333557128906,209.52333068847656,205.1666717529297,206.0833282470703,57476700
2021-06-23,AAPL,130.4444122314453,131.0493254021088,129.98585550457855,130.51271488266488,60214200
2021-06-23,AMZN,175.1909942626953,176.0500030517578,174.16000366210938,175.25,56266000
2021-06-23,GOOGL,121.21117401123047,122.17240951639948,120.92087169604042,121.17792455987673,19148000
2021-06-23,MSFT,255.1300811767578,256.63044804916365,254.32219358015837,255.82256045256418,19518700
2021-06-23,NVDA,19.014720916748047,19.11000874290461,18.86555464748546,18.965331868127812,332356000
2021-06-23,TSLA,218.85667419433594,219.06666564941406,210.01333618164062,210.6666717529297,93297600
2021-06-24,AAPL,130.16146850585938,131.36151382298493,129.69314579268672,131.17613794325877,68711000
2021-06-24,AMZN,172.45399475097656,176.2429962158203,171.54249572753906,175.3820037841797,76640000
2021-06-24,GOOGL,121.58136749267578,122.13269801966713,121.38287032972356,121.779864655628,21362000
2021-06-24,MSFT,256.4958801269531,257.61154309721616,255.32251298159505,255.98614034624336,21446900
2021-06-24,NVDA,19.162639617919922,19.376661354418225,19.04565083784025,19.184841090247765,320924000
2021-06-24,TSLA,226.60667419433594,232.5399932861328,222.5366668701172,224.99667358398438,137947200
2021-06-25,AAPL,129.86878967285156,130.62979558487248,129.57609165578822,130.2102731739654,70783700
2021-06-25,AMZN,170.072998046875,173.24099731445312,169.70899963378906,173.1999969482422,78820000
2021-06-25,GOOGL,121.58979797363281,121.71336839672355,120.65337662784323,121.08511210446201,34594000
2021-06-25,MSFT,254.88966369628906,257.0344330491958,254.6396220924489,256.0534328701666,25611100
2021-06-25,NVDA,18.988536834716797,19.302335907164636,18.852341996857817,19.237480406858673,278364000
2021-06-25,TSLA,223.9566650390625,231.27000427246094,222.89999389648438,229.86000061035156,97490100
2021-06-28,AAPL,131.49810791015625,131.9566646084623,130.1029355337376,130.1614721527149,62111300
2021-06-28,AMZN,172.1945037841797,172.39999389648438,170.67550659179688,170.8000030517578,44856000
2021-06-28,GOOGL,121.61710357666016,121.86423686669397,120.49508042755512,121.75852921191957,28526000
2021-06-28,MSFT,258.4482421875,258.6213546854569,255.74565612665353,256.01495201827004,19590000
2021-06-28,NVDA,19.94040870666504,20.03394952523682,19.275894366137276,19.3180497753207,495436000
2021-06-28,TSLA,229.57333374023438,231.56666564941406,223.44000244140625,223.8800048828125,64884600
2021-06-29,AAPL,133.01036071777344,133.16646828417475,131.07857796707717,131.51761747124857,64556100
2021-06-29,AMZN,172.40699768066406,172.80149841308594,171.15150451660156,171.9409942626953,41968000
2021-06-29,GOOGL,121.35557556152344,122.09846715134644,120.77843902634659,121.75059355767355,23108000
2021-06-29,MSFT,261.0258483886719,261.2662922485271,257.7365928224437,258.5925577009788,19937800
2021-06-29,NVDA,19.982057571411133,20.053895490873828,19.61313175506694,19.838128621240415,367632000
2021-06-29,TSLA,226.9199981689453,229.1699981689453,225.29666137695312,228.21665954589844,52143900
2021-06-30,AAPL,133.62501525878906,134.06405473109936,132.5615455661884,132.85424351014055,63261400
2021-06-30,AMZN,172.00799560546875,173.5800018310547,171.75,172.05299377441406,48080000
2021-06-30,GOOGL,121.17394256591797,121.34018980324502,120.44445377750469,121.07965376613676,24474000
2021-06-30,MSFT,260.544921875,260.9873302929651,259.2946257303389,260.3429572810892,21656500
2021-06-30,NVDA,19.95786476135254,20.117507567563237,19.819424307190975,19.954621891960947,326568000
2021-06-30,TSLA,226.56666564941406,230.93666076660156,226.04666137695312,226.58999633789062,56774700
2021-07-01,AAPL,133.9274444580078,133.98598106066015,132.45420381750057,133.27376091633408,52485800
2021-07-01,AMZN,171.64849853515625,172.85000610351562,170.4709930419922,171.73049926757812,40742000
2021-07-01,GOOGL,121.52629089355469,121.66771652938495,120.62013549310655,120.81218116296395,18110000
2021-07-01,MSFT,261.2181396484375,261.4489562947867,259.2945893260647,259.30418711896345,16725300
2021-07-01,NVDA,20.166900634765625,20.410355677231596,19.974330486109007,20.08009486539896,480136000
2021-07-01,TSLA,225.97332763671875,229.3300018310547,224.26666259765625,227.97332763671875,55903500
2021-07-02,AAPL,136.55194091796875,136.59096035625936,134.3957484933909,134.54208999602216,78852600
2021-07-02,AMZN,175.5489959716797,175.58599853515625,171.8459930419922,172.58200073242188,63388000
2021-07-02,GOOGL,124.31818389892578,124.46358492049245,122.13666881147289,122.22649002373326,25982000
2021-07-02,MSFT,267.036865234375,267.373492407976,262.0837290689693,262.39150416203586,26458000
2021-07-02,NVDA,20.441282272338867,20.45949296291919,20.24247763436387,20.39463747913961,342764000
2021-07-02,TSLA,226.3000030517578,233.3333282470703,224.4199981689453,226.32666015625,81163500
2021-07-06,AAPL,138.56182861328125,139.6643030810213,136.65931393358588,136.65931393358588,108181800
2021-07-06,AMZN,183.78700256347656,184.2740020751953,176.4499969482422,176.5054931640625,134896000
2021-07-06,GOOGL,125.24370574951172,125.47991996172436,123.64825460993833,124.70626257188695,26404000
2021-07-06,MSFT,267.0465087890625,268.6911361826912,263.81492881537,267.40236092120523,31565600
2021-07-06,NVDA,20.652311325073242,20.795490483018398,20.304839002416227,20.69122385571064,446708000
2021-07-06,TSLA,219.86000061035156,228.0,217.13333129882812,227.23666381835938,69853500
2021-07-07,AAPL,141.04971313476562,141.36191336128311,139.1862182535438,140.04478004189397,104911600
2021-07-07,AMZN,184.82899475097656,186.7100067138672,183.94549560546875,185.86900329589844,106562000
2021-07-07,GOOGL,125.52555847167969,126.32948178151617,125.20696652930476,126.20840260771347,24060000
2021-07-07,MSFT,269.2297668457031,269.960725504487,266.5560325451121,268.7200270839339,23260000
2021-07-07,NVDA,20.326290130615234,20.828417245407213,20.286629685691395,20.806965588248794,418428000
2021-07-07,TSLA,214.88333129882812,221.89999389648438,212.77333068847656,221.42333984375,56376000
2021-07-08,AAPL,139.7520751953125,140.55210024692394,137.24464819829342,138.13249304147996,105575500
2021-07-08,AMZN,186.57049560546875,187.99949645996094,181.05599975585938,182.17799377441406,103612000
2021-07-08,GOOGL,124.10628509521484,124.6536477834332,123.09195356628405,123.0959213892183,23790000
2021-07-08,MSFT,266.8158264160156,268.07575022929956,264.3632807813375,266.3156842695692,24618600
2021-07-08,NVDA,19.858333587646484,20.088069151199225,19.65678472051413,19.812187411507026,503300000
2021-07-08,TSLA,217.60333251953125,218.14332580566406,206.82000732421875,209.4566650390625,68319900
2021-07-09,AAPL,141.57655334472656,142.1033977245654,139.17644811221814,139.27401905419063,99890800
2021-07-09,AMZN,185.9669952392578,187.39999389648438,184.6699981689453,186.12600708007812,74964000
2021-07-09,GOOGL,124.57723236083984,124.7916083872216,123.61748109045698,124.08743338198082,18632000
2021-07-09,MSFT,267.3157958984375,267.42157707974224,264.79594962280595,265.1806538246266,23916700
2021-07-09,NVDA,20.005508422851562,20.035442165140385,19.710169397353443,19.917954748254353,296624000
2021-07-09,TSLA,218.98333740234375,219.6366729736328,214.89666748046875,217.72666931152344,54421500
2021-07-12,AAPL,140.9813995361328,142.7570893612842,140.49357462424308,142.64976728517905,76299700
2021-07-12,AMZN,185.92750549316406,187.864501953125,184.83949279785156,187.1999969482422,51432000
2021-07-12,GOOGL,126.02330017089844,126.11659701235094,124.66903075282382,125.2317800964702,17668000
2021-07-12,MSFT,266.71954345703125,269.0758754216596,266.0078097490521,268.48920655469243,18931700
2021-07-12,NVDA,20.466726303100586,20.48692953104882,20.142700097359224,20.194833408061367,321984000
2021-07-12,TSLA,228.56666564941406,229.0800018310547,220.72000122070312,220.73333740234375,77781000
2021-07-13,AAPL,142.09364318847656,143.8693330567253,140.13259235448814,140.52284633857775,100827100
2021-07-13,AMZN,183.8679962158203,188.6540069580078,183.5659942626953,185.10499572753906,76918000
2021-07-13,GOOGL,126.38655090332031,127.09717735782496,125.72455299411631,126.0858217415927,19240000
2021-07-13,MSFT,270.2395324707031,272.0380469074323,266.7867639676429,266.9117700546269,26120100
2021-07-13,NVDA,20.204809188842773,20.41558805833223,20.069113012281623,20.35497267160728,290708000
2021-07-13,TSLA,222.84666442871094,231.0933380126953,222.10000610351562,228.77333068847656,62898300
2021-07-14,AAPL,145.51820373535156,145.92798987044893,144.08399692422722,144.49378305932458,127050800
2021-07-14,AMZN,184.08399963378906,185.88299560546875,183.04150390625,185.4425048828125,65932000
2021-07-14,GOOGL,127.27533721923828,128.3566749442319,126.95525355930435,126.99843013494588,23742000
2021-07-14,MSFT,271.711181640625,272.8172174966731,269.82608069615287,271.5572940522361,23113700
2021-07-14,NVDA,19.797224044799805,20.372188248728314,19.70867315158552,20.312322668503903,380100000
2021-07-14,TSLA,217.7933349609375,226.20333862304688,217.6133270263672,223.5833282470703,64923600
2021-07-15,AAPL,144.86453247070312,146.3475248913628,143.50837933553277,145.606036124653,106820300
2021-07-15,AMZN,181.55999755859375,184.77000427246094,181.04600524902344,184.7100067138672,63706000
2021-07-15,GOOGL,126.05257415771484,127.73486288138461,125.58113774435483,127.6842504239584,24218000
2021-07-15,MSFT,270.2877197265625,271.7111577808716,269.1335775905223,271.22064297039645,22604200
2021-07-15,NVDA,18.92392921447754,19.802714611774928,18.816419702831787,19.767543555966583,550564000
2021-07-15,TSLA,216.86666870117188,222.04666137695312,212.6266632080078,219.4633331298828,60628800
2021-07-16,AAPL,142.82540893554688,146.11334481046933,142.32783277394142,144.84501166670194,93251400
2021-07-16,AMZN,178.68150329589844,182.30299377441406,178.5229949951172,181.66549682617188,80874000
2021-07-16,GOOGL,126.01783752441406,126.85302634579371,125.20746273938772,126.7056414194645,20424000
2021-07-16,MSFT,270.0184631347656,273.24041682866897,268.7777645604806,271.28801379910107,26186800
2021-07-16,NVDA,18.12047004699707,19.11424759877164,18.032667088106123,18.988030726422647,688224000
2021-07-16,TSLA,214.74000549316406,218.89999389648438,214.06666564941406,218.22666931152344,49113000
2021-07-19,AAPL,138.9813690185547,140.56193247731903,138.22036304802546,140.24971726518362,121434600
2021-07-19,AMZN,177.47950744628906,177.510498046875,174.95799255371094,176.62899780273438,75692000
2021-07-19,GOOGL,123.6437759399414,125.25857376045805,122.57881687574903,125.14393851701688,27968000
2021-07-19,MSFT,266.42144775390625,269.65299943159687,263.95930475631536,268.2680403265695,32935600
2021-07-19,NVDA,18.737842559814453,18.999506326648362,17.825631445000248,17.875271703441314,749060000
2021-07-19,TSLA,215.4066619873047,215.73333740234375,207.09666442871094,209.9633331298828,63891300
2021-07-20,AAPL,142.5912628173828,143.51814236544809,139.47895135835654,139.96677643113202,96350000
2021-07-20,AMZN,178.6595001220703,179.60000610351562,175.89999389648438,178.36599731445312,65114000
2021-07-20,GOOGL,125.26304626464844,126.09029189296702,123.4179859291458,124.5861538619806,26312000
2021-07-20,MSFT,268.6431884765625,270.23011246945754,265.70015726033836,267.40248963801645,26259700
2021-07-20,NVDA,18.570465087890625,18.795960580206206,18.12346488761401,18.68820179026465,434687000
2021-07-20,TSLA,220.1666717529297,220.79666137695312,213.5,217.3300018310547,46461300
2021-07-21,AAPL,141.85951232910156,142.57174758950413,141.10827250404336,141.98635160042446,74993500
2021-07-21,AMZN,179.25999450683594,179.32249450683594,177.1820068359375,178.81900024414062,46380000
2021-07-21,GOOGL,126.59251403808594,126.63915867752108,125.07844872969363,125.18762444582607,20746000
2021-07-21,MSFT,270.64361572265625,270.7590240847354,266.6907325661512,268.2391770091446,24364300
2021-07-21,NVDA,19.36668586730957,19.48342535694125,18.700177259556888,18.83986423648893,371017000
2021-07-21,TSLA,218.42999267578125,221.6199951171875,216.76333618164062,219.8699951171875,41859900
2021-07-22,AAPL,143.22544860839844,144.5913528979392,142.2595495761402,142.38638886275476,77338200
2021-07-22,AMZN,181.90150451660156,182.00100708007812,179.11349487304688,179.3614959716797,65308000
2021-07-22,GOOGL,127.45844268798828,127.51948960821602,126.54286761164278,126.88528161966792,14302000
2021-07-22,MSFT,275.20245361328125,275.4717495772376,272.5864230986805,272.9903523690856,23384100
2021-07-22,NVDA,19.550273895263672,19.84261930571644,19.232982752333722,19.59816711341448,323826000
2021-07-22,TSLA,216.4199981689453,220.72332763671875,214.86666870117188,218.81333923339844,45317100
2021-07-23,AAPL,144.9425811767578,145.09868877076016,143.34251555633264,143.95717990319216,71447400
2021-07-23,AMZN,182.83200073242188,183.3054962158203,181.1020050048828,182.0,48726000
2021-07-23,GOOGL,132.01751708984375,132.3986401311124,128.82712984161756,129.4523951600972,41506000
2021-07-23,MSFT,278.5974426269531,278.9051883924715,275.5486022461029,276.38534199654606,22768100
2021-07-23,NVDA,19.51435661315918,19.656039936097546,19.207043356145515,19.612137498497777,195672000
2021-07-23,TSLA,214.4600067138672,216.26666259765625,212.43333435058594,215.45333862304688,43814700
2021-07-26,AAPL,145.36207580566406,146.1816181027515,144.10347916841854,144.65960672609336,72434100
2021-07-26,AMZN,184.99099731445312,185.60400390625,182.3625030517578,183.6584930419922,58002000
2021-07-26,GOOGL,133.0298614501953,133.23034251225275,131.3093559344711,132.32866235257328,30572000
2021-07-26,MSFT,278.0011901855469,278.61674057999716,275.68333711241416,277.95311315206845,23176100
2021-07-26,NVDA,19.250944137573242,19.398612673272545,18.87179107976758,19.26790639829814,203943000
2021-07-26,TSLA,219.2066650390625,222.73333740234375,215.70333862304688,216.99000549316406,76009800
2021-07-27,AAPL,143.19613647460938,145.57672455410125,142.00584243486344,145.48890475095865,104818600
2021-07-27,AMZN,181.3195037841797,184.9250030517578,179.3074951171875,184.9250030517578,82638000
2021-07-27,GOOGL,130.91087341308594,133.39114148344112,129.12835158486462,133.24375654153485,54710000
2021-07-27,MSFT,275.5871276855469,278.5109037300761,272.13435756738795,278.36664329219724,33604100
2021-07-27,NVDA,19.165136337280273,19.57821202904054,18.699177517637054,19.22200834655241,248863000
2021-07-27,TSLA,214.92666625976562,222.1666717529297,209.0800018310547,221.13333129882812,98439900
2021-07-28,AAPL,141.44972229003906,143.39127100475073,139.06913408549428,141.28386358886817,118931200
2021-07-28,AMZN,181.51600646972656,182.92100524902344,180.0500030517578,181.68899536132812,59988000
2021-07-28,GOOGL,135.0734405517578,137.2599234097083,134.2630655744144,135.28980809616644,95130000
2021-07-28,MSFT,275.2793884277344,279.05915914851056,272.98073086380026,277.9434960316162,33566900
2021-07-28,NVDA,19.45948028564453,19.60216083809746,18.952614440884304,19.275890857255888,202191000
2021-07-28,TSLA,215.66000366210938,218.32333374023438,213.13333129882812,215.6666717529297,48019800
2021-07-29,AAPL,142.09364318847656,142.98148812260095,141.0594567321274,141.16677881083731,56699500
2021-07-29,AMZN,179.99600219726562,181.8975067138672,179.00050354003906,181.3874969482422,110400000
2021-07-29,GOOGL,134.75929260253906,135.63616633400994,134.52655404007479,135.12899677919694,31716000
2021-07-29,MSFT,275.5486145019531,277.5875733755724,275.1446559746078,275.2985435397369,18168300
2021-07-29,NVDA,19.61812400817871,19.808697767774508,19.28486780665784,19.475441566253632,190781000
2021-07-29,TSLA,225.78334045410156,227.89666748046875,216.26666259765625,216.59666442871094,91183800
2021-07-30,AAPL,142.30828857421875,142.7668451974614,140.60090132642787,140.8643309559415,70440600
2021-07-30,AMZN,166.37950134277344,168.40699768066406,165.3489990234375,167.3975067138672,199312000
2021-07-30,GOOGL,133.7161865234375,134.2898550052644,133.24822569744882,134.0223752606491,25576000
2021-07-30,MSFT,274.01947021484375,275.70257739504893,273.05769468329794,274.26954124538486,20944800
2021-07-30,NVDA,19.455488204956055,19.586194490823832,19.22001478198621,19.374667678926546,183497000
2021-07-30,TSLA,229.06666564941406,232.50999450683594,223.0,223.9199981689453,88969200
2021-08-02,AAPL,141.97657775878906,143.37174997131473,141.71314811709883,142.7961201026742,62880000
2021-08-02,AMZN,166.57400512695312,167.9459991455078,165.85000610351562,167.65499877929688,67078000
2021-08-02,GOOGL,133.84323120117188,134.3216113441576,132.79068281831607,134.10375968033432,21634000
2021-08-02,MSFT,273.93280029296875,275.808244190784,272.89406671324383,275.41391286431883,16267400
2021-08-02,NVDA,19.7059268951416,19.916456479690652,19.317795028840045,19.656039233859172,217444000
2021-08-02,TSLA,236.55667114257812,242.31333923339844,232.8000030517578,233.3333282470703,100847400
2021-08-03,AAPL,143.7718048095703,144.43523975697417,141.64487976916462,142.25954411950144,64786600
2021-08-03,AMZN,168.31199645996094,169.5500030517578,164.98849487304688,167.03599548339844,83146000
2021-08-03,GOOGL,134.61289978027344,134.71412469345836,132.31972539676443,134.12160154439192,20762000
2021-08-03,MSFT,276.1449279785156,276.2507385273349,273.1441936458983,274.50992752859145,17879000
2021-08-03,NVDA,19.770782470703125,20.17687382086152,19.17710902193863,19.69594907533359,301811000
2021-08-03,TSLA,236.5800018310547,240.88333129882812,233.6699981689453,239.6666717529297,64860900
2021-08-04,AAPL,143.3717803955078,144.19132291330385,142.71809660960577,143.68399557594776,56368300
2021-08-04,AMZN,167.73599243164062,169.44400024414062,167.2779998779297,168.96749877929688,43678000
2021-08-04,GOOGL,134.1121826171875,134.63225514353746,133.47846680037628,134.33450184746084,19676000
2021-08-04,MSFT,275.55828857421875,276.59699312691515,273.7693710071133,275.2793654804813,16191300
2021-08-04,NVDA,20.228757858276367,20.272660294584725,19.78375207608851,19.945391220735015,231309000
2021-08-04,TSLA,236.97332763671875,241.63333129882812,236.30999755859375,237.0,51007800
2021-08-05,AAPL,143.4790802001953,144.24008597517638,142.61075233452527,143.40102641721816,46397700
2021-08-05,AMZN,168.79949951171875,169.4499969482422,167.04600524902344,167.81100463867188,48670000
2021-08-05,GOOGL,135.22975158691406,135.3275236015208,133.8347890656251,134.66303433806044,17870000
2021-08-05,MSFT,278.45318603515625,278.558996585167,275.1639308070006,275.91411439860224,13900200
2021-08-05,NVDA,20.590944290161133,20.686730720342474,20.29660255480396,20.454250895886414,211435000
2021-08-05,TSLA,238.2100067138672,240.31666564941406,237.1366729736328,238.6666717529297,38758800
2021-08-06,AAPL,142.79510498046875,143.74290453377364,142.29678337483543,143.0003050001657,54126800
2021-08-06,AMZN,167.2469940185547,168.75,166.45199584960938,168.75,52752000
2021-08-06,GOOGL,134.7205810546875,135.4490854531946,134.19605607043894,135.02181756289275,20488000
2021-08-06,MSFT,278.3954772949219,278.4339565262084,276.62581421943787,277.48180834700514,16589300
2021-08-06,NVDA,20.3205509185791,20.524096148760073,20.164898907628032,20.478199273286513,178497000
2021-08-06,TSLA,233.03334045410156,238.77667236328125,232.5433349609375,237.3000030517578,46869000
2021-08-09,AAPL,142.74624633789062,143.34228507821692,142.18930041536296,142.8537292225246,48908700
2021-08-09,AMZN,167.093505859375,167.74400329589844,166.42599487304688,167.1804962158203,42964000
2021-08-09,GOOGL,135.88626098632812,136.15523997949722,134.32455935046355,134.92304934714446,17760000
2021-08-09,MSFT,277.30865478515625,280.40557237439197,276.8085422037399,278.67438860321397,16117600
2021-08-09,NVDA,20.249711990356445,20.46223602836236,20.098050750515416,20.400374106685497,146443000
2021-08-09,TSLA,237.9199981689453,239.67666625976562,235.0433349609375,236.72332763671875,44145900
2021-08-10,AAPL,142.26748657226562,144.32919310328901,141.9743500451473,143.0882569205625,69023100
2021-08-10,AMZN,166.03399658203125,167.89999389648438,165.75,167.25050354003906,48252000
2021-08-10,GOOGL,135.78106689453125,136.73932631810774,135.34188043410109,136.31204332519133,19414000
2021-08-10,MSFT,275.490966796875,278.193553507934,274.29837461151317,277.7607428078615,18616600
2021-08-10,NVDA,19.89151382446289,20.38441095043881,19.79073746939865,20.276652149351023,179238000
2021-08-10,TSLA,236.663330078125,238.8633270263672,233.9600067138672,237.99667358398438,40296900
2021-08-11,AAPL,142.52149963378906,143.36181621242878,142.19905101424288,142.70715322469806,48493500
2021-08-11,AMZN,164.60549926757812,166.88499450683594,163.88949584960938,166.57249450683594,58944000
2021-08-11,GOOGL,135.25704956054688,136.6500129504423,135.24959853381438,136.15277807095418,15352000
2021-08-11,MSFT,275.9814453125,277.62607292416914,274.9330843638876,276.23148694196493,13955900
2021-08-11,NVDA,19.65503692626953,20.004256207949503,19.386638154855905,19.998269080576,185925000
2021-08-11,TSLA,235.94000244140625,238.39332580566406,234.73666381835938,237.57000732421875,29401800
2021-08-12,AAPL,145.482177734375,145.63851920327534,142.5019837127135,142.84397881224007,72282600
2021-08-12,AMZN,165.1750030517578,165.72549438476562,163.48350524902344,164.5,46282000
2021-08-12,GOOGL,136.16517639160156,136.27038427949398,134.4099447510758,134.95580816135285,16506000
2021-08-12,MSFT,278.73211669921875,278.8860042800306,275.3947550024405,275.67367807710286,14561300
2021-08-12,NVDA,19.86058235168457,19.984304288652414,19.576218486098607,19.825660607005055,151652000
2021-08-12,TSLA,240.75,240.93333435058594,233.13333129882812,235.44667053222656,52377300
2021-08-13,AAPL,145.68739318847656,146.0196076628779,144.87638850599475,145.56036386786354,59375000
2021-08-13,AMZN,164.69850158691406,165.30349731445312,164.14999389648438,165.2834930419922,41134000
2021-08-13,GOOGL,136.69467163085938,136.82271722045272,136.00539109097147,136.22075907791498,15948000
2021-08-13,MSFT,281.65594482421875,281.7040218560263,278.24162438521927,278.41476627205253,18249000
2021-08-13,NVDA,20.14295196533203,20.168894922983885,19.806704058002392,19.860584414299286,183063000
2021-08-13,TSLA,239.05667114257812,243.3000030517578,238.1133270263672,241.23666381835938,50194500
2021-08-16,AAPL,147.6611328125,147.72953779617734,143.117568833467,145.1401825389347,103296000
2021-08-16,AMZN,164.94949340820312,165.0,160.55650329589844,164.14999389648438,66394000
2021-08-16,GOOGL,137.27230834960938,137.3249198670096,134.2843860879526,136.4936912096848,22384000
2021-08-16,MSFT,283.3389892578125,283.5505809829247,278.9340422580359,281.982882658373,22507600
2021-08-16,NVDA,19.905479431152344,20.241727260005828,19.409586914753046,20.090066043847173,210876000
2021-08-16,TSLA,228.72332763671875,236.5,225.46665954589844,235.02333068847656,68032200
2021-08-17,AAPL,146.75241088867188,148.20829780218608,145.67758203815535,146.79148879708086,92229700
2021-08-17,AMZN,162.09800720214844,164.02450561523438,161.28399658203125,163.875,67758000
2021-08-17,GOOGL,135.63665771484375,137.2286329994701,135.06150515244326,136.7169958893501,21716000
2021-08-17,MSFT,281.8770446777344,282.2136718464197,279.95349440073016,281.213446835132,20075300
2021-08-17,NVDA,19.41457748413086,19.725881495356077,19.224003737171717,19.641070192734382,204585000
2021-08-17,TSLA,221.90333557128906,224.86000061035156,216.27999877929688,224.22000122070312,71163900
2021-08-18,AAPL,143.01011657714844,147.27032560258291,142.80491649169554,146.37138432871737,86326000
2021-08-18,AMZN,160.06100463867188,162.7050018310547,160.0,162.09950256347656,56086000
2021-08-18,GOOGL,134.43325805664062,136.07634558098277,134.30671177014443,135.47637140289288,19258000
2021-08-18,MSFT,280.15228271484375,284.09347133334273,279.70899787712983,281.4146181894163,21813000
2021-08-18,NVDA,18.997512817382812,19.590187158874645,18.95760116460458,19.456485405778384,285913000
2021-08-18,TSLA,229.663330078125,231.92333984375,223.11666870117188,223.25,61048200
2021-08-19,AAPL,143.34228515625,144.61253336364982,141.1926423719419,141.71051038649435,86960300
2021-08-19,AMZN,159.3874969482422,161.64999389648438,159.1230010986328,159.7010040283203,75658000
2021-08-19,GOOGL,134.66253662109375,135.32999419006325,133.2432673738552,133.42737741097457,21782000
2021-08-19,MSFT,285.9725036621094,286.64704708243323,278.13832497152845,278.1864940413031,29850500
2021-08-19,NVDA,19.75382423400879,20.449269491332213,18.720134701148606,19.450501709268725,766555000
2021-08-19,TSLA,224.49000549316406,228.85000610351562,222.52999877929688,226.07000732421875,42940500
2021-08-20,AAPL,144.7982177734375,145.10112008303318,143.42048638829777,144.0653838336242,60549600
2021-08-20,AMZN,159.99749755859375,160.3905029296875,158.78799438476562,160.19349670410156,67168000
2021-08-20,GOOGL,136.39892578125,136.52248864700474,134.23576540706904,134.98014118566647,31194000
2021-08-20,MSFT,293.28631591796875,294.7124789833826,287.21554348054167,288.8151504653693,40817600
2021-08-20,NVDA,20.769554138183594,20.818444593442123,19.888524916692134,19.946394164006318,675741000
2021-08-20,TSLA,226.75332641601562,230.7100067138672,224.56666564941406,227.61666870117188,44525700
2021-08-23,AAPL,146.2834014892578,146.75241093803115,144.50505101044897,144.91543614181833,60131800
2021-08-23,AMZN,163.2935028076172,164.0449981689453,160.50050354003906,160.59500122070312,65362000
2021-08-23,GOOGL,138.9913330078125,139.8180789523817,136.57557987363364,136.93486475189124,28454000
2021-08-23,MSFT,293.5658264160156,294.28853895244464,290.8677113762467,292.21676889613116,22830200
2021-08-23,NVDA,21.90900421142578,21.947916747279645,20.903253990213756,20.924207040526813,575807000
2021-08-23,TSLA,235.43333435058594,237.3766632080078,226.9166717529297,228.47999572753906,60794700
2021-08-24,AAPL,146.19546508789062,147.40708910674365,145.7362213417673,146.02935786837372,48606400
2021-08-24,AMZN,165.28900146484375,165.77450561523438,163.72900390625,164.0,51036000
2021-08-24,GOOGL,140.2021484375,141.0145070223878,139.28606613478635,139.55701386958302,19268000
2021-08-24,MSFT,291.6096496582031,294.5294067686128,291.0122120736746,293.92232360780326,18175800
2021-08-24,NVDA,21.744369506835938,21.90999945326239,21.486945796783075,21.70445975402652,297299000
2021-08-24,TSLA,236.163330078125,238.4066619873047,234.2133331298828,236.89332580566406,39249300
2021-08-25,AAPL,144.96429443359375,146.87943995254733,144.41711425947602,146.3811034364789,58991300
2021-08-25,AMZN,164.95899963378906,166.0500030517578,164.3074951171875,165.49349975585938,33606000
2021-08-25,GOOGL,141.0135498046875,141.12322528868177,140.31583381143977,140.56295954298056,15848000
2021-08-25,MSFT,291.02178955078125,293.5079068482192,289.4896430501033,293.22844986666524,20006100
2021-08-25,NVDA,22.163433074951172,22.419859572593847,21.673529472839984,21.68849539272734,347701000
2021-08-25,TSLA,237.06666564941406,238.99000549316406,234.6666717529297,235.67666625976562,37936800
2021-08-26,AAPL,144.1630859375,145.7069245583274,144.13377377269998,144.95455911573424,48597200
2021-08-26,AMZN,165.8000030517578,166.60000610351562,164.8000030517578,164.9499969482422,41976000
2021-08-26,GOOGL,140.3798370361328,141.34950029059405,140.29695193911797,140.6870101446203,20610000
2021-08-26,MSFT,288.2080993652344,291.42657543670686,288.07320832644916,290.0389651127222,17666100
2021-08-26,NVDA,22.018754959106445,22.29014733822545,21.741375451642853,22.15046036413365,237940000
2021-08-26,TSLA,233.72000122070312,238.46665954589844,232.5399932861328,236.10333251953125,39642900
2021-08-27,AAPL,145.1988067626953,145.34536755607812,143.4693148530707,144.10443150378484,55802400
2021-08-27,AMZN,167.48150634765625,167.61599731445312,165.6875,166.6614990234375,48048000
2021-08-27,GOOGL,142.92410278320312,143.42878866169718,140.43589917778093,140.59023537546233,28780000
2021-08-27,MSFT,288.8151550292969,289.9233081860537,286.0302890699818,288.1117043575675,22605700
2021-08-27,NVDA,22.585487365722656,22.671295897934026,22.1175340779144,22.134496340275508,304722000
2021-08-27,TSLA,237.30667114257812,238.3333282470703,234.03334045410156,235.0,41501400
2021-08-30,AAPL,149.6153564453125,149.97689795560206,145.20858752404757,145.58966053577964,90956700
2021-08-30,AMZN,171.07850646972656,172.25,167.76100158691406,167.8715057373047,63844000
2021-08-30,GOOGL,143.50621032714844,144.87586650188038,143.08191071362054,143.3171329571625,24434000
2021-08-30,MSFT,292.54437255859375,293.15145574767917,290.106423632768,290.1642382786574,16348100
2021-08-30,NVDA,22.637372970581055,22.991580355069562,22.50067954473319,22.77905630499496,262580000
2021-08-30,TSLA,243.6366729736328,243.6666717529297,237.57666015625,238.24000549316406,55812600
2021-08-31,AAPL,148.35488891601562,149.30268857096087,147.82724018566304,149.1658935130071,86453100
2021-08-31,AMZN,173.5395050048828,173.62899780273438,169.7794952392578,171.24000549316406,87128000
2021-08-31,GOOGL,143.61239624023438,144.08284070648722,143.1990308749765,144.05853400521448,22448000
2021-08-31,MSFT,290.8965759277344,293.4212466452703,290.5303969246272,293.34417025857385,26285300
2021-08-31,NVDA,22.338985443115234,22.64834767167244,22.074530788334712,22.64834767167244,259850000
2021-08-31,TSLA,245.24000549316406,246.79666137695312,242.14666748046875,244.3333282470703,62566200
2021-09-01,AAPL,149.01930236816406,151.43276949828842,148.8531951656688,149.33198527371385,80313700
2021-09-01,AMZN,173.9499969482422,176.35000610351562,173.76199340820312,174.82000732421875,72598000
2021-09-01,GOOGL,144.12652587890625,145.15723608656572,143.79701482675657,143.91264203896188,21936000
2021-09-01,MSFT,290.8484191894531,294.0861866329376,290.5207930363041,291.8505888037755,18983800
2021-09-01,NVDA,22.394872665405273,22.650346976918826,22.311045692279038,22.438782848035817,201767000
2021-09-01,TSLA,244.69667053222656,247.3300018310547,243.7566680908203,244.69332885742188,39612900
2021-09-02,AAPL,150.1332550048828,151.17877201656754,148.91186498723962,150.3482208407517,71115500
2021-09-02,AMZN,173.156005859375,175.59800720214844,172.75,174.73800659179688,58474000
2021-09-02,GOOGL,142.21249389648438,144.4282505704674,142.1112538267308,144.12702918117816,32342000
2021-09-02,MSFT,290.1930847167969,292.3226688129112,289.2583755946985,291.2048996220678,16285600
2021-09-02,NVDA,22.349964141845703,22.546559703912333,22.2491719184046,22.47171310768264,187834000
2021-09-02,TSLA,244.1300048828125,246.99000549316406,243.51333618164062,244.8333282470703,38331900
2021-09-03,AAPL,150.76834106445312,151.09078972052774,149.5860293255129,150.24069238740682,57808700
2021-09-03,AMZN,173.90249633789062,174.1334991455078,171.82200622558594,172.60000610351562,51514000
2021-09-03,GOOGL,142.66159057617188,143.07397156605705,141.33262733689926,142.00753585009178,19850000
2021-09-03,MSFT,290.18353271484375,291.5904047928127,289.3355453558773,290.03896669123856,14747900
2021-09-03,NVDA,22.796051025390625,22.93875676620903,22.154372938246212,22.27911602482771,280532000
2021-09-03,TSLA,244.52333068847656,244.6666717529297,241.39999389648438,244.0833282470703,45738300
2021-09-07,AAPL,153.10360717773438,153.66055299380585,150.85624768920798,151.42297416263037,82278300
2021-09-07,AMZN,175.46449279785156,176.4044952392578,173.8470001220703,173.89999389648438,54758000
2021-09-07,GOOGL,143.1985321044922,143.48089873899315,142.5419937114171,142.75587753973872,20124000
2021-09-07,MSFT,289.25848388671875,290.1353787033477,287.350541443884,290.05830229855934,17180400
2021-09-07,NVDA,22.615421295166016,22.851933679293005,22.475707756123192,22.786069350584963,198107000
2021-09-07,TSLA,250.97332763671875,253.39999389648438,246.4199981689453,246.6666717529297,60119400
2021-09-08,AAPL,151.559814453125,153.4456331023822,150.45567332943037,153.38700877891932,74420200
2021-09-08,AMZN,176.27499389648438,177.281494140625,174.7834930419922,175.58250427246094,61068000
2021-09-08,GOOGL,142.6134490966797,143.3171319106359,141.92763663073742,143.01939373948818,18344000
2021-09-08,MSFT,289.2873229980469,289.67276374560055,286.6470229996981,288.8729749296078,15046800
2021-09-08,NVDA,22.29307746887207,22.56352027129148,21.93182023150501,22.4667195564941,254434000
2021-09-08,TSLA,251.2899932861328,254.81666564941406,246.92333984375,253.86000061035156,56379000
2021-09-09,AAPL,150.5436248779297,152.53692642541913,150.42636132134103,151.93112186962642,57305700
2021-09-09,AMZN,174.20799255371094,177.49949645996094,174.01849365234375,176.30099487304688,54384000
2021-09-09,GOOGL,142.46456909179688,143.22829924541583,142.10380011064456,142.76182262055423,15314000
2021-09-09,MSFT,286.43499755859375,291.1470962428215,286.1940934395369,289.87511543646343,19927000
2021-09-09,NVDA,22.13141632080078,22.49167436409393,22.08551134357219,22.26613906339988,196856000
2021-09-09,TSLA,251.6199951171875,254.03334045410156,250.5433349609375,251.1366729736328,42233100
2021-09-10,AAPL,145.56033325195312,151.9213251437336,145.2965089144569,151.45231569560596,140893200
2021-09-10,AMZN,173.45750427246094,175.42250061035156,173.14549255371094,175.0915069580078,47946000
2021-09-10,GOOGL,139.81954956054688,143.63323266843653,139.68258396569115,143.13101539105872,36840000
2021-09-10,MSFT,284.9510803222656,289.0079277198995,284.6330997569278,287.56250269932383,19633400
2021-09-10,NVDA,22.431793212890625,22.57948778548867,22.22422061022854,22.302059384512948,248376000
2021-09-10,TSLA,245.42333984375,254.20333862304688,244.83999633789062,253.1999969482422,45552600
2021-09-13,AAPL,146.12705993652344,147.95425407222461,145.34536758274155,147.18234237769772,102404300
2021-09-13,AMZN,172.85850524902344,174.8979949951172,171.89999389648438,174.13999938964844,51380000
2021-09-13,GOOGL,141.26513671875,141.87799874708952,140.1907502683079,140.88499809629892,22094000
2021-09-13,MSFT,286.1844482421875,287.678071426656,283.3803207637957,286.7240711170078,23652900
2021-09-13,NVDA,22.106462478637695,22.916793521350062,21.813066231192824,22.6373684331441,297500000
2021-09-13,TSLA,247.6666717529297,248.25999450683594,236.28334045410156,246.73666381835938,68857500
2021-09-14,AAPL,144.7297821044922,147.61227358439965,143.5474852815467,146.9087519585389,109296300
2021-09-14,AMZN,172.5,174.3404998779297,171.885498046875,173.77749633789062,38738000
2021-09-14,GOOGL,141.4755401611328,142.28791402642847,140.68700352159263,141.9231620681561,19674000
2021-09-14,MSFT,288.88262939453125,290.4244218394307,287.25411498430714,288.66098698942704,21853400
2021-09-14,NVDA,22.196279525756836,22.363933451036715,22.040600065099298,22.22921073103916,199755000
2021-09-14,TSLA,248.163330078125,251.49000549316406,245.46665954589844,247.52333068847656,55574700
2021-09-15,AAPL,145.6189422607422,146.01956159972383,143.01982179601146,145.1596986106003,83281300
2021-09-15,AMZN,173.7895050048828,174.27099609375,170.10049438476562,172.12600708007812,59150000
2021-09-15,GOOGL,143.346435546875,143.3672741920818,140.28754656710873,141.7008640719296,27408000
2021-09-15,MSFT,293.7296142578125,294.21142254991946,290.83876450517084,292.2263747390184,28356300
2021-09-15,NVDA,22.295074462890625,22.321021990703297,21.920845329366998,22.263140654637013,166538000
2021-09-15,TSLA,251.94332885742188,252.2866668701172,246.1199951171875,248.3333282470703,46073100
2021-09-16,AAPL,145.38446044921875,145.56034832894838,143.85040265204483,145.0424802595639,68034100
2021-09-16,AMZN,174.41200256347656,174.62750244140625,172.3070068359375,172.9980010986328,51672000
2021-09-16,GOOGL,142.5330352783203,143.2178632283593,141.33360198236525,142.87098166719957,26190000
2021-09-16,MSFT,294.1150207519531,294.2017427055618,289.8172995209801,292.7081489368997,19550800
2021-09-16,NVDA,22.196279525756836,22.231207426856813,21.881926512429214,22.13740079198433,156033000
2021-09-16,TSLA,252.3300018310547,252.97000122070312,249.20333862304688,250.94332885742188,41770200
2021-09-17,AAPL,142.7169189453125,145.4137565229727,142.423782481279,145.4137565229727,129868800
2021-09-17,AMZN,173.12600708007812,174.87049865722656,172.60650634765625,174.42050170898438,92332000
2021-09-17,GOOGL,139.744140625,142.37426215695461,139.4166134851855,141.95791332781604,53384000
2021-09-17,MSFT,288.95965576171875,293.42120456252405,288.63202970257026,293.1032240780458,41372500
2021-09-17,NVDA,21.854982376098633,22.275116504076188,21.785126571378843,22.25415976266025,294503000
2021-09-17,TSLA,253.163330078125,253.67999267578125,250.0,252.38333129882812,84612600
2021-09-20,AAPL,139.6683349609375,141.5248410433877,138.03656037257468,140.50865153615536,123478900
2021-09-20,AMZN,167.7864990234375,170.9499969482422,165.25050354003906,169.8000030517578,93382000
2021-09-20,GOOGL,137.67922973632812,137.95762854767855,135.29971724995474,137.12541555299168,46518000
2021-09-20,MSFT,283.5923767089844,287.85157536698296,278.98629016221753,285.5485173899759,38278700
2021-09-20,NVDA,21.069602966308594,21.38894489978741,20.619529786404915,21.102534175277412,349440000
2021-09-20,TSLA,243.38999938964844,247.3333282470703,239.5399932861328,244.85333251953125,74273100
2021-09-21,AAPL,140.14712524414062,141.29035906389458,139.51200859720305,140.6356810985669,75834000
2021-09-21,AMZN,167.18150329589844,168.98500061035156,166.6195068359375,168.75,55618000
2021-09-21,GOOGL,137.99037170410156,138.9615341232581,137.24102873624298,138.70149030553176,25332000
2021-09-21,MSFT,284.0741271972656,286.7144563554884,283.37070598587525,284.93175998192237,22364100
2021-09-21,NVDA,21.20232582092285,21.380956807798107,20.906934767163182,21.372973831688537,204688000
2021-09-21,TSLA,246.4600067138672,248.24667358398438,243.47999572753906,244.92999267578125,48992100
2021-09-22,AAPL,142.51173400878906,143.0784456211062,140.41093510559722,141.14376881169068,76404300
2021-09-22,AMZN,169.00250244140625,169.4499969482422,167.05250549316406,167.5500030517578,48228000
2021-09-22,GOOGL,139.2315216064453,139.8304963856978,137.51251502650064,138.25937452976518,25056000
2021-09-22,MSFT,287.7166442871094,289.29698969688434,283.7947469001605,285.9339770236081,26626300
2021-09-22,NVDA,21.89590072631836,21.91486077380473,21.15243122045159,21.32208186520741,268726000
2021-09-22,TSLA,250.64666748046875,251.22332763671875,246.3733367919922,247.8433380126953,45378900
2021-09-23,AAPL,143.4693145751953,143.71359250338787,142.30654925147212,143.29342671393508,64838200
2021-09-23,AMZN,170.8000030517578,171.447998046875,169.00250244140625,169.00250244140625,47588000
2021-09-23,GOOGL,140.1570281982422,140.6339242140277,139.34863720343068,139.93024135046866,20952000
2021-09-23,MSFT,288.6610107421875,289.95225356645904,286.70487005513655,287.9768511323882,18604600
2021-09-23,NVDA,22.435789108276367,22.488679665471388,21.845004991544315,22.094491122204907,248555000
2021-09-23,TSLA,251.2133331298828,252.73333740234375,249.30667114257812,251.6666717529297,35842500
2021-09-24,AAPL,143.55723571777344,144.09465008430436,142.22836333396052,142.326080458617,53477900
2021-09-24,AMZN,171.2760009765625,171.46299743652344,169.6699981689453,170.10049438476562,42324000
2021-09-24,GOOGL,141.1485137939453,141.26315661492927,139.18931795972466,139.48458758729717,22984000
2021-09-24,MSFT,288.4586181640625,288.8922279642704,286.1266531897196,287.3793723405542,14999000
2021-09-24,NVDA,22.03561019897461,22.10347121162325,21.816063110959004,22.02463313008802,217655000
2021-09-24,TSLA,258.1300048828125,258.26666259765625,248.18666076660156,248.6300048828125,64119000
2021-09-27,AAPL,142.04275512695312,142.61926249136263,140.52824357765476,142.14047228283127,74150700
2021-09-27,AMZN,170.2899932861328,170.77850341796875,166.98049926757812,168.5749969482422,72690000
2021-09-27,GOOGL,140.01409912109375,140.87410203574274,139.01713059177794,139.74860330168596,21882000
2021-09-27,MSFT,283.467041015625,285.683346907745,282.2817822917721,285.3653664442536,23571700
2021-09-27,NVDA,21.615478515625,21.754192745335704,21.281168009429962,21.665374981095614,245215000
2021-09-27,TSLA,263.78668212890625,266.3333435058594,256.4366760253906,257.7066650390625,84212100
2021-09-28,AAPL,138.6619110107422,141.4369043819852,138.44694526555043,139.97123697906306,108972300
2021-09-28,AMZN,165.79800415039062,168.45950317382812,164.5050048828125,167.885498046875,88616000
2021-09-28,GOOGL,134.8114013671875,138.0534004027572,134.34492472467014,137.61521342871015,45772000
2021-09-28,MSFT,273.2045593261719,280.20042503434115,272.4625851539167,279.25607020918045,43186200
2021-09-28,NVDA,20.656450271606445,21.374971448404203,20.608548606029547,21.17039292521659,343069000
2021-09-28,TSLA,259.1866760253906,265.21331787109375,255.39332580566406,262.3999938964844,76144200
2021-09-29,AAPL,139.56088256835938,141.14379894035906,138.77919013309102,139.2091217179658,74602000
2021-09-29,AMZN,165.05599975585938,167.56500244140625,164.89349365234375,166.10549926757812,51246000
2021-09-29,GOOGL,133.34597778320312,136.1224998181307,132.86114615387476,135.952776944704,30848000
2021-09-29,MSFT,273.6671142578125,276.3363216518175,272.7131432346265,274.7270983987107,26353700
2021-09-29,NVDA,20.474828720092773,20.97380099971787,20.42493035007335,20.896959603658967,218394000
2021-09-29,TSLA,260.4366760253906,264.5,256.8933410644531,259.9333190917969,62828700
2021-09-30,AAPL,138.2613067626953,141.075393254431,138.04634099404652,140.37187163149707,89056700
2021-09-30,AMZN,164.2519989013672,166.3925018310547,163.69949340820312,165.8000030517578,56848000
2021-09-30,GOOGL,132.6735382080078,134.526041888036,132.55444295249788,133.25465763125644,37996000
2021-09-30,MSFT,271.6628112792969,277.3577596425143,271.3737086480666,275.3148971070343,32343600
2021-09-30,NVDA,20.67341423034668,21.022695124605836,20.645471911080165,20.725307380902738,221009000
2021-09-30,TSLA,258.49334716796875,263.0433349609375,258.3333435058594,260.3333435058594,53868000
2021-10-01,AAPL,139.38497924804688,139.64880358400276,135.9260103602956,138.65214546670163,94639600
2021-10-01,AMZN,164.16299438476562,165.45849609375,162.7969970703125,164.45050048828125,56712000
2021-10-01,GOOGL,135.51905822753906,135.88381020641216,133.06757963803923,133.4392677350906,35360000
2021-10-01,MSFT,278.5815124511719,279.4294996045535,271.05567057576917,271.8554592638854,30086300
2021-10-01,NVDA,20.699365615844727,20.816123798789594,20.161472062841753,20.707348593286746,240978000
2021-10-01,TSLA,258.40667724609375,260.260009765625,254.52999877929688,259.4666748046875,51094200
2021-10-04,AAPL,135.9553680419922,138.95510914797657,135.10528534204386,138.5153968043033,98322000
2021-10-04,AMZN,159.48899841308594,163.99949645996094,158.8125,163.96949768066406,90462000
2021-10-04,GOOGL,132.65716552734375,134.94090486104298,130.0672375051425,134.94090486104298,51202000
2021-10-04,MSFT,272.8095397949219,277.28073588964816,270.0536098456087,276.94346412614277,31350700
2021-10-04,NVDA,19.691438674926758,20.499773082317855,19.514802475612257,20.461851089635363,345635000
2021-10-04,TSLA,260.510009765625,268.989990234375,258.7066650390625,265.5,91449900
2021-10-05,AAPL,137.88023376464844,138.9843747661612,136.17028827499877,136.29731756814027,80861100
2021-10-05,AMZN,161.0500030517578,163.0364990234375,160.1230010986328,160.22500610351562,65384000
2021-10-05,GOOGL,135.00296020507812,136.195457682752,133.03582852986017,133.03582852986017,32404000
2021-10-05,MSFT,278.25390625,279.83422199721866,273.7152514221425,273.7152514221425,24993000
2021-10-05,NVDA,20.40896224975586,20.605557809774158,19.813189288670248,19.9089926262976,279282000
2021-10-05,TSLA,260.1966552734375,265.7699890136719,258.0666809082031,261.6000061035156,55297800
2021-10-06,AAPL,138.74989318847656,138.89645401323804,135.20297213380132,136.27780121386797,83221100
2021-10-06,AMZN,163.10049438476562,163.2169952392578,159.93099975585938,160.67649841308594,50660000
2021-10-06,GOOGL,136.5334014892578,136.7170117498164,133.54101160192383,133.739508771599,24364000
2021-10-06,MSFT,282.4455871582031,282.9466865037661,275.1221260888592,275.3822919286594,28002600
2021-10-06,NVDA,20.657451629638672,20.677409072761147,20.038725210568696,20.07864390366975,297202000
2021-10-06,TSLA,260.9166564941406,262.2200012207031,257.739990234375,258.73333740234375,43898400
2021-10-07,AAPL,140.01031494140625,140.91903648455812,139.453369081024,139.78558344753552,61732700
2021-10-07,AMZN,165.1215057373047,166.28750610351562,164.1529998779297,164.57699584960938,48182000
2021-10-07,GOOGL,138.18096923828125,138.9918439552087,137.6112685285456,137.85045862396706,25110000
2021-10-07,MSFT,284.12225341796875,285.8471347165707,283.2260973751149,284.44023383705974,20430500
2021-10-07,NVDA,21.031679153442383,21.27817116327567,20.928890239898514,21.048642502901718,256919000
2021-10-07,TSLA,264.53668212890625,268.3333435058594,261.1266784667969,261.82000732421875,57587400
2021-10-08,AAPL,139.6292724609375,140.87997439192273,139.2970580219821,140.73341358342566,58773200
2021-10-08,AMZN,164.43099975585938,166.07150268554688,164.41000366210938,165.85000610351562,39964000
2021-10-08,GOOGL,138.73724365234375,139.2786394526992,138.17349477354347,138.53029594438388,26526000
2021-10-08,MSFT,284.12225341796875,285.8471347165707,283.07191524829585,285.44240295776655,17685700
2021-10-08,NVDA,20.788179397583008,21.162408551642596,20.73229475421555,21.057624845328608,151258000
2021-10-08,TSLA,261.8299865722656,265.4599914550781,260.3033447265625,265.4033203125,50215800
2021-10-11,AAPL,139.5413360595703,141.49555969160025,138.56422424355534,139.0137022391212,64452200
2021-10-11,AMZN,162.31500244140625,164.62950134277344,161.90499877929688,163.75,40684000
2021-10-11,GOOGL,137.87228393554688,139.6568048342749,137.81768850604507,138.2474552462398,17954000
2021-10-11,MSFT,283.5249328613281,287.12884966284184,282.0987696561335,282.26259742313226,19298600
2021-10-11,NVDA,20.65245819091797,21.019701745235178,20.468836413759362,20.532705933838944,163388000
2021-10-11,TSLA,263.9800109863281,267.0799865722656,261.8333435058594,262.54998779296875,42600900
2021-10-12,AAPL,138.2710723876953,139.97125212650982,137.81182869231796,139.95170571768443,73035900
2021-10-12,AMZN,162.3665008544922,163.37649536132812,161.81399536132812,162.85000610351562,36392000
2021-10-12,GOOGL,135.42575073242188,138.4608169354208,134.7419071206259,138.43401141680982,36332000
2021-10-12,MSFT,282.2240295410156,284.69088564097564,281.7133139283031,284.5945181012245,17974100
2021-10-12,NVDA,20.628507614135742,21.013713821439726,20.485801919360195,20.785184469191023,162134000
2021-10-12,TSLA,268.5733337402344,270.7733459472656,265.5233459472656,266.9766540527344,66060000
2021-10-13,AAPL,137.684814453125,138.16358964828814,136.0139468710265,138.00726310614547,78762700
2021-10-13,AMZN,164.21400451660156,164.41900634765625,163.05450439453125,163.48550415039062,48402000
2021-10-13,GOOGL,136.55026245117188,136.96512710925458,135.49523045857015,136.37210417426144,19654000
2021-10-13,MSFT,285.5291748046875,286.4638838944547,282.81176948302556,284.1801177182295,23416300
2021-10-13,NVDA,20.895959854125977,20.946855619421928,20.670424556091195,20.87500311019732,180652000
2021-10-13,TSLA,270.3599853515625,271.8033447265625,268.59332275390625,270.15667724609375,42360300
2021-10-14,AAPL,140.46957397460938,140.58683751822448,138.27107262847971,138.8573456179309,69907100
2021-10-14,AMZN,164.9929962158203,165.6300048828125,164.53900146484375,165.12249755859375,42190000
2021-10-14,GOOGL,140.09249877929688,140.27759317448889,137.78393763383104,138.4280727926186,31894000
2021-10-14,MSFT,291.7348937988281,292.2359637895139,286.9938877052562,288.32368317323034,27262900
2021-10-14,NVDA,21.701297760009766,21.710278132179713,21.078579947879327,21.24423907265569,243589000
2021-10-14,TSLA,272.7733459472656,273.4166564941406,271.1166687011719,271.8299865722656,36741600
2021-10-15,AAPL,141.52488708496094,141.5835114147044,140.2253264406504,140.47938508226497,67940300
2021-10-15,AMZN,170.4510040283203,170.52099609375,165.1999969482422,165.5709991455078,103598000
2021-10-15,GOOGL,140.307861328125,140.65524269555343,139.69946688773342,140.55251849051083,30274000
2021-10-15,MSFT,293.1418151855469,293.37310318030734,289.5860673662888,291.3398567409262,25384800
2021-10-15,NVDA,21.817062377929688,21.885920792719308,21.6174746181001,21.765169217756938,226994000
2021-10-15,TSLA,281.010009765625,281.07000732421875,274.1166687011719,274.5799865722656,56773800
2021-10-18,AAPL,143.19570922851562,143.4790650348245,139.883301471598,140.16665727790686,85589200
2021-10-18,AMZN,172.33700561523438,172.45849609375,169.2550048828125,169.41799926757812,63482000
2021-10-18,GOOGL,141.70730590820312,141.72517625679853,140.0116218475846,140.01857311030093,20396000
2021-10-18,MSFT,296.1097106933594,296.99622136989956,291.67706908893643,292.52505628022925,22729300
2021-10-18,NVDA,22.176321029663086,22.245179438302365,21.599508134493956,21.70429374523038,189494000
2021-10-18,TSLA,290.03668212890625,291.7533264160156,283.8233337402344,283.92999267578125,72621600
2021-10-19,AAPL,145.3551483154297,145.75576773810008,143.19573955238386,143.64520263819782,76378900
2021-10-19,AMZN,172.20750427246094,172.7344970703125,171.10000610351562,171.71449279785156,47722000
2021-10-19,GOOGL,142.16285705566406,142.5851727491795,141.5306404974809,142.3122259032988,20164000
2021-10-19,MSFT,297.0155334472656,298.046580784232,296.04227134224186,297.1311627256362,17682100
2021-10-19,NVDA,22.244182586669922,22.332998439284385,21.99170238328711,22.23020952192543,161473000
2021-10-19,TSLA,288.0899963378906,292.6499938964844,287.5033264160156,292.510009765625,52143300
2021-10-20,AAPL,145.84368896484375,146.32247907181252,144.7297822080243,145.29650879090318,58418800
2021-10-20,AMZN,170.7530059814453,173.14300537109375,170.01849365234375,172.63299560546875,42796000
2021-10-20,GOOGL,140.7058563232422,142.46953840645264,140.31629790538835,142.26309046678062,23288000
2021-10-20,MSFT,296.2253723144531,298.4320624863461,294.9726531333277,297.95987037171125,16537100
2021-10-20,NVDA,22.05756378173828,22.386885328770948,21.936812230588348,22.25914819788741,146276000
2021-10-20,TSLA,288.6000061035156,289.8299865722656,285.7933349609375,288.45001220703125,42096300
2021-10-21,AAPL,146.0586395263672,146.2149809625118,144.48548923531962,145.40397653574416,61421000
2021-10-21,AMZN,171.75050354003906,172.01400756835938,170.14999389648438,170.71249389648438,37628000
2021-10-21,GOOGL,140.82200622558594,141.0899857507834,139.44639818872457,140.70587924060632,26292000
2021-10-21,MSFT,299.4533996582031,299.7039198899631,295.2134645701464,295.99402079876546,16918100
2021-10-21,NVDA,22.645353317260742,22.664315265498782,22.03760593572372,22.051577096140026,187590000
2021-10-21,TSLA,298.0,300.0,285.1666564941406,285.3333435058594,94444500
2021-10-22,AAPL,145.2867431640625,146.74263007605518,145.23788459644618,146.26385487822307,58883400
2021-10-22,AMZN,166.77749633789062,171.49200439453125,166.56500244140625,171.0500030517578,62782000
2021-10-22,GOOGL,136.53488159179688,139.52875553803523,135.03571082515822,138.10650299028052,50588000
2021-10-22,MSFT,297.9117126464844,299.77148563337295,296.6011787740469,299.10658782442397,17449300
2021-10-22,NVDA,22.679285049438477,23.08245393094305,22.514625207539453,22.776085781397935,249384000
2021-10-22,TSLA,303.2266540527344,303.3333435058594,296.9866638183594,298.5,68642400
2021-10-25,AAPL,145.23789978027344,145.95118723150932,144.24124155296286,145.27697769272697,50720600
2021-10-25,AMZN,166.01849365234375,167.38999938964844,164.88499450683594,166.75,44520000
2021-10-25,GOOGL,136.41629028320312,136.96513715391242,134.40845059559413,136.51851473554404,34412000
2021-10-25,MSFT,296.9192199707031,298.1430025992538,295.30996713441385,298.1044496970303,17554500
2021-10-25,NVDA,23.118377685546875,23.306988333243538,22.72319183981587,22.925773646601172,230235000
2021-10-25,TSLA,341.6199951171875,348.3399963378906,314.73333740234375,316.84332275390625,188556300
2021-10-26,AAPL,145.90235900878906,147.3875583918874,145.59944178965912,145.91212476055014,60893400
2021-10-26,AMZN,168.80349731445312,170.80599975585938,167.19900512695312,167.47549438476562,53966000
2021-10-26,GOOGL,138.26380920410156,139.0324915543169,137.26734051447318,138.21914848241224,49236000
2021-10-26,MSFT,298.8271484375,301.03383882381803,297.3721072772416,299.6847813807239,28107300
2021-10-26,NVDA,24.666194915771484,25.207082591726095,23.874825605142483,23.939692534950368,485898000
2021-10-26,TSLA,339.4766540527344,364.9800109863281,333.8133239746094,341.5633239746094,187245000
2021-10-27,AAPL,145.4430694580078,146.30291753836434,145.09130868119013,145.94139101285785,56094900
2021-10-27,AMZN,169.62449645996094,171.85000610351562,168.57249450683594,169.39999389648438,54044000
2021-10-27,GOOGL,145.1210174560547,147.53527135391386,138.35960422116113,138.35960422116113,85782000
2021-10-27,MSFT,311.41192626953125,314.2353152759642,304.5027837125642,304.5027837125642,52588700
2021-10-27,NVDA,24.400741577148438,25.038428062047632,24.232088329597563,24.42369501670846,245990000
2021-10-27,TSLA,345.9533386230469,356.9599914550781,343.59332275390625,346.5533447265625,115579500
2021-10-28,AAPL,149.0779266357422,149.6641846605071,146.2931525621037,146.39086968766787,100077900
2021-10-28,AMZN,172.32850646972656,173.9499969482422,169.3000030517578,170.10499572753906,114174000
2021-10-28,GOOGL,144.75526428222656,146.05445366795587,143.54242804880974,146.03113135042497,36206000
2021-10-28,MSFT,312.5490417480469,313.0501117800628,309.667808194034,312.5297505959251,26297900
2021-10-28,NVDA,24.889732360839844,24.89871463743383,24.472592314193292,24.82686213496586,234204000
2021-10-28,TSLA,359.0133361816406,360.3333435058594,351.3999938964844,356.10333251953125,81639600
2021-10-29,AAPL,146.37132263183594,146.5081176612954,143.05891485963772,143.85037288076313,124953200
2021-10-29,AMZN,168.6215057373047,168.74099731445312,163.66600036621094,165.00100708007812,129722000
2021-10-29,GOOGL,146.935791015625,147.13032034071645,143.5647621281139,143.99004609130722,43320000
2021-10-29,MSFT,319.55450439453125,319.9206833758431,312.115383713237,312.33702609856846,34766000
2021-10-29,NVDA,25.51444435119629,25.65615265639552,24.948610430057254,24.949607826287217,292503000
2021-10-29,TSLA,371.3333435058594,371.7366638183594,357.7366638183594,360.6199951171875,89755200
2021-11-01,AAPL,145.5505828857422,146.2736360885386,144.41712959922393,145.57989504750188,74588300
2021-11-01,AMZN,165.90550231933594,168.79299926757812,164.6009979248047,168.08999633789062,72178000
2021-11-01,GOOGL,142.4208984375,146.93579626429255,142.15143480145554,146.93579626429255,46924000
2021-11-01,MSFT,317.3863525390625,319.429214753653,314.49550312432325,319.3039399071891,27073200
2021-11-01,NVDA,25.773908615112305,25.84077032372531,25.175141619253885,25.59627502178263,265740000
2021-11-01,TSLA,402.86334228515625,403.25,372.88665771484375,381.6666564941406,168146100
2021-11-02,AAPL,146.58628845214844,148.10081443519022,145.2476354029817,145.25741606122364,69122000
2021-11-02,AMZN,165.6374969482422,166.55599975585938,164.17750549316406,165.75050354003906,52552000
2021-11-02,GOOGL,144.34188842773438,145.50956421119818,143.25311477300548,143.49528827408025,33482000
2021-11-02,MSFT,321.0096130371094,321.31797741681345,317.9934882764792,318.2922070795532,26487100
2021-11-02,NVDA,26.34672737121582,26.623158377452754,25.746962995391332,25.768919034563826,294112000
2021-11-02,TSLA,390.6666564941406,402.86334228515625,382.0,386.4533386230469,128213400
2021-11-03,AAPL,148.02264404296875,148.49165344387518,146.39086943374969,146.9478153017873,54511500
2021-11-03,AMZN,169.1999969482422,169.74600219726562,164.87600708007812,165.4499969482422,67944000
2021-11-03,GOOGL,145.49867248535156,145.56913921007816,143.50671917135764,144.8063933276679,27494000
2021-11-03,MSFT,321.8479919433594,322.7152411300204,318.6198699750525,321.75162438767495,21500100
2021-11-03,NVDA,26.543325424194336,26.72894390976585,26.18107263291449,26.615177925392462,239910000
2021-11-03,TSLA,404.6199951171875,405.1300048828125,384.2066650390625,392.4433288574219,103885500
2021-11-04,AAPL,147.5048065185547,148.94114717338857,147.19212358039826,148.11061107430388,60394600
2021-11-04,AMZN,173.85000610351562,174.93150329589844,168.25,168.5,107060000
2021-11-04,GOOGL,147.15562438964844,148.61063405572054,145.21081578710826,146.02119056573684,38412000
2021-11-04,MSFT,324.1991271972656,324.2954947256181,317.52127212453837,320.7783004950608,23992200
2021-11-04,NVDA,29.739748001098633,31.300532553298538,27.062262041435563,27.17303395437045,1153631000
2021-11-04,TSLA,409.9700012207031,414.4966735839844,405.6666564941406,411.4700012207031,76192200
2021-11-05,AAPL,148.03318786621094,148.93344079375584,146.83937063089465,148.6300964838691,65463900
2021-11-05,AMZN,175.94949340820312,178.3125,173.8489990234375,173.85000610351562,99940000
2021-11-05,GOOGL,147.73574829101562,149.20017778946539,147.08566141589458,148.05085702722778,38354000
2021-11-05,MSFT,323.8330078125,326.46369184358485,322.25269180428967,326.1938803589028,22570100
2021-11-05,NVDA,29.690845489501953,31.335456833245594,29.34954751211164,30.12495081284974,851260000
2021-11-05,TSLA,407.36334228515625,413.2900085449219,402.6666564941406,409.3333435058594,64886400
2021-11-08,AAPL,147.21119689941406,148.3169491501547,146.9372075697029,148.16037955280584,55020900
2021-11-08,AMZN,174.44900512695312,178.9499969482422,174.39300537109375,176.16200256347656,61480000
2021-11-08,GOOGL,147.91342163085938,149.48554284378903,147.31741521200507,148.7014585767388,23052000
2021-11-08,MSFT,324.72918701171875,325.3651775717721,322.2719761541362,325.0279058404524,20897000
2021-11-08,NVDA,30.74068260192871,31.03607369583626,29.8455251398631,30.08702828256524,503101000
2021-11-08,TSLA,387.64666748046875,399.0,377.6666564941406,383.2633361816406,100337100
2021-11-09,AAPL,147.57330322265625,148.17999196283563,146.83939977322487,146.97639448653322,56787900
2021-11-09,AMZN,178.81149291992188,179.68850708007812,175.07150268554688,175.7624969482422,85898000
2021-11-09,GOOGL,147.80177307128906,148.71090441297886,146.14081490134637,148.1139135667592,19530000
2021-11-09,MSFT,323.72705078125,326.3962585249897,322.3587020914844,324.8448203047502,21307400
2021-11-09,NVDA,30.59398078918457,32.243584649409264,29.90240643770052,32.215642328275685,646746000
2021-11-09,TSLA,341.1666564941406,391.5,337.17333984375,391.20001220703125,177317400
2021-11-10,AAPL,144.74533081054688,146.90790623545243,144.67684091878007,146.80026646441542,65187100
2021-11-10,AMZN,174.1024932861328,180.2725067138672,173.1544952392578,178.19349670410156,80548000
2021-11-10,GOOGL,144.79942321777344,146.95961498797055,143.4536043601575,146.39388220777226,29970000
2021-11-10,MSFT,318.7643127441406,322.45498024865833,317.91635496264894,322.39716561372114,25500900
2021-11-10,NVDA,29.398447036743164,30.786588600174127,28.7188470671738,29.29566001580233,636206000
2021-11-10,TSLA,355.98333740234375,359.3666687011719,329.10333251953125,336.8033447265625,128408100
2021-11-11,AAPL,144.69638061523438,146.22289720379737,144.51045604306032,145.76299817171153,41000000
2021-11-11,AMZN,173.625,177.16200256347656,173.37350463867188,175.64999389648438,45288000
2021-11-11,GOOGL,144.67340087890625,146.4291476158048,144.50864533911016,145.39098629504358,16518000
2021-11-11,MSFT,320.33502197265625,321.62626453740313,318.4848947841872,319.197961574822,16849800
2021-11-11,NVDA,30.327531814575195,30.527121469817228,29.715792890325954,30.405372503422235,332172000
2021-11-11,TSLA,354.5033264160156,368.3233337402344,351.55999755859375,367.5899963378906,67189800
2021-11-12,AAPL,146.77090454101562,147.17209373098063,144.3147648635999,145.24437287945577,63804000
2021-11-12,AMZN,176.25750732421875,177.0364990234375,172.3524932861328,174.25,53788000
2021-11-12,GOOGL,147.5630645751953,147.7337869920276,144.32056534887636,145.51603116453387,22360000
2021-11-12,MSFT,324.46893310546875,324.9603869066264,321.645543957004,321.7708188010042,23831000
2021-11-12,NVDA,30.327531814575195,30.61693662433334,29.56909378945469,29.948313753728954,413054000
2021-11-12,TSLA,344.47332763671875,351.5,339.73333740234375,349.1666564941406,76719300
2021-11-15,AAPL,146.7806854248047,148.620341460146,146.22291165316477,147.14273967083543,59222800
2021-11-15,AMZN,177.28399658203125,179.69400024414062,176.29049682617188,176.85000610351562,58594000
2021-11-15,GOOGL,147.3387451171875,148.42801853120432,146.46832288502367,147.78388336285937,23508000
2021-11-15,MSFT,323.8426513671875,325.58679513357146,321.87686518692334,325.2591690047351,16723000
2021-11-15,NVDA,29.963281631469727,30.581008726244367,29.186880973756832,30.48919878124828,384909000
2021-11-15,TSLA,337.7966613769531,343.99334716796875,326.20001220703125,339.2099914550781,104326800
2021-11-16,AAPL,147.75921630859375,148.23870523347338,146.1348398835429,146.72196856987298,59256200
2021-11-16,AMZN,177.03500366210938,178.8249969482422,176.25750732421875,176.9499969482422,44342000
2021-11-16,GOOGL,146.76708984375,147.6469319540117,146.20780848443775,147.03853742252912,18904000
2021-11-16,MSFT,327.157470703125,328.27526945186895,323.30300442769504,323.4668027763442,20886800
2021-11-16,NVDA,30.140914916992188,30.3275308006158,29.644936791171745,29.697829247202147,264484000
2021-11-16,TSLA,351.57666015625,352.3999938964844,334.05999755859375,334.4366760253906,79627200
2021-11-17,AAPL,150.19577026367188,151.6733569463972,147.7494257967945,147.7592057993934,88807000
2021-11-17,AMZN,177.4499969482422,179.3625030517578,177.2675018310547,178.23599243164062,51206000
2021-11-17,GOOGL,146.93678283691406,147.44543653660836,146.13584294303453,146.91742834177577,19594000
2021-11-17,MSFT,327.3795166015625,330.3432389660273,326.298296191854,327.20575534879794,19053400
2021-11-17,NVDA,29.200851440429688,30.446287176657105,28.74079861985027,30.355472726652906,428508000
2021-11-17,TSLA,363.0033264160156,373.21331787109375,351.8333435058594,354.5033264160156,94336200
2021-11-18,AAPL,154.4817657470703,155.2645990140686,149.7652210699027,150.411059635024,137827700
2021-11-18,AMZN,184.80299377441406,185.2100067138672,178.0500030517578,178.3175048828125,114070000
2021-11-18,GOOGL,148.71485900878906,149.45129909726722,146.77551730421044,147.1298348231303,35608000
2021-11-18,MSFT,329.4550476074219,330.5942177948435,325.44872862025187,326.47202852171574,22463500
2021-11-18,NVDA,31.609886169433594,32.69265486336279,31.25661378214152,32.30046499188138,781711000
2021-11-18,TSLA,365.4599914550781,370.6666564941406,358.3399963378906,368.8500061035156,62696700
2021-11-19,AAPL,157.104248046875,157.5641620110988,153.1705218782956,154.2664794451428,117305600
2021-11-19,AMZN,183.82850646972656,188.1074981689453,183.78599548339844,185.63450622558594,98734000
2021-11-19,GOOGL,147.80967712402344,149.83438735066673,147.78238698513604,148.85080652363035,33682000
2021-11-19,MSFT,331.2313232421875,333.152448348102,330.3528538835382,330.7776231911043,21963400
2021-11-19,NVDA,32.917198181152344,33.01998709870693,31.839418254930216,32.17672282311157,533867000
2021-11-19,TSLA,379.0199890136719,379.5733337402344,364.23333740234375,366.2900085449219,64926900
2021-11-22,AAPL,157.5641632080078,162.14371301680876,157.54458827093626,158.20998681834752,117467900
2021-11-22,AMZN,178.6284942626953,185.67300415039062,178.375,183.81900024414062,96844000
2021-11-22,GOOGL,145.20489501953125,148.7059389463895,145.05155832763393,148.212671845966,30594000
2021-11-22,MSFT,328.06494140625,337.564302737887,327.7946362926537,332.68911800842596,31031100
2021-11-22,NVDA,31.890310287475586,34.575778624471646,31.834425645300712,33.44810039838388,754335000
2021-11-22,TSLA,385.6233215332031,400.6499938964844,377.4766540527344,387.4433288574219,99217500
2021-11-23,AAPL,157.94577026367188,158.3273993610191,155.64620074677185,157.6619859753906,96041900
2021-11-23,AMZN,179.0019989013672,181.05250549316406,176.385498046875,179.2519989013672,73804000
2021-11-23,GOOGL,144.6887664794922,145.56018822180644,143.03427520363064,145.05698650074015,27218000
2021-11-23,MSFT,325.9893493652344,327.69808997134413,322.0119904551096,325.381155553639,30427600
2021-11-23,NVDA,31.680740356445312,32.29347848259723,30.81651945710525,31.47017366542769,532163000
2021-11-23,TSLA,369.6766662597656,393.5,354.23333740234375,389.1700134277344,108515100
2021-11-24,AAPL,158.46441650390625,158.66012108108276,156.2137765381209,157.29995411244806,69463600
2021-11-24,AMZN,179.02049255371094,180.6820068359375,176.84249877929688,178.1334991455078,46560000
2021-11-24,GOOGL,145.0242156982422,145.1527458877794,143.29032269361113,144.38256427836453,18040000
2021-11-24,MSFT,326.2113342285156,326.45267906197216,322.3498168932111,324.6377612006127,21661300
2021-11-24,NVDA,32.606834411621094,32.78746210050022,30.864423237348433,31.39632853521681,435162000
2021-11-24,TSLA,372.0,377.5899963378906,354.0,360.1300048828125,67680600
2021-11-26,AAPL,153.4445037841797,157.00638063396804,153.00416477836077,156.14527755829806,76959800
2021-11-26,AMZN,175.22799682617188,181.6750030517578,175.20750427246094,180.10499572753906,59826000
2021-11-26,GOOGL,141.11676025390625,143.47345022970194,140.7788138039504,143.2660178960678,30470000
2021-11-26,MSFT,318.26629638671875,326.23067700890783,316.7603067714065,322.77463147147154,24217200
2021-11-26,NVDA,31.438241958618164,32.64275964880542,31.28555659079967,32.53298515826952,283069000
2021-11-26,TSLA,360.6400146484375,369.59332275390625,360.3333435058594,366.489990234375,35042700
2021-11-29,AAPL,156.80088806152344,157.7304958999759,155.38199643665857,155.94955010034442,88748200
2021-11-29,AMZN,178.07850646972656,179.8000030517578,176.5749969482422,177.3820037841797,65312000
2021-11-29,GOOGL,144.43917846679688,145.2004250870871,142.814445622238,142.9201532856611,32596000
2021-11-29,MSFT,324.9757080078125,327.29261293135295,323.1511265991085,323.34421428483876,28563500
2021-11-29,NVDA,33.307403564453125,33.343328875138795,31.970157441692912,32.29948103783534,454964000
2021-11-29,TSLA,378.9966735839844,380.8900146484375,366.7300109863281,366.9966735839844,58393500
2021-11-30,AAPL,161.75230407714844,161.9675835913138,156.48776584559891,156.55627065978888,174048100
2021-11-30,AMZN,175.35350036621094,179.2884979248047,174.60049438476562,178.1750030517578,80022000
2021-11-30,GOOGL,140.83340454101562,144.90513286079363,140.53961906199348,143.92106736043897,42068000
2021-11-30,MSFT,319.14483642578125,326.0859180631041,317.6002231832655,323.7110925111013,42885600
2021-11-30,NVDA,32.60883331298828,33.28444369151057,31.79850400483013,33.100819984063634,622066000
2021-11-30,TSLA,381.586669921875,389.3333435058594,372.6666564941406,381.4566650390625,81276000
2021-12-01,AAPL,161.23365783691406,166.64497001692308,160.99880341826756,163.88548659020162,152052500
2021-12-01,AMZN,172.18600463867188,177.99400329589844,172.0800018310547,177.25,74916000
2021-12-01,GOOGL,139.9937286376953,144.8559922423106,139.85527889177976,142.9201188972118,34020000
2021-12-01,MSFT,318.6523742675781,327.5338752743633,317.9862896800545,323.52755722387104,33337600
2021-12-01,NVDA,31.374223709106445,33.22464122012574,31.319329740346443,33.154776861217016,484368000
2021-12-01,TSLA,365.0,390.9466552734375,363.586669921875,386.8999938964844,68450400
2021-12-02,AAPL,160.24534606933594,160.6759050938818,154.4132690949476,155.33309702351337,136739200
2021-12-02,AMZN,171.8679962158203,174.63499450683594,171.1875,173.0,64726000
2021-12-02,GOOGL,141.89390563964844,142.7856663611963,139.1630285152738,140.19077047992297,29194000
2021-12-02,MSFT,318.08282470703125,321.94434201116263,316.4513312891526,318.86477960423474,30766000
2021-12-02,NVDA,32.06388854980469,32.41520919739524,30.96501733909854,31.153653016640646,472890000
2021-12-02,TSLA,361.5333251953125,371.0,352.2166748046875,366.35333251953125,73114800
2021-12-03,AAPL,158.3665008544922,161.41954791982653,156.2920061922664,160.49972030731604,118023100
2021-12-03,AMZN,169.489501953125,173.49349975585938,166.92999267578125,172.75,80712000
2021-12-03,GOOGL,140.93661499023438,143.31712699642003,139.24886668872693,142.60352464934857,41230000
2021-12-03,MSFT,311.8273010253906,321.1818325163052,307.0196995951121,320.49639172899714,41779300
2021-12-03,NVDA,30.6336612701416,32.06688583887325,30.07174810217101,31.938133623399295,544325000
2021-12-03,TSLA,338.3233337402344,363.52667236328125,333.4033203125,361.5966796875,92322000
2021-12-06,AAPL,161.77188110351562,164.27693555746282,160.7541933995356,160.76397340255957,107497000
2021-12-06,AMZN,171.36849975585938,173.69549560546875,166.9344940185547,169.64999389648438,68860000
2021-12-06,GOOGL,142.08148193359375,142.77374594125564,139.0990115301262,141.9678386286235,30618000
2021-12-06,MSFT,314.8971252441406,316.1135127790288,308.1780925192748,312.7346847030442,30032600
2021-12-06,NVDA,29.97892951965332,30.18253369080409,27.983793678236385,29.82223155843537,658938000
2021-12-06,TSLA,336.336669921875,340.5466613769531,316.8333435058594,333.836669921875,81663000
2021-12-07,AAPL,167.50608825683594,167.89751232351225,164.72704457429052,165.45116789916563,120405400
2021-12-07,AMZN,176.1645050048828,177.49949645996094,173.33450317382812,174.60000610351562,66410000
2021-12-07,GOOGL,146.16513061523438,146.42467472211027,144.138436129141,144.5046722790173,32240000
2021-12-07,MSFT,323.3249206542969,324.1744298816056,318.67178431375265,320.15847701837134,31021900
2021-12-07,NVDA,32.36430740356445,32.3862680389149,30.591741852503894,30.89715192628836,593053000
2021-12-07,TSLA,350.5833435058594,352.5566711425781,342.2699890136719,348.0666809082031,56084700
2021-12-08,AAPL,171.32237243652344,172.18349034092375,167.03637277945757,168.43568937410808,116998900
2021-12-08,AMZN,176.1580047607422,177.17999267578125,174.75050354003906,176.15049743652344,45254000
2021-12-08,GOOGL,147.07522583007812,147.2801896212736,145.30809084120318,146.48965394073545,24270000
2021-12-08,MSFT,323.3731689453125,323.8848188965732,319.34752350913357,323.70139443658877,24761000
2021-12-08,NVDA,31.764469146728516,32.22757276894839,31.36025147158854,31.937135010758553,475551000
2021-12-08,TSLA,356.32000732421875,357.4599914550781,344.3333435058594,350.9033203125,41906400
2021-12-09,AAPL,170.81356811523438,172.95656843850207,170.18730447599066,171.15606234208923,108923700
2021-12-09,AMZN,174.17100524902344,176.96949768066406,174.13949584960938,175.75,46062000
2021-12-09,GOOGL,146.53135681152344,147.98189902251838,146.01178401342344,146.48421241020347,23270000
2021-12-09,MSFT,321.5679016113281,324.84052263649073,320.62181914163386,322.83254633757906,22214200
2021-12-09,NVDA,30.431053161621094,32.14273959159787,30.369172752689572,31.672647606673255,488507000
2021-12-09,TSLA,334.6000061035156,354.163330078125,334.1199951171875,353.5466613769531,59438400
2021-12-10,AAPL,175.59860229492188,175.77474686026093,170.9407678198788,171.4496116481563,115402700
2021-12-10,AMZN,172.21200561523438,175.927001953125,170.5,175.41700744628906,60690000
2021-12-10,GOOGL,146.89161682128906,147.86029563658596,145.60384630237746,147.58488027246938,24458000
2021-12-10,MSFT,330.6811218261719,331.12518817346324,323.19943025665486,323.38285472943636,38095700
2021-12-10,NVDA,30.139612197875977,31.24447216645624,29.80326389312655,31.089771173245374,488825000
2021-12-10,TSLA,339.010009765625,340.32666015625,327.510009765625,336.25,59664300
2021-12-13,AAPL,171.96823120117188,178.22108688608395,171.76273170193855,177.23275419312068,153237000
2021-12-13,AMZN,169.5675048828125,172.10000610351562,169.1300048828125,172.0,62170000
2021-12-13,GOOGL,144.73292541503906,146.86034457967102,144.426236973576,146.67325115189786,27070000
2021-12-13,MSFT,327.6497497558594,331.887779298735,327.34082128919505,328.8854341614765,28899400
2021-12-13,NVDA,28.106555938720703,30.23543355753482,28.061642860593963,30.19052047940808,598344000
2021-12-13,TSLA,322.13665771484375,335.0,317.1400146484375,333.6966552734375,78595500
2021-12-14,AAPL,170.5885009765625,173.92531854630914,168.51400556372403,171.48875398461132,139380400
2021-12-14,AMZN,169.0915069580078,169.49899291992188,166.44000244140625,167.5500030517578,55976000
2021-12-14,GOOGL,142.8278350830078,143.3965362015146,140.15602113354242,142.88838224618928,38446000
2021-12-14,MSFT,316.9726867675781,323.0545950116288,312.88912106633165,321.68374322246143,44438700
2021-12-14,NVDA,28.282211303710938,28.622551596281006,27.197313086463264,27.645444366863174,667035000
2021-12-14,TSLA,319.5033264160156,322.13665771484375,310.0,315.0,70806300
2021-12-15,AAPL,175.4518280029297,175.6475325738547,168.611843504033,171.35175229088827,131063300
2021-12-15,AMZN,173.31500244140625,173.60000610351562,165.19500732421875,168.59800720214844,75794000
2021-12-15,GOOGL,145.34283447265625,145.6207335434512,140.61555168516296,142.33357371721698,36370000
2021-12-15,MSFT,323.06427001953125,323.5855832409606,313.2656731909751,317.2333691168989,35381100
2021-12-15,NVDA,30.40011215209961,30.441033250824958,27.7841791365001,28.345092875773645,698297000
2021-12-15,TSLA,325.3299865722656,326.25,309.4166564941406,317.7366638183594,75169200
2021-12-16,AAPL,168.5629425048828,177.25236431050817,167.08535557027756,175.4322831196354,150185800
2021-12-16,AMZN,168.87100219726562,174.16600036621094,168.16050720214844,173.36849975585938,60876000
2021-12-16,GOOGL,143.36180114746094,146.56955875627122,142.53007278515918,146.06685680328061,33650000
2021-12-16,MSFT,313.6517333984375,325.10114738849785,311.8368155733558,324.08748143161864,35034800
2021-12-16,NVDA,28.332117080688477,31.099756612539498,28.038686765312615,31.091772658065082,707366000
2021-12-16,TSLA,308.97332763671875,331.6600036621094,307.2833251953125,331.5,82771500
2021-12-17,AAPL,167.46693420410156,169.74692873915046,166.04805758616632,166.28289706807027,195432700
2021-12-17,AMZN,170.0175018310547,170.89849853515625,165.61349487304688,167.7104949951172,85542000
2021-12-17,GOOGL,140.66221618652344,142.7558942261801,140.2404002149466,141.43139843606167,50416000
2021-12-17,MSFT,312.5898742675781,313.67112406852533,306.2666502470529,309.7709825901244,47750300
2021-12-17,NVDA,27.747255325317383,28.86608848233591,27.706334221568074,27.930899629261937,713758000
2021-12-17,TSLA,310.8566589355469,320.2200012207031,303.0133361816406,304.92333984375,100437300
2021-12-20,AAPL,166.10678100585938,166.91896912005944,163.86593615587674,164.66832933666538,107499100
2021-12-20,AMZN,167.07899475097656,167.87449645996094,165.60000610351562,166.85000610351562,57372000
2021-12-20,GOOGL,140.5450897216797,140.71134455015442,138.27623682243168,138.9501458780245,27192000
2021-12-20,MSFT,308.8345642089844,311.6244956878622,306.5755796789902,308.96970202135424,28326500
2021-12-20,NVDA,27.665409088134766,28.08958664914624,27.092519430074276,27.25220994036055,461847000
2021-12-20,TSLA,299.9800109863281,307.2300109863281,297.7966613769531,303.5666809082031,56480100
2021-12-21,AAPL,169.27725219726562,169.48273676499653,165.49030091905374,167.87793543850688,91185900
2021-12-21,AMZN,170.41700744628906,170.7165069580078,165.6475067138672,167.85049438476562,55956000
2021-12-21,GOOGL,142.39659118652344,142.79011743592406,139.4488622569165,140.9882260878411,28756000
2021-12-21,MSFT,315.95904541015625,316.38381472096694,308.7283333654757,312.09752764718075,24740600
2021-12-21,NVDA,29.018787384033203,29.063700457531855,27.348022192079924,28.319142478736474,524385000
2021-12-21,TSLA,312.84332275390625,313.1666564941406,295.3733215332031,305.6233215332031,71517900
2021-12-22,AAPL,171.87037658691406,172.08565609490324,168.45527432954148,169.32617236411534,92135300
2021-12-22,AMZN,171.03700256347656,172.0500030517578,168.50050354003906,169.27000427246094,55036000
2021-12-22,GOOGL,145.3170166015625,145.4013858438992,141.9946312572679,141.9946312572679,26322000
2021-12-22,MSFT,321.6644287109375,322.06020834026276,314.47234037759364,316.93404606965555,24831500
2021-12-22,NVDA,29.343156814575195,29.49785781843981,28.39399529208839,28.835142056766554,395184000
2021-12-22,TSLA,336.2900085449219,338.5533447265625,319.01666259765625,321.88665771484375,93634200
2021-12-23,AAPL,172.4966583251953,173.05443209039555,171.50834043001467,172.07589419886108,68356600
2021-12-23,AMZN,171.06849670410156,171.97500610351562,170.14999389648438,170.42799377441406,36788000
2021-12-23,GOOGL,145.8147735595703,147.1318182358359,145.3537488598615,145.40139302599,26384000
2021-12-23,MSFT,323.10284423828125,324.74400105600773,321.2107088019103,321.23000578456225,19617800
2021-12-23,NVDA,29.582691192626953,30.00088169101399,29.374095654399202,29.697468614565754,343022000
2021-12-23,TSLA,355.6666564941406,357.6600036621094,332.5199890136719,335.6000061035156,92713200
2021-12-27,AAPL,176.45970153808594,176.54776634572997,173.26967407814607,173.28923408120028,74919600
2021-12-27,AMZN,169.66949462890625,172.9429931640625,169.2154998779297,171.03700256347656,58688000
2021-12-27,GOOGL,146.79730224609375,147.23152131203688,146.06582969848446,146.15168307058377,15976000
2021-12-27,MSFT,330.5942077636719,330.62316796902155,323.817225101408,323.8461853067577,19947000
2021-12-27,NVDA,30.885168075561523,31.026893719009394,29.582690965802353,29.60265275302843,403686000
2021-12-27,TSLA,364.64666748046875,372.3333435058594,356.90667724609375,357.8900146484375,71145900
2021-12-28,AAPL,175.44203186035156,177.43825729141835,174.69834852343934,176.29336988152778,79144300
2021-12-28,AMZN,170.66099548339844,172.17599487304688,169.135498046875,170.1824951171875,54638000
2021-12-28,GOOGL,145.58697509765625,147.18688605386762,144.95922615738593,147.12435498406532,18200000
2021-12-28,MSFT,329.43572998046875,331.9070989605817,328.5379341826007,331.2699450024373,15661500
2021-12-28,NVDA,30.263378143310547,31.269428770384458,29.95397610422819,31.251463920554766,420591000
2021-12-28,TSLA,362.8233337402344,373.0,359.47332763671875,369.8299865722656,60324000
2021-12-29,AAPL,175.53013610839844,176.75330850310786,174.31674371757737,175.48120622634931,62348900
2021-12-29,AMZN,169.2010040283203,171.21200561523438,168.60049438476562,170.83999633789062,35754000
2021-12-29,GOOGL,145.5552215576172,146.31151586245565,144.5552847534047,145.54480223641073,17788000
2021-12-29,MSFT,330.11151123046875,332.38012934520907,327.9200810470128,329.4839910257525,15042000
2021-12-29,NVDA,29.94300079345703,30.488944203135535,29.30922816236487,30.214476220514218,343139000
2021-12-29,TSLA,362.0633239746094,368.0,354.71331787109375,366.21331787109375,56154000
2021-12-30,AAPL,174.37542724609375,176.69457190920295,174.26778749437727,175.6181743920382,59773000
2021-12-30,AMZN,168.64450073242188,170.88800048828125,168.5240020751953,169.6999969482422,37584000
2021-12-30,GOOGL,145.1041259765625,146.19538324277852,144.89967709451196,145.59392492050907,15688000
2021-12-30,MSFT,327.57257080078125,331.25066424671456,327.0898810628788,330.0729001077908,15994500
2021-12-30,NVDA,29.52880096435547,30.39811732399104,29.482890369605972,29.769334255327937,308864000
2021-12-30,TSLA,356.7799987792969,365.1833190917969,351.04998779296875,353.77667236328125,47040900
2021-12-31,AAPL,173.7589569091797,175.38331824017646,173.45559766181222,174.2677857929612,64062300
2021-12-31,AMZN,166.7169952392578,169.35000610351562,166.55850219726562,168.95599365234375,47830000
2021-12-31,GOOGL,143.7657470703125,145.59839661195713,143.7657470703125,144.9547612243931,18136000
2021-12-31,MSFT,324.67645263671875,327.6111852143737,324.222723076331,326.79063617756316,18000800
2021-12-31,NVDA,29.35413932800293,29.97194400779478,29.274294067292963,29.616631360255656,266530000
2021-12-31,TSLA,352.260009765625,360.6666564941406,351.5299987792969,357.8133239746094,40733700
2022-01-03,AAPL,178.10365295410156,178.95499096160628,173.895952516217,174.01337226981713,104487900
2022-01-03,AMZN,170.4044952392578,170.70350646972656,166.16050720214844,167.5500030517578,63520000
2022-01-03,GOOGL,143.90420532226562,144.75725699875156,142.6352894390565,143.96722101651818,28646000
2022-01-03,MSFT,323.1607360839844,326.2982189585862,318.36279955576714,323.7399695838111,28865100
2022-01-03,NVDA,30.062763214111328,30.651622638194823,29.72741240751005,29.757355089698684,391547000
2022-01-03,TSLA,399.9266662597656,400.3566589355469,378.67999267578125,382.5833435058594,103931400
2022-01-04,AAPL,175.84323120117188,179.01369889567948,175.2756775127618,178.71035458130368,99310400
2022-01-04,AMZN,167.52200317382812,171.39999389648438,166.34950256347656,170.43800354003906,70726000
2022-01-04,GOOGL,143.31666564941406,145.38652168981594,142.63878874270526,144.3056835281372,28400000
2022-01-04,MSFT,317.61956787109375,323.59527025765954,314.82960654307294,323.2380550401067,32674300
2022-01-04,NVDA,29.233373641967773,30.409095675209777,28.29419292188651,30.218464956704405,527154000
2022-01-04,TSLA,383.1966552734375,402.6666564941406,374.3500061035156,396.51666259765625,100248300
2022-01-05,AAPL,171.16583251953125,176.3031560396219,170.89184312629723,175.7551772531539,94537600
2022-01-05,AMZN,164.35699462890625,167.12649536132812,164.35699462890625,166.88299560546875,64302000
2022-01-05,GOOGL,136.74180603027344,143.41588090539815,136.65546802283728,143.33697877967595,54618000
2022-01-05,MSFT,305.4267272949219,314.78125567055275,305.0405814422899,314.5785047925629,40054300
2022-01-05,NVDA,27.550630569458008,29.359127526177748,27.479768693565187,28.893029463658266,498064000
2022-01-05,TSLA,362.7066650390625,390.11334228515625,360.336669921875,382.2166748046875,80119800
2022-01-06,AAPL,168.30848693847656,171.53766438344002,167.95621276391145,168.99346035254746,96904000
2022-01-06,AMZN,163.25399780273438,164.8000030517578,161.93699645996094,163.45050048828125,51958000
2022-01-06,GOOGL,136.7145233154297,138.89058651246134,135.5344442800259,135.97114712472833,37348000
2022-01-06,MSFT,303.0133056640625,307.66644167118665,300.7060346434731,302.30856806148427,39646100
2022-01-06,NVDA,28.123519897460938,28.38301743954945,27.01267281731573,27.586559964920273,454186000
2022-01-06,TSLA,354.8999938964844,362.6666564941406,340.1666564941406,359.0,90336600
2022-01-07,AAPL,168.474853515625,170.40257420223315,167.35932100577125,169.17940193566972,86709100
2022-01-07,AMZN,162.5540008544922,165.24349975585938,162.031005859375,163.83900451660156,46606000
2022-01-07,GOOGL,135.989501953125,137.41027034450386,134.74837599268508,137.109533589017,29760000
2022-01-07,MSFT,303.16778564453125,305.5426109592931,299.35452484498177,303.27396324795524,32720000
2022-01-07,NVDA,27.19432258605957,28.367052077902994,27.004689383729875,28.086595203604723,409939000
2022-01-07,TSLA,342.32000732421875,360.30999755859375,336.6666564941406,360.1233215332031,84164700
2022-01-10,AAPL,168.4944305419922,168.79777487885306,164.56070430318124,165.4511773077938,106765600
2022-01-10,AMZN,161.48599243164062,161.6614990234375,156.30450439453125,160.5854949951172,87798000
2022-01-10,GOOGL,137.62962341308594,137.77850766195442,132.16591525668977,134.06506401682157,44408000
2022-01-10,MSFT,303.3897399902344,303.8241724567646,294.1414193205087,298.77522814532057,44289500
2022-01-10,NVDA,27.347023010253906,27.415889845673522,25.594417635721964,26.529606264497083,594681000
2022-01-10,TSLA,352.7066650390625,353.0333251953125,326.6666564941406,333.3333435058594,91815000
2022-01-11,AAPL,171.32237243652344,171.42021724210562,167.15380744997546,168.62161391540354,76138300
2022-01-11,AMZN,165.36199951171875,166.35000610351562,160.70150756835938,161.5,62806000
2022-01-11,GOOGL,138.68809509277344,139.16450641786577,135.6674310302053,136.97207234315368,28730000
2022-01-11,MSFT,304.0752868652344,305.6488309169334,299.16150807736625,302.5306735629834,29386800
2022-01-11,NVDA,27.76321792602539,28.010739538240262,26.78711005956988,27.27017354560003,404089000
2022-01-11,TSLA,354.79998779296875,358.6166687011719,346.2733459472656,351.22332763671875,66063300
2022-01-12,AAPL,171.7627716064453,173.3773533119361,171.06801799743715,172.34010543507006,74805200
2022-01-12,AMZN,165.20700073242188,166.8780059814453,164.41700744628906,166.5749969482422,50030000
2022-01-12,GOOGL,140.36988830566406,141.53856351346735,139.63941518856805,140.09148951411504,26108000
2022-01-12,MSFT,307.25128173828125,312.2133458454884,306.10247793014696,308.6028364262324,34372200
2022-01-12,NVDA,27.944866180419922,28.53971261700627,27.554621408963357,28.012733594807443,383413000
2022-01-12,TSLA,368.739990234375,371.61334228515625,357.5299987792969,359.6166687011719,83739000
2022-01-13,AAPL,168.4944305419922,172.82934594142114,168.10300645305696,172.00737775161056,84505800
2022-01-13,AMZN,161.21400451660156,166.22149658203125,161.09100341796875,165.25050354003906,52188000
2022-01-13,GOOGL,137.5477294921875,141.77876136551572,137.37105536435357,140.47857244926956,31436000
2022-01-13,MSFT,294.2476501464844,309.7709684945666,293.4753583562799,309.37515937724777,45366000
2022-01-13,NVDA,26.52362060546875,28.42493625647017,26.446767908799874,28.324131697586143,540171000
2022-01-13,TSLA,343.85333251953125,371.8666687011719,342.17999267578125,369.69000244140625,97209900
2022-01-14,AAPL,169.35552978515625,170.0502832024392,167.4180143556812,167.66264878484014,80440800
2022-01-14,AMZN,162.13800048828125,162.25,159.80050659179688,160.14999389648438,45974000
2022-01-14,GOOGL,138.4345245361328,139.68656954146815,135.97114257121223,136.05102908212427,29662000
2022-01-14,MSFT,299.4607849121094,300.0593155927295,293.2340742667173,293.71676410090123,39846400
2022-01-14,NVDA,26.889911651611328,27.1444197184354,26.159326499116265,26.24915265168228,395832000
2022-01-14,TSLA,349.8699951171875,350.6666564941406,337.7933349609375,339.9599914550781,72924300
2022-01-18,AAPL,166.15570068359375,168.836884364845,165.7740715864879,167.82899175117316,90956700
2022-01-18,AMZN,158.91749572753906,159.7344970703125,157.6645050048828,159.10499572753906,67292000
2022-01-18,GOOGL,134.97813415527344,136.10313304122235,134.42283585614052,135.15380874741192,34872000
2022-01-18,MSFT,292.172119140625,299.0745771307378,291.2936202020948,293.5429710843101,42333200
2022-01-18,NVDA,25.85291862487793,26.586498173895528,25.72017634780918,26.20922874593393,424270000
2022-01-18,TSLA,343.5033264160156,356.92999267578125,338.6866760253906,342.2033386230469,66743400
2022-01-19,AAPL,162.66233825683594,167.40825267441707,162.37856885772902,166.35143003303915,94815000
2022-01-19,AMZN,156.2989959716797,159.25,156.25,158.76199340820312,53242000
2022-01-19,GOOGL,134.10325622558594,136.92493874451395,134.00301568869605,135.49970276827796,28648000
2022-01-19,MSFT,292.8284912109375,303.04222074165364,292.2203269969151,295.68603516166604,45933900
2022-01-19,NVDA,25.018537521362305,26.49168380986728,25.003567129964498,26.02858206203493,488315000
2022-01-19,TSLA,331.8833312988281,351.5566711425781,331.6666564941406,347.2366638183594,75442500
2022-01-20,AAPL,160.97923278808594,166.0382709410417,160.6563135530504,163.3962221186515,91420500
2022-01-20,AMZN,151.66749572753906,158.0,151.3509979248047,156.76600646972656,71974000
2022-01-20,GOOGL,132.30783081054688,136.59395853080127,131.96740064347765,135.22827003905482,29908000
2022-01-20,MSFT,291.1584777832031,300.8605304633222,290.71441143988926,298.3698641905101,35380700
2022-01-20,NVDA,24.10330581665039,25.52954371114921,24.031444525420937,25.255075801849063,435181000
2022-01-20,TSLA,332.0899963378906,347.2200012207031,331.3333435058594,336.57666015625,70488600
2022-01-21,AAPL,158.92430114746094,162.76016689126735,158.81666141018044,160.89115642180548,122848900
2022-01-21,AMZN,142.64300537109375,150.89999389648438,142.07049560546875,149.9499969482422,163972000
2022-01-21,GOOGL,129.37399291992188,133.85413470989914,129.11098076605415,131.59918447816986,55652000
2022-01-21,MSFT,285.78131103515625,293.58156494621363,285.37583865558236,292.21074246408233,57984400
2022-01-21,NVDA,23.32880973815918,24.775007677466373,23.218024282355426,23.461552019986037,718958000
2022-01-21,TSLA,314.6333312988281,334.8500061035156,313.5,332.11334228515625,103416000
2022-01-24,AAPL,158.15127563476562,158.81668910799385,151.37979580013618,156.58562410189697,162294600
2022-01-24,AMZN,144.54400634765625,144.94500732421875,135.3520050048828,139.0,155624000
2022-01-24,GOOGL,129.82308959960938,130.21909952147814,123.56636302838503,125.03327622017262,76622000
2022-01-24,MSFT,286.1094665527344,286.82383782749025,266.49295154897675,282.0838512555884,85731500
2022-01-24,NVDA,23.326810836791992,23.334794790372676,20.84761430587089,22.286825688304823,913982000
2022-01-24,TSLA,310.0,311.1700134277344,283.8233337402344,301.586669921875,151565700
2022-01-25,AAPL,156.3507537841797,159.26679197315192,153.64999508546384,155.5679206315474,115798400
2022-01-25,AMZN,139.98599243164062,143.60000610351562,138.14500427246094,142.24249267578125,90824000
2022-01-25,GOOGL,125.98310852050781,128.42863539946603,125.55187278454918,127.77458065092937,46960000
2022-01-25,MSFT,278.5023498535156,284.77731721920185,275.2973119894379,281.42744884707827,72848600
2022-01-25,NVDA,22.280841827392578,22.898646539669308,21.957468790063057,22.502412770653898,664616000
2022-01-25,TSLA,306.1333312988281,317.086669921875,301.07000732421875,304.73333740234375,86595900
2022-01-26,AAPL,156.2627410888672,160.86186686388942,154.43287974271476,159.99096861060076,108275300
2022-01-26,AMZN,138.87249755859375,145.18499755859375,137.31849670410156,144.75,95602000
2022-01-26,GOOGL,128.26388549804688,132.0026351291837,126.18856248123481,130.13574398925348,49130000
2022-01-26,MSFT,286.437744140625,297.8195767322565,282.8851546395586,297.32722375809846,90428900
2022-01-26,NVDA,22.72797393798828,24.010489477432596,22.256886340278513,23.195069558309832,755959000
2022-01-26,TSLA,312.4700012207031,329.2300109863281,302.0,317.4766540527344,104867400
2022-01-27,AAPL,155.80276489257812,160.32360403043404,154.8829371180898,158.96343730234798,121954600
2022-01-27,AMZN,139.6374969482422,144.24349975585938,139.35000610351562,140.8000030517578,77516000
2022-01-27,GOOGL,128.03758239746094,131.6577209195891,127.96561639041133,130.31933794967972,31950000
2022-01-27,MSFT,289.4593811035156,296.6611038089516,287.6155027527548,292.18175832051594,53481300
2022-01-27,NVDA,21.90157699584961,23.948612493124184,21.633096035086837,23.522437945377376,573353000
2022-01-27,TSLA,276.3666687011719,311.7966613769531,276.3333435058594,311.1199951171875,147109500
2022-01-28,AAPL,166.67437744140625,166.69395238194963,159.30598757947982,162.1535367106973,179935700
2022-01-28,AMZN,143.97799682617188,143.9980010986328,137.92950439453125,140.86050415039062,74392000
2022-01-28,GOOGL,132.35098266601562,132.35644978053813,127.52147605383999,128.68666808776362,34362000
2022-01-28,MSFT,297.5879211425781,297.8003058303216,284.2560313928482,289.8359242315118,49743700
2022-01-28,NVDA,22.79584503173828,22.813809883208478,21.254829324418658,21.969444731157765,543774000
2022-01-28,TSLA,282.1166687011719,285.8333435058594,264.0033264160156,277.1866760253906,134789100
2022-01-31,AAPL,171.02883911132812,171.24411862639118,165.87194061535732,166.5079991576081,115541600
2022-01-31,AMZN,149.57350158691406,150.36050415039062,144.30050659179688,144.75,78308000
2022-01-31,GOOGL,134.28884887695312,134.45708760059057,131.21805677014638,133.15591425848223,39986000
2022-01-31,MSFT,300.2137145996094,301.5652399492526,295.76329997634053,298.25399547736595,46444500
2022-01-31,NVDA,24.43865966796875,24.461615916333805,23.007432099177755,23.13717992402368,564680000
2022-01-31,TSLA,312.239990234375,312.663330078125,287.3500061035156,290.9033203125,104436000
2022-02-01,AAPL,170.8625030517578,171.08756258764447,168.61186289898112,170.27537434014533,86213900
2022-02-01,AMZN,151.19349670410156,151.70799255371094,147.62750244140625,150.0,59220000
2022-02-01,GOOGL,136.61183166503906,136.7597164026922,133.36089654585487,136.56270334051814,68644000
2022-02-01,MSFT,298.07061767578125,299.87587283189384,294.56628497930495,299.66348813934843,40950400
2022-02-01,NVDA,24.590364456176758,25.09638417294611,23.84380957085844,25.05546307837745,518925000
2022-02-01,TSLA,310.4166564941406,314.5666809082031,301.6666564941406,311.7366638183594,73138200
2022-02-02,AAPL,172.0660858154297,172.105235689561,169.6099612749151,170.9994831805343,84914300
2022-02-02,AMZN,150.6125030517578,155.0749969482422,148.86349487304688,155.05050659179688,87330000
2022-02-02,GOOGL,146.89013671875,150.41003482370965,144.43122234361599,150.11576472101984,123200000
2022-02-02,MSFT,302.60784912109375,304.21038262271304,298.1864239841783,298.91045860750387,36636000
2022-02-02,NVDA,25.193199157714844,25.767086343817308,24.505530149134337,25.744131998569852,543419000
2022-02-02,TSLA,301.88665771484375,310.5,296.4700012207031,309.3933410644531,66792900
2022-02-03,AAPL,169.18919372558594,172.4575215973305,168.42593537257994,170.7352853699913,89418100
2022-02-03,AMZN,138.8455047607422,144.24749755859375,138.33299255371094,141.7375030517578,225532000
2022-02-03,GOOGL,142.01695251464844,148.5525777136567,141.5956363601921,144.6128476273502,71518000
2022-02-03,MSFT,290.820556640625,300.4550540690847,289.57520891247447,298.7752738080084,43730000
2022-02-03,NVDA,23.90169906616211,25.028515976458163,23.734024607139915,24.410713264329317,410178000
2022-02-03,TSLA,297.0466613769531,312.3333435058594,293.50665283203125,294.0,78855600
2022-02-04,AAPL,168.90505981445312,170.580497991328,167.22962163757825,168.20940619823992,82465400
2022-02-04,AMZN,157.63949584960938,161.1999969482422,150.60800170898438,155.60650634765625,253456000
2022-02-04,GOOGL,142.21844482421875,143.78858213047806,139.4612771720624,142.3688132081946,57998000
2022-02-04,MSFT,295.34820556640625,298.10917678556535,289.5848887928777,289.816570444543,35096500
2022-02-04,NVDA,24.271982192993164,24.58737122731306,23.58631015608026,23.925652956622258,354829000
2022-02-04,TSLA,307.7733459472656,312.1666564941406,293.72332763671875,299.0733337402344,73625400
2022-02-07,AAPL,168.1898193359375,170.43351937589156,167.49416572772904,169.36555780513737,77251200
2022-02-07,AMZN,157.9355010986328,162.6909942626953,157.25,158.52000427246094,102624000
2022-02-07,GOOGL,138.15713500976562,143.1682685356502,137.85838215439898,143.1682685356502,54974000
2022-02-07,MSFT,290.5309143066406,297.18236241397534,289.51724835738645,295.5701954690197,28533300
2022-02-07,NVDA,24.680191040039062,25.133311835992746,24.15520704406836,24.324878438884706,376868000
2022-02-07,TSLA,302.4466552734375,315.92333984375,300.9033203125,307.92999267578125,60994500
2022-02-08,AAPL,171.29571533203125,171.80520742660315,167.96443926792173,168.25837758980256,74829200
2022-02-08,AMZN,161.4134979248047,161.79249572753906,155.55050659179688,156.75050354003906,76040000
2022-02-08,GOOGL,138.3536376953125,138.95012868811895,135.98652845498887,137.98393352600814,54284000
2022-02-08,MSFT,294.0159606933594,294.9813401359987,289.5655756040924,290.8205570951065,32421200
2022-02-08,NVDA,25.059457778930664,25.18122165390177,23.933638315079907,24.311905294054206,410359000
2022-02-08,TSLA,307.3333435058594,308.7633361816406,298.26666259765625,301.84332275390625,50729100
2022-02-09,AAPL,172.71644592285156,173.0789614781724,171.36433825115836,172.49109962767872,71285000
2022-02-09,AMZN,161.1894989013672,163.83450317382812,160.25,162.87350463867188,68786000
2022-02-09,GOOGL,140.53018188476562,141.45569926676154,139.13571933998102,139.90640076704875,40144000
2022-02-09,MSFT,300.4357604980469,301.1308349501558,296.74803301981893,299.14215544071413,31284700
2022-02-09,NVDA,26.653366088867188,26.67332787595736,25.303980882340767,25.57245987515864,524282000
2022-02-09,TSLA,310.6666564941406,315.42333984375,306.6666564941406,311.6666564941406,52259400
2022-02-10,AAPL,168.64053344726562,171.93261055270034,168.08206395678414,170.61970267650963,90865900
2022-02-10,AMZN,159.0034942626953,160.7165069580078,157.75,158.35000610351562,68268000
2022-02-10,GOOGL,137.58047485351562,140.42349572216153,136.92245230630547,138.65586088469732,39330000
2022-02-10,MSFT,291.9114074707031,298.4180547485802,290.28957726166584,293.51394069905155,45386200
2022-02-10,NVDA,25.774070739746094,26.87294187560028,25.550504800745372,25.944741556292165,513200000
2022-02-10,TSLA,301.51666259765625,314.60333251953125,298.8999938964844,302.7900085449219,66126900
2022-02-11,AAPL,165.2308349609375,169.58107994004882,164.64295836093538,168.84624166520766,98670700
2022-02-11,AMZN,153.2935028076172,159.0,152.73399353027344,158.13450622558594,77100000
2022-02-11,GOOGL,133.27549743652344,138.11293958274206,132.39960816161846,137.5606247294364,39958000
2022-02-11,MSFT,284.8255310058594,293.75528997244055,284.0339128700643,292.6933667977203,39175600
2022-02-11,NVDA,23.90269660949707,26.1014383680604,23.727038196145745,25.865894587572004,605472000
2022-02-11,TSLA,286.6666564941406,305.32000732421875,283.5666809082031,303.2099914550781,79645800
2022-02-14,AAPL,165.46603393554688,166.15188018995096,163.19292640629095,163.98654956855333,86185500
2022-02-14,AMZN,155.16700744628906,158.44850158691406,151.64999389648438,151.75100708007812,83230000
2022-02-14,GOOGL,134.5096893310547,135.27788715232825,132.25720762086638,132.25720762086638,34302000
2022-02-14,MSFT,284.786865234375,286.4859420612707,281.26323703130925,283.59943820725556,36359500
2022-02-14,NVDA,24.220083236694336,24.826907552973196,23.709072083831487,23.887726864389506,440424000
2022-02-14,TSLA,291.9200134277344,299.6266784667969,284.3833312988281,287.19000244140625,67756500
2022-02-15,AAPL,169.29696655273438,169.45373566949445,166.80832036305304,167.5137664381475,62527400
2022-02-15,AMZN,156.510498046875,158.0070037841797,154.6374969482422,157.60549926757812,56440000
2022-02-15,GOOGL,135.58407592773438,137.07282740423187,134.80297510881232,136.5388523034239,26680000
2022-02-15,MSFT,290.06756591796875,290.3861281751453,286.7369950149994,289.62349961792046,27058300
2022-02-15,NVDA,26.443775177001953,26.49367774510804,24.73608279745119,24.900762795130042,699869000
2022-02-15,TSLA,307.4766540527344,307.6666564941406,297.7933349609375,300.0,57286200
2022-02-16,AAPL,169.06179809570312,169.83582117930217,166.61233714082573,168.3759520184021,61177400
2022-02-16,AMZN,158.10049438476562,158.83399963378906,154.7344970703125,155.79049682617188,52704000
2022-02-16,GOOGL,136.70510864257812,137.05049099274288,133.9122003011313,135.62178690030257,25022000
2022-02-16,MSFT,289.72906494140625,291.05436512263174,284.09893045059476,288.63592551544133,29982100
2022-02-16,NVDA,26.45974349975586,26.530607279677454,25.502597989095346,26.208231811287334,732676000
2022-02-16,TSLA,307.7966613769531,308.80999755859375,300.4033203125,304.6833190917969,51294300
2022-02-17,AAPL,165.46603393554688,168.4347801834387,165.06431864713625,167.57256492057238,69589300
2022-02-17,AMZN,154.65249633789062,160.3489990234375,154.5,158.14599609375,64032000
2022-02-17,GOOGL,131.5450897216797,136.08527894268366,131.48504232159402,135.22130816652052,38950000
2022-02-17,MSFT,281.2452087402344,287.11715807302033,280.53901369853236,286.69151031116843,32461600
2022-02-17,NVDA,24.459619522094727,25.735148587356477,24.118281669763785,25.58044757027019,810595000
2022-02-17,TSLA,292.1166687011719,306.1666564941406,291.3666687011719,304.4200134277344,55178400
2022-02-18,AAPL,163.91796875,167.0924613280084,162.83040723152354,166.3870301609273,82772700
2022-02-18,AMZN,152.60150146484375,155.49949645996094,150.89300537109375,155.49949645996094,63604000
2022-02-18,GOOGL,129.42510986328125,133.06461847926178,129.2201611900481,132.46612837230094,45620000
2022-02-18,MSFT,278.5364990234375,284.2730302677064,276.9693549958802,283.48945825392775,34264000
2022-02-18,NVDA,23.59628677368164,24.937687920677885,23.055334950510133,24.620302003508762,761255000
2022-02-18,TSLA,285.6600036621094,295.6233215332031,279.2033386230469,295.3333435058594,68501700
2022-02-22,AAPL,160.99819946289062,163.32028399061443,158.87205389872815,161.64484588368407,91162800
2022-02-22,AMZN,150.19749450683594,152.9824981689453,148.48550415039062,150.47850036621094,66128000
2022-02-22,GOOGL,128.8400115966797,131.18925024339552,127.26192379084993,128.8643182954154,44990000
2022-02-22,MSFT,278.33331298828125,282.02869492098785,275.21836232867406,275.70205013593005,41736100
2022-02-22,NVDA,23.344778060913086,24.017474761924387,22.955532681143488,22.990464861191477,633422000
2022-02-22,TSLA,273.84332275390625,285.57666015625,267.0333251953125,278.0433349609375,83288100
2022-02-23,AAPL,156.83413696289062,162.79121451131508,156.52059869701176,162.19354527351996,90009200
2022-02-23,AMZN,144.82699584960938,151.76300048828125,144.6510009765625,151.65049743652344,64244000
2022-02-23,GOOGL,126.6312026977539,131.06073168464098,126.5711553027141,130.6612537057356,32786000
2022-02-23,MSFT,271.1263122558594,282.183436310848,270.9618749583115,280.713006702901,37811200
2022-02-23,NVDA,22.343717575073242,24.10830099326957,22.257885303841995,23.755982820677037,566511000
2022-02-23,TSLA,254.67999267578125,278.4333190917969,253.52000427246094,276.80999755859375,95256900
2022-02-24,AAPL,159.4501495361328,159.5579264390306,148.9272576589058,149.49553451506446,141147500
2022-02-24,AMZN,151.35800170898438,151.74899291992188,139.5,139.83749389648438,100786000
2022-02-24,GOOGL,131.6959228515625,132.00261130443673,124.01645216954687,124.01645216954687,54456000
2022-02-24,MSFT,284.9792175292969,285.5306287899003,262.6618519792794,263.61957404294975,56989700
2022-02-24,NVDA,23.70208740234375,23.753986916908737,20.849612945501377,20.974371284148294,735801000
2022-02-24,TSLA,266.92333984375,267.49334716796875,233.3333282470703,233.4633331298828,135322200
2022-02-25,AAPL,161.5175018310547,161.78203291625664,157.617948249187,160.5279097890242,91974200
2022-02-25,AMZN,153.7884979248047,153.99000549316406,149.2135009765625,150.5500030517578,62396000
2022-02-25,GOOGL,133.45118713378906,134.25709440677767,130.76348675698117,132.55049129326056,36406000
2022-02-25,MSFT,287.6105041503906,287.92007149964275,282.13515343860865,285.5113151425781,32546700
2022-02-25,NVDA,24.110294342041016,24.1701778047602,23.33579559273523,23.675138387578873,528866000
2022-02-25,TSLA,269.9566650390625,273.1666564941406,260.79998779296875,269.74334716796875,76067700
2022-02-28,AAPL,161.78201293945312,162.07595128148682,159.14639022474867,159.76365924798694,95056600
2022-02-28,AMZN,153.56300354003906,154.4499969482422,150.85000610351562,152.4250030517578,57684000
2022-02-28,GOOGL,134.04420471191406,134.73348521833475,131.5981781769132,132.05225159221422,38864000
2022-02-28,MSFT,289.0421447753906,289.3807321175086,283.44103215371325,284.7082917445892,34627500
2022-02-28,NVDA,24.337852478027344,24.617311790775407,23.661163875602178,23.94561268337216,477319000
2022-02-28,TSLA,290.1433410644531,292.28668212890625,271.57000732421875,271.6700134277344,99006900
2022-03-01,AAPL,159.9008026123047,163.232078365881,158.69567205028895,161.3704791343853,83474400
2022-03-01,AMZN,151.14199829101562,154.0989990234375,149.9770050048828,152.7324981689453,44874000
2022-03-01,GOOGL,133.05615234375,135.23369956009327,132.21948692768655,133.8670269115429,26496000
2022-03-01,MSFT,285.3274841308594,290.18369968046295,282.61881436647946,286.7301612299099,31217800
2022-03-01,NVDA,23.431610107421875,24.329871618461585,23.087277797297364,24.244037444614957,412056000
2022-03-01,TSLA,288.1233215332031,296.6266784667969,284.59332275390625,289.8933410644531,74766900
2022-03-02,AAPL,163.19293212890625,163.97676285442304,159.6559088746692,161.06680119053394,79724800
2022-03-02,AMZN,152.05250549316406,152.99949645996094,148.75,150.8489990234375,47334000
2022-03-02,GOOGL,133.56234741210938,134.24815989047295,132.07359595195584,133.6184269882909,23520000
2022-03-02,MSFT,290.396484375,291.63472396488993,284.1182261639909,285.7240436842559,31873000
2022-03-02,NVDA,24.177291870117188,24.365959685395882,23.373712936549165,23.714111250736686,389642000
2022-03-02,TSLA,293.2966613769531,295.49334716796875,281.42333984375,290.7099914550781,74643300
2022-03-03,AAPL,162.86959838867188,165.4954290281514,162.20335200198932,165.06432138955572,76678400
2022-03-03,AMZN,147.89849853515625,153.9290008544922,146.8560028076172,153.531494140625,65198000
2022-03-03,GOOGL,132.8953857421875,135.41633147676816,132.02793179963612,134.99004795968622,24604000
2022-03-03,MSFT,286.26580810546875,293.2405780996094,284.4567908872236,293.0084173965025,27314500
2022-03-03,NVDA,23.67218780517578,24.283108229788855,23.427618955251905,24.219219994125485,365095000
2022-03-03,TSLA,279.7633361816406,295.4800109863281,277.5333251953125,292.92333984375,61623600
2022-03-04,AAPL,159.8714599609375,162.20335221808782,158.82309815688976,161.16478287844762,83737200
2022-03-04,AMZN,145.64100646972656,147.85000610351562,143.8070068359375,147.15899658203125,60934000
2022-03-04,GOOGL,130.9173126220703,132.84773411932804,129.36007848583986,131.93066729654552,30430000
2022-03-04,MSFT,280.40350341796875,286.0143001348497,277.80128997128503,284.68900016266156,32356500
2022-03-04,NVDA,22.895559310913086,23.63824694769257,22.442359346497184,23.342769336842796,431415000
2022-03-04,TSLA,279.42999267578125,285.2166748046875,275.0533447265625,283.0333251953125,66999600
2022-03-07,AAPL,156.07968139648438,161.6840502038395,155.82492784594277,160.05760426701897,96418800
2022-03-07,AMZN,137.4530029296875,146.09449768066406,137.41650390625,145.44349670410156,86934000
2022-03-07,GOOGL,125.43077850341797,130.7471083714347,125.34790098196343,130.50196658252938,45112000
2022-03-07,MSFT,269.81072998046875,280.2390376841762,269.4431225318955,279.1168784545169,43157200
2022-03-07,NVDA,21.314350128173828,22.99238774615269,21.29238955966222,22.776767102643568,450821000
2022-03-07,TSLA,268.1933288574219,288.71331787109375,268.19000244140625,285.4333190917969,72494100
2022-03-08,AAPL,154.2572479248047,159.5872770933945,152.65040221518476,155.60935508972088,131148300
2022-03-08,AMZN,136.01449584960938,140.69949340820312,133.57249450683594,136.68350219726562,91662000
2022-03-08,GOOGL,126.15133666992188,130.26574953506457,124.73206001019544,125.30324479087164,40428000
2022-03-08,MSFT,266.8505554199219,274.69595707889357,261.1914024621827,268.736920057862,48159500
2022-03-08,NVDA,21.47606086730957,22.333545309074008,20.613584176611923,21.271422452705348,557467000
2022-03-08,TSLA,274.79998779296875,283.3299865722656,260.72332763671875,265.1766662597656,80399100
2022-03-09,AAPL,159.6558837890625,160.10659124427465,156.1874531828048,158.21559935544633,91454900
2022-03-09,AMZN,139.2790069580078,140.25,136.8280029296875,139.5,82656000
2022-03-09,GOOGL,132.41946411132812,132.73260407205578,128.92635657630487,130.26573904313827,37026000
2022-03-09,MSFT,279.087890625,280.1520098038728,271.6197490086795,274.19297192414876,35204500
2022-03-09,NVDA,22.973419189453125,23.179055323683137,22.207771447985007,22.34752397571556,492742000
2022-03-09,TSLA,286.3233337402344,286.85333251953125,277.336669921875,279.82666015625,59184000
2022-03-10,AAPL,155.31546020507812,157.1476526374479,152.82679892923494,156.96149116992498,105342000
2022-03-10,AMZN,146.8175048828125,148.67449951171875,143.97799682617188,145.68499755859375,135062000
2022-03-10,GOOGL,131.43641662597656,132.27259751382948,129.9307942927176,130.28164376257828,27102000
2022-03-10,MSFT,276.2728271484375,277.24988606847967,271.4262653649747,273.7866644734184,30628000
2022-03-10,NVDA,22.618045806884766,22.74781572701485,21.8434132311393,22.491268951508776,428066000
2022-03-10,TSLA,279.4333190917969,284.8166809082031,270.1199951171875,283.8166809082031,58648500
2022-03-11,AAPL,151.60206604003906,156.06008893270172,151.37671976951566,155.71715834467904,96970100
2022-03-11,AMZN,145.52450561523438,149.6750030517578,145.36900329589844,149.57449340820312,68900000
2022-03-11,GOOGL,128.8966064453125,132.79217610039157,128.65940026907458,132.48747149297876,31526000
2022-03-11,MSFT,270.9328918457031,280.0649198872489,270.31375729009164,278.56546999148014,27209300
2022-03-11,NVDA,22.0610294342041,23.10418676650878,22.00712380434614,22.981402566936854,367209000
2022-03-11,TSLA,265.1166687011719,281.26666259765625,264.5899963378906,280.0666809082031,67037100
2022-03-14,AAPL,147.5751495361328,151.00439558659642,147.06567231572745,148.38837253642478,108732100
2022-03-14,AMZN,141.85299682617188,147.4499969482422,140.88400268554688,145.9810028076172,74086000
2022-03-14,GOOGL,125.0064926147461,129.43106235138268,124.335567012558,129.27325808126395,38812000
2022-03-14,MSFT,267.42132568359375,276.08900319722903,266.8215575071672,271.19408479495587,30660700
2022-03-14,NVDA,21.292387008666992,22.222742745585133,21.12168901899386,21.830436104622745,385354000
2022-03-14,TSLA,255.4566650390625,266.8999938964844,252.01333618164062,260.2033386230469,71152200
2022-03-15,AAPL,151.95477294921875,152.42508026860065,147.33999637401098,147.84947354452075,92964300
2022-03-15,AMZN,147.3665008544922,147.98500061035156,142.0,142.85000610351562,75584000
2022-03-15,GOOGL,128.22914123535156,128.88072746557518,124.77771812675637,126.02380390981074,30920000
2022-03-15,MSFT,277.7818908691406,278.4300454950149,269.63660504784883,271.2037487581612,34245100
2022-03-15,NVDA,22.9324951171875,22.997381046653096,21.28440697905285,21.480060551982945,491996000
2022-03-15,TSLA,267.2966613769531,268.5233459472656,252.19000244140625,258.42333984375,66841200
2022-03-16,AAPL,156.36383056640625,156.7655458657659,151.33754541830783,153.8751841039313,102300200
2022-03-16,AMZN,153.10400390625,153.14999389648438,147.35350036621094,148.5,84958000
2022-03-16,GOOGL,132.28102111816406,132.33311772405185,127.76910672795162,129.75262441968042,35576000
2022-03-16,MSFT,284.7856750488281,284.95979554587495,273.9607413197424,279.67790429313914,37826300
2022-03-16,NVDA,24.452808380126953,24.553630127058703,23.131143481350605,23.458564260775105,671422000
2022-03-16,TSLA,280.07666015625,280.6666564941406,267.4200134277344,269.6666564941406,84028800
2022-03-17,AAPL,157.37298583984375,157.7453087439647,154.44343967423552,155.40362432397723,75615400
2022-03-17,AMZN,157.23899841308594,157.49850463867188,152.13999938964844,152.6405029296875,72934000
2022-03-17,GOOGL,132.83535766601562,133.07504752697196,131.19375395981208,132.15052949185468,28264000
2022-03-17,MSFT,285.588623046875,285.9658841758017,279.92946993729333,283.7215952422282,30816600
2022-03-17,NVDA,24.722328186035156,24.798192476295053,23.863844107563466,24.077467438937035,471941000
2022-03-17,TSLA,290.5333251953125,291.6666564941406,275.239990234375,276.9966735839844,66582900
2022-03-18,AAPL,160.6650848388672,161.15497717032517,156.53039236533564,157.2652308625226,123511700
2022-03-18,AMZN,161.25050354003906,161.593994140625,156.01100158691406,156.81300354003906,102962000
2022-03-18,GOOGL,135.1046600341797,135.2222711269813,131.26665539517276,132.42391159610446,44566000
2022-03-18,MSFT,290.6286315917969,291.1800427447232,283.17985751382827,285.7337136336589,43390600
2022-03-18,NVDA,26.406354904174805,26.522151490123896,24.580581386606394,24.755272049910502,730719000
2022-03-18,TSLA,301.7966613769531,302.6166687011719,289.1300048828125,291.4966735839844,100414200
2022-03-21,AAPL,162.0367889404297,162.98718123956166,159.71468917177347,160.20458149296203,95811400
2022-03-21,AMZN,161.4915008544922,163.08399963378906,159.55299377441406,161.12100219726562,66538000
2022-03-21,GOOGL,135.0808563232422,136.0222449574991,133.0869194437915,135.1423878626477,26832000
2022-03-21,MSFT,289.4001770019531,290.34821600929166,285.27914623209665,289.13899613757036,28351200
2022-03-21,NVDA,26.686859130859375,27.10412324336721,25.92121138568289,26.46026011637226,591727000
2022-03-21,TSLA,307.0533447265625,314.2833251953125,302.36334228515625,304.99334716796875,81981600
2022-03-22,AAPL,165.4072265625,165.9950882926474,161.5762655771906,162.164127307338,81532000
2022-03-22,AMZN,164.88900756835938,166.16700744628906,161.69900512695312,161.8054962158203,64086000
2022-03-22,GOOGL,138.81912231445312,139.99226524903366,135.08087260988333,135.08087260988333,35496000
2022-03-22,MSFT,294.1401672363281,295.0495024910076,289.0227430089433,290.0191385086085,27599700
2022-03-22,NVDA,26.47722816467285,27.18996980901101,26.026025549438742,26.679869314228366,547007000
2022-03-22,TSLA,331.32666015625,332.6199951171875,307.25,310.0,105868500
2022-03-23,AAPL,166.76913452148438,169.15000379737148,164.2608735199057,164.5940116285297,98062700
2022-03-23,AMZN,163.4080047607422,166.3699951171875,162.68699645996094,163.7050018310547,55812000
2022-03-23,GOOGL,137.2385711669922,138.5417285094916,136.80138367889504,137.66237103767637,25154000
2022-03-23,MSFT,289.71923828125,293.3372422170876,288.00699451508643,290.70598004645717,25715400
2022-03-23,NVDA,25.588796615600586,26.565070701682995,25.529900643651544,26.079927675254787,502120000
2022-03-23,TSLA,333.03668212890625,346.8999938964844,325.4666748046875,326.64666748046875,120676200
2022-03-24,AAPL,170.5511016845703,170.61967882805246,166.76913277034842,167.60194065734933,90131400
2022-03-24,AMZN,163.64950561523438,164.11849975585938,160.0500030517578,163.74949645996094,56798000
2022-03-24,GOOGL,140.51034545898438,140.5569900941861,136.7175005538764,138.1561240851599,26396000
2022-03-24,MSFT,294.17889404296875,294.2756374968961,288.58746486067383,289.3807198521377,24484500
2022-03-24,NVDA,28.100364685058594,28.270065012059774,25.861319580253287,26.11986368042065,877379000
2022-03-24,TSLA,337.97332763671875,341.4966735839844,329.6000061035156,336.57666015625,68920800
2022-03-25,AAPL,171.18795776367188,171.73663471959298,169.25778100424003,170.36494232979024,80546200
2022-03-25,AMZN,164.77349853515625,165.36849975585938,162.25,164.0,49032000
2022-03-25,GOOGL,140.610595703125,140.96988057388967,138.68960896260305,140.851769685882,24126000
2022-03-25,MSFT,293.7726135253906,295.533244193088,289.52585001590114,295.2720634104139,22566500
2022-03-25,NVDA,27.643173217773438,28.307999299732625,27.222915992361493,27.836831402895648,579016000
2022-03-25,TSLA,336.8800048828125,340.6000061035156,332.44000244140625,336.0,62031600
2022-03-28,AAPL,172.05018615722656,172.17754799227433,168.5229555265403,168.6895171187773,90371900
2022-03-28,AMZN,168.99049377441406,169.03750610351562,164.89999389648438,164.97500610351562,59854000
2022-03-28,GOOGL,140.3947296142578,140.9376247499745,138.76304562317353,139.84388368780657,35050000
2022-03-28,MSFT,300.5636291503906,300.6603430987499,294.4014214022609,294.4014214022609,29578200
2022-03-28,NVDA,28.169240951538086,28.200186425941997,27.158026699534492,27.7070580201299,425494000
2022-03-28,TSLA,363.9466552734375,365.9599914550781,351.20001220703125,355.0333251953125,102506100
2022-03-29,AAPL,175.34222412109375,175.39120138120336,172.77517880756406,173.11810933027303,100589400
2022-03-29,AMZN,169.31500244140625,170.8314971923828,167.86849975585938,170.38400268554688,66154000
2022-03-29,GOOGL,141.4368133544922,142.7151639324906,140.97332021450285,141.577761913678,34318000
2022-03-29,MSFT,305.1200256347656,305.51665328271804,298.96749977160823,303.66896183482845,30393400
2022-03-29,NVDA,28.605466842651367,28.894954453382205,27.93065833777043,28.644397626552063,488984000
2022-03-29,TSLA,366.5233459472656,371.5899963378906,357.7033386230469,369.3299865722656,73614900
2022-03-30,AAPL,174.17628479003906,175.97908457885987,173.12790825883917,174.9405154603071,92633200
2022-03-30,AMZN,166.30099487304688,168.95050048828125,165.5,168.50950622558594,56168000
2022-03-30,GOOGL,140.87411499023438,141.65024849659721,140.5381524211081,141.39170391581268,19884000
2022-03-30,MSFT,303.6205139160156,305.6423550476428,301.41489856711223,303.52379996649006,28163600
2022-03-30,NVDA,27.641176223754883,28.445754802964743,27.454505676769504,28.254093909967974,463487000
2022-03-30,TSLA,364.663330078125,371.3166809082031,361.3333435058594,363.72332763671875,59865000
2022-03-31,AAPL,171.08018493652344,174.43104638306448,170.87442359799343,174.2448849220912,103049300
2022-03-31,AMZN,162.99749755859375,166.4949951171875,162.95350646972656,166.44500732421875,59966000
2022-03-31,GOOGL,138.02462768554688,141.04232360786241,137.98195087256153,140.9877281817403,37524000
2022-03-31,MSFT,298.2515869140625,304.858779193998,297.84530566978634,303.6592133025089,33422100
2022-03-31,NVDA,27.237886428833008,28.19819004641193,27.221915798943442,27.73301213113302,523440000
2022-03-31,TSLA,359.20001220703125,367.71331787109375,358.8800048828125,364.8566589355469,48992700
2022-04-01,AAPL,170.78622436523438,171.34470867552832,168.46414001265768,170.51188591642043,78751300
2022-04-01,AMZN,163.55999755859375,165.82699584960938,162.3195037841797,164.14950561523438,57090000
2022-04-01,GOOGL,139.09950256347656,139.4175947580096,137.2703210012843,138.453883236437,25942000
2022-04-01,MSFT,299.32537841796875,300.01220684451596,295.57195627521304,299.27699192361627,27110500
2022-04-01,NVDA,26.664899826049805,27.447517830165626,26.220684779158603,27.326730894613775,517235000
2022-04-01,TSLA,361.5299987792969,364.9166564941406,355.5466613769531,360.3833312988281,54263100
2022-04-04,AAPL,174.83273315429688,174.88172536504146,170.91359549990895,171.04097225778014,76468400
2022-04-04,AMZN,168.34649658203125,168.39450073242188,163.20550537109375,164.125,49882000
2022-04-04,GOOGL,141.8993682861328,142.63432431956434,139.25832732948422,139.305971501773,25942000
2022-04-04,MSFT,304.6943054199219,304.8297226576166,299.60590012472653,299.97350759012323,24289600
2022-04-04,NVDA,27.311756134033203,27.509406950687776,26.566073594108467,26.680870583661918,397120000
2022-04-04,TSLA,381.8166809082031,383.3033447265625,357.510009765625,363.1266784667969,82035900
2022-04-05,AAPL,171.5210418701172,174.6955484712977,170.89398049893217,173.91171801973584,73401800
2022-04-05,AMZN,164.05499267578125,168.11050415039062,163.26600646972656,167.7415008544922,53728000
2022-04-05,GOOGL,139.53671264648438,141.91820924459833,139.32978006321648,141.79762982217596,21418000
2022-04-05,MSFT,300.73779296875,304.59761295783267,299.76073396521116,303.0498057758005,23156700
2022-04-05,NVDA,25.885278701782227,27.270831893546518,25.77447435397992,27.205945967215584,436615000
2022-04-05,TSLA,363.7533264160156,384.2900085449219,362.4333190917969,378.76666259765625,80075100
2022-04-06,AAPL,168.35635375976562,170.1199686542609,166.69072328453476,168.87563829115544,89058800
2022-04-06,AMZN,158.75599670410156,162.1999969482422,157.25450134277344,161.65049743652344,79056000
2022-04-06,GOOGL,135.52403259277344,138.31544169493338,134.50075823179935,137.70951570655762,32468000
2022-04-06,MSFT,289.72906494140625,296.98438376297736,287.0300780736308,295.23343584912897,40110400
2022-04-06,NVDA,24.363962173461914,25.25538717602562,23.960675226004746,24.89003332893193,703833000
2022-04-06,TSLA,348.586669921875,359.6666564941406,342.5666809082031,357.8233337402344,89348400
2022-04-07,AAPL,168.6601104736328,169.85544881098227,166.41641045043957,167.69992580849703,77594700
2022-04-07,AMZN,157.7845001220703,160.07899475097656,154.51150512695312,158.39999389648438,68136000
2022-04-07,GOOGL,134.8694610595703,136.13589316323527,133.2209064212302,134.99004046750798,26234000
2022-04-07,MSFT,291.5379638671875,293.7435789334034,286.6817492492974,286.9816333071018,31411200
2022-04-07,NVDA,24.165313720703125,24.678407313051004,23.436601401606985,24.397902669017775,557992000
2022-04-07,TSLA,352.4200134277344,358.86334228515625,340.5133361816406,350.7966613769531,79447200
2022-04-08,AAPL,166.65158081054688,168.30741939304966,165.77957300057145,168.30741939304966,76575500
2022-04-08,AMZN,154.4604949951172,157.36849975585938,154.2310028076172,156.75,46002000
2022-04-08,GOOGL,132.2879638671875,134.65258928092018,131.96837241273985,134.56673589726554,25142000
2022-04-08,MSFT,287.2815856933594,291.2961892637509,286.6140940454331,290.6383808206242,24361900
2022-04-08,NVDA,23.078231811523438,23.880814903915528,23.021333116459182,23.87482496633448,524781000
2022-04-08,TSLA,341.8299865722656,349.4800109863281,340.8133239746094,347.7366638183594,55013700
2022-04-11,AAPL,162.39927673339844,165.61296861541499,162.1543306146452,165.29944535757966,72246700
2022-04-11,AMZN,151.1219940185547,154.13650512695312,150.5345001220703,152.71299743652344,52112000
2022-04-11,GOOGL,127.8574447631836,131.10192750746063,127.70360833102498,130.83494754462106,36884000
2022-04-11,MSFT,275.9535827636719,283.06377005501855,275.70205565183903,282.27054447193905,34569300
2022-04-11,NVDA,21.878355026245117,22.28064432124628,21.621808207745975,22.174832229313022,575207000
2022-04-11,TSLA,325.30999755859375,336.15667724609375,324.8800048828125,326.79998779296875,59357100
2022-04-12,AAPL,164.2706756591797,166.4359910689201,163.27129126604743,164.62339868320723,79265200
2022-04-12,AMZN,150.78750610351562,155.0989990234375,150.38299560546875,153.6925048828125,55178000
2022-04-12,GOOGL,126.75675964355469,130.6131276162825,125.83820106848967,130.6131276162825,32710000
2022-04-12,MSFT,272.85797119140625,281.25478467779203,271.33918434835886,279.80372121494815,30966700
2022-04-12,NVDA,21.466081619262695,22.684929295161435,21.24447295091747,22.497261070505825,662258000
2022-04-12,TSLA,328.98333740234375,340.39666748046875,325.5333251953125,332.5466613769531,65976000
2022-04-13,AAPL,166.95526123046875,167.5823226689275,163.39865390857594,164.00611547230426,70618900
2022-04-13,AMZN,155.54100036621094,156.02499389648438,149.60000610351562,150.01849365234375,53390000
2022-04-13,GOOGL,128.91990661621094,129.35660942683415,126.78305234113374,127.04011273465291,27928000
2022-04-13,MSFT,278.236572265625,279.16524459856345,272.122751236361,273.5061208154424,21907200
2022-04-13,NVDA,22.163848876953125,22.46032606445315,21.41716862218913,21.689687961003017,516943000
2022-04-13,TSLA,340.7900085449219,342.0799865722656,324.3666687011719,327.02667236328125,55121100
2022-04-14,AAPL,161.94854736328125,167.80766849456361,161.70360127770223,167.1707997018646,75329400
2022-04-14,AMZN,151.7064971923828,155.89700317382812,151.4720001220703,155.38999938964844,51598000
2022-04-14,GOOGL,125.77964782714844,129.5010341712906,125.65160981411958,129.5010341712906,31598000
2022-04-14,MSFT,270.70068359375,278.9040387773758,270.2073421446939,278.69121497830656,28221600
2022-04-14,NVDA,21.220518112182617,22.736840873608053,21.125686298057552,22.465319189569,569097000
2022-04-14,TSLA,328.3333435058594,337.57000732421875,327.39666748046875,333.0966796875,58422300
2022-04-18,AAPL,161.73301696777344,163.23208589340007,160.26334037791807,160.60625594535696,69023900
2022-04-18,AMZN,152.78500366210938,154.0395050048828,150.25050354003906,151.52349853515625,46514000
2022-04-18,GOOGL,126.71905517578125,127.25103124090627,125.23576318572876,126.04762980933042,20808000
2022-04-18,MSFT,271.3681640625,273.2448748903174,269.2592925621962,269.8107036813086,20778000
2022-04-18,NVDA,21.744590759277344,22.049051350332444,21.041831657437864,21.162618586314927,525701000
2022-04-18,TSLA,334.7633361816406,338.3066711425781,324.4700012207031,329.6766662597656,51715200
2022-04-19,AAPL,164.01593017578125,164.42745284930518,160.59649161266293,161.68405307765963,67723800
2022-04-19,AMZN,158.11549377441406,158.6490020751953,151.55050659179688,152.0294952392578,54926000
2022-04-19,GOOGL,129.03408813476562,129.35564846012684,126.04714966486878,126.73396181178428,26490000
2022-04-19,MSFT,275.9922180175781,276.83385950003543,269.32701618181187,270.2653715965898,22297700
2022-04-19,NVDA,22.158857345581055,22.33354799958623,21.276415360813395,21.681699582090733,512781000
2022-04-19,TSLA,342.7166748046875,344.9800109863281,331.77667236328125,335.0199890136719,49847700
2022-04-20,AAPL,163.84938049316406,165.46603411276996,162.7422340206999,165.34844979022682,67929800
2022-04-20,AMZN,153.9980010986328,157.6024932861328,153.60350036621094,157.6024932861328,59630000
2022-04-20,GOOGL,127.0798110961914,130.41363040865102,126.54386726306718,129.91042868655606,31696000
2022-04-20,MSFT,277.01763916015625,280.24869936955514,276.0599468443759,279.95846900098434,22906700
2022-04-20,NVDA,21.444120407104492,22.630025292014682,21.162618078582742,22.477295203987705,468974000
2022-04-20,TSLA,325.73333740234375,344.6666564941406,325.0833435058594,343.3333435058594,70711200
2022-04-21,AAPL,163.0557098388672,168.062408468632,162.55602520215882,165.49537825406796,87227800
2022-04-21,AMZN,148.29600524902344,156.73800659179688,147.58949279785156,154.71400451660156,63970000
2022-04-21,GOOGL,123.87850952148438,129.12288118231135,123.59266724701,128.2807486036101,36446000
2022-04-21,MSFT,271.6487121582031,283.7312227224096,270.9231805322284,279.1652091753969,29454600
2022-04-21,NVDA,20.147411346435547,22.352515792807566,19.964733471590826,21.670719581173074,656209000
2022-04-21,TSLA,336.260009765625,364.0733337402344,332.1400146484375,358.24334716796875,105416400
2022-04-22,AAPL,158.51934814453125,164.4764404677371,158.2352171809879,163.09495550660975,84882400
2022-04-22,AMZN,144.35000610351562,149.61500549316406,143.69749450683594,148.25,73078000
2022-04-22,GOOGL,118.73834228515625,124.46160122256957,118.03317534641822,124.06261542731319,56884000
2022-04-22,MSFT,265.08990478515625,273.960751032886,264.46111662000084,272.4903213915854,29405800
2022-04-22,NVDA,19.480592727661133,20.449881439379148,19.465619783257164,20.267203520910318,624713000
2022-04-22,TSLA,335.01666259765625,344.95001220703125,331.3333435058594,338.3033447265625,69696600
2022-04-25,AAPL,159.58731079101562,159.87144172970685,155.2566649146805,157.862880430984,96046400
2022-04-25,AMZN,146.07400512695312,146.22149658203125,142.30650329589844,144.0229949951172,61874000
2022-04-25,GOOGL,122.15106201171875,122.35303480833002,117.62228414008575,118.20785607828329,46128000
2022-04-25,MSFT,271.5616455078125,271.93890659301337,261.93624768786924,264.3740527877632,35678900
2022-04-25,NVDA,19.86690902709961,19.90983247795217,19.062330417825684,19.1681425122934,641566000
2022-04-25,TSLA,332.67333984375,336.2066650390625,325.1000061035156,326.3233337402344,68341200
2022-04-26,AAPL,153.63023376464844,159.0582340646371,153.55184919980582,158.97005703556184,95623200
2022-04-26,AMZN,139.39100646972656,144.8560028076172,138.92950439453125,144.8000030517578,77530000
2022-04-26,GOOGL,117.76023864746094,121.59129290122091,117.62228107667312,121.37740906871237,73054000
2022-04-26,MSFT,261.404296875,269.2787207469881,261.1914730124075,268.4467917071966,46518400
2022-04-26,NVDA,18.75486946105957,19.753106067107918,18.6370775110821,19.68322980932217,653143000
2022-04-26,TSLA,292.1400146484375,333.3333435058594,291.6666564941406,331.80999755859375,136133700
2022-04-27,AAPL,153.4049072265625,156.5598004031042,152.23896096876302,152.75824569613656,88063200
2022-04-27,AMZN,138.16700744628906,141.94850158691406,135.7834930419922,140.19149780273438,71336000
2022-04-27,GOOGL,113.43740844726562,116.36279970985137,111.89109321295378,113.61109157996927,91820000
2022-04-27,MSFT,273.9801330566406,281.4772943518781,270.05259027534413,272.89667705103636,63477700
2022-04-27,NVDA,18.38252830505371,19.133201147980134,18.257748727324,18.565204266444386,499460000
2022-04-27,TSLA,293.836669921875,306.0,292.4533386230469,299.52667236328125,76956300
2022-04-28,AAPL,160.33192443847656,161.19413952588084,155.71713316880462,156.0306713643422,130216800
2022-04-28,AMZN,144.59649658203125,145.9375,140.3000030517578,142.17799377441406,117316000
2022-04-28,GOOGL,117.6336898803711,118.75223733155552,113.2592408453906,115.54199599993349,48884000
2022-04-28,MSFT,280.1809387207031,281.48690140062206,272.27746880062506,275.88578963054323,33646600
2022-04-28,NVDA,19.747116088867188,20.001667489116333,18.45739457929483,18.933552723499567,570327000
2022-04-28,TSLA,292.5033264160156,300.0,273.8999938964844,299.99334716796875,124948500
2022-04-29,AAPL,154.4630126953125,162.84017274008735,154.0711048951049,158.5683119363977,131747600
2022-04-29,AMZN,124.28150177001953,130.76100158691406,121.625,129.8489990234375,272662000
2022-04-29,GOOGL,113.25377655029297,117.0357022536662,112.96099060726237,115.85909136700216,42676000
2022-04-29,MSFT,268.4660339355469,280.4228102800614,267.47932156887543,279.1942245202134,37073900
2022-04-29,NVDA,18.514293670654297,20.09250498859457,18.484345889537558,19.367785440638112,500435000
2022-04-29,TSLA,290.2533264160156,311.4666748046875,290.0,300.75,88133100
2022-05-02,AAPL,154.7667999267578,155.03133103517357,150.17160722826696,153.54206903484993,123055300
2022-05-02,AMZN,124.5,124.66799926757812,118.375,122.4010009765625,148788000
2022-05-02,GOOGL,115.70872497558594,115.87000484676354,111.75559245542158,112.55455593011817,35534000
2022-05-02,MSFT,275.1893310546875,275.64399875590436,267.2084825593842,268.64986271938767,35151100
2022-05-02,NVDA,19.49855613708496,19.539482298603552,18.358569760292387,18.508304867075665,572049000
2022-05-02,TSLA,300.9800109863281,302.1199951171875,282.6766662597656,286.92333984375,75781500
2022-05-03,AAPL,156.25601196289062,157.46115753940876,153.15990462040372,154.9528969165434,88966500
2022-05-03,AMZN,124.25350189208984,126.22049713134766,122.82499694824219,124.05349731445312,79134000
2022-05-03,GOOGL,116.4541015625,117.55379426838414,115.16434711289088,115.55737359680728,24968000
2022-05-03,MSFT,272.58709716796875,274.8604357472129,271.01027020615345,274.69596890447576,25978600
2022-05-03,NVDA,19.567434310913086,19.79004256378469,19.099261454041525,19.36579084051425,475751000
2022-05-03,TSLA,303.0833435058594,308.02667236328125,296.1966552734375,301.05999755859375,63709500
2022-05-04,AAPL,162.66383361816406,163.1145261346623,156.04048055543203,156.44219580516028,108256500
2022-05-04,AMZN,125.92849731445312,126.0,119.18299865722656,123.5999984741211,110746000
2022-05-04,GOOGL,121.34415435791016,121.93320188651805,114.25273117249577,116.15387107248489,49916000
2022-05-04,MSFT,280.5195617675781,281.3901938245139,267.7018362258143,273.3706425590282,33599300
2022-05-04,NVDA,20.298141479492188,20.3640250760324,18.717932850721336,19.887866961396114,648855000
2022-05-04,TSLA,317.5400085449219,318.5,295.09332275390625,301.3133239746094,81643800
2022-05-05,AAPL,153.600830078125,160.76305283929582,151.8176149978829,160.53770657596968,130525300
2022-05-05,AMZN,116.40699768066406,123.4990005493164,115.07250213623047,123.0,144392000
2022-05-05,GOOGL,115.63182067871094,120.13132441982566,114.14306924777586,119.30258703193357,45840000
2022-05-05,MSFT,268.30169677734375,277.0080793908521,265.3898860340184,276.22450731739383,43260400
2022-05-05,NVDA,18.810773849487305,19.889867190140663,18.46738053235109,19.831970796985615,626331000
2022-05-05,TSLA,291.09332275390625,315.20001220703125,285.8999938964844,313.00665283203125,92519100
2022-05-06,AAPL,154.32693481445312,156.44638259515347,151.28513392702433,153.0807759379822,116124600
2022-05-06,AMZN,114.77249908447266,119.05049896240234,113.08149719238281,114.8499984741211,124260000
2022-05-06,GOOGL,114.87850952148438,116.68982830154226,113.16049515980836,114.32072750015296,39710000
2022-05-06,MSFT,265.76708984375,270.1396166091243,262.4199492559165,265.8444668964473,37780300
2022-05-06,NVDA,18.642070770263672,19.477594833502064,17.95827912135431,18.702964035272345,633297000
2022-05-06,TSLA,288.54998779296875,296.0,281.03668212890625,295.6666564941406,72903000
2022-05-09,AAPL,149.2049102783203,152.90412873322438,148.6456204167706,152.02101820173502,131577900
2022-05-09,AMZN,108.78900146484375,114.0,107.95700073242188,111.3125,128124000
2022-05-09,GOOGL,111.66727447509766,114.21403375682236,111.16060468534064,112.40073109237771,40802000
2022-05-09,MSFT,255.94825744628906,263.4744394387105,254.72938410241275,261.2494870702996,47726000
2022-05-09,NVDA,16.92011070251465,18.22280783313179,16.797326507132865,18.002198783908664,644455000
2022-05-09,TSLA,262.3699951171875,281.8766784667969,260.3833312988281,278.8166809082031,90810300
2022-05-10,AAPL,151.60894775390625,153.79708852885074,150.05861170075954,152.59999379126018,115366700
2022-05-10,AMZN,108.85900115966797,112.64250183105469,107.1709976196289,111.25,105434000
2022-05-10,GOOGL,113.5371322631836,115.37822468562551,112.05384051914055,114.64129249603656,39900000
2022-05-10,MSFT,260.707763671875,264.8191105943443,256.4222962003139,262.82631891838696,39336400
2022-05-10,NVDA,17.563976287841797,18.16591373433777,16.994981601017855,17.657810412504645,761474000
2022-05-10,TSLA,266.67999267578125,275.1199951171875,258.0833435058594,273.10333251953125,84401700
2022-05-11,AAPL,143.7493438720703,152.53129738037643,143.07229678522884,150.6179132038416,142689800
2022-05-11,AMZN,105.37200164794922,110.15599822998047,104.42849731445312,108.10350036621094,109704000
2022-05-11,GOOGL,112.7505874633789,115.49187605345283,112.38733478952014,112.38733478952014,37534000
2022-05-11,MSFT,252.0497283935547,262.50705741382524,250.8405087610353,257.0123704889284,48975900
2022-05-11,NVDA,16.60067367553711,17.721694464260565,16.538784636687943,17.316410271106523,670167000
2022-05-11,TSLA,244.6666717529297,269.92333984375,242.39999389648438,265.0,97224600
2022-05-12,AAPL,139.88330078125,143.45495579096956,136.19390367446763,140.08936442340104,182602000
2022-05-12,AMZN,106.93049621582031,110.78050231933594,102.40550231933594,102.75,132026000
2022-05-12,GOOGL,111.99777221679688,113.437887434489,109.00091505173944,110.54227032758833,53836000
2022-05-12,MSFT,247.0193328857422,251.4015425966811,241.86321984436174,249.28298794947654,51033800
2022-05-12,NVDA,16.146484375,16.75840458718879,15.539557366550188,16.190407432027413,708728000
2022-05-12,TSLA,242.6666717529297,253.22000122070312,226.6666717529297,233.6666717529297,140313000
2022-05-13,AAPL,144.34788513183594,145.31930242919321,140.422988536555,141.8751960845671,113990900
2022-05-13,AMZN,113.05500030517578,113.18399810791016,107.80000305175781,109.06900024414062,93684000
2022-05-13,GOOGL,115.18022918701172,116.99104817996168,112.75307250236035,113.67410719481575,35038000
2022-05-13,MSFT,252.60113525390625,254.45850956693343,247.01938815483032,248.95413953333383,34925100
2022-05-13,NVDA,17.674779891967773,17.896388580108713,16.5637433859514,16.758399254402644,670437000
2022-05-13,TSLA,256.5299987792969,262.45001220703125,250.52333068847656,257.82666015625,92150700
2022-05-16,AAPL,142.80734252929688,144.7501769403197,141.4728772141811,142.8171643521235,86643800
2022-05-16,AMZN,110.81050109863281,113.99250030517578,110.35399627685547,113.0999984741211,74566000
2022-05-16,GOOGL,113.5867691040039,115.2988317009477,113.03543859089471,114.0934388924006,25990000
2022-05-16,MSFT,252.96871948242188,257.147789161054,247.43532986774056,251.47895279178755,32550900
2022-05-16,NVDA,17.233558654785156,17.756634863058387,17.075838212801916,17.478127488678094,521446000
2022-05-16,TSLA,241.4566650390625,256.586669921875,239.69667053222656,255.72000122070312,86098500
2022-05-17,AAPL,146.4378662109375,146.95791370140876,143.92592034755194,146.06499632256597,78336300
2022-05-17,AMZN,115.36849975585938,115.80000305175781,111.27649688720703,113.2750015258789,76448000
2022-05-17,GOOGL,115.59955596923828,116.02335578859825,114.00858018939827,115.96430034993351,23054000
2022-05-17,MSFT,258.1152038574219,259.57592116021584,253.89743024977278,257.4283458213499,28828800
2022-05-17,NVDA,18.144948959350586,18.33860712731935,17.60290714990144,18.042129937144267,585830000
2022-05-17,TSLA,253.8699951171875,254.82666015625,242.9499969482422,249.1199951171875,80236200
2022-05-18,AAPL,138.17599487304688,144.59319436014727,137.27325546059197,144.09277542323014,109742900
2022-05-18,AMZN,107.11250305175781,112.85299682617188,106.2490005493164,111.43949890136719,108380000
2022-05-18,GOOGL,111.06036376953125,114.5346170372489,110.71894166841899,114.13761512238688,35126000
2022-05-18,MSFT,246.36326599121094,255.59413551227334,245.09305474022761,255.01235236440064,31356000
2022-05-18,NVDA,16.908132553100586,18.08605213605823,16.834263633079882,17.673780282023053,545161000
2022-05-18,TSLA,236.60333251953125,253.5,233.60333251953125,248.17333984375,87811800
2022-05-19,AAPL,134.77113342285156,139.00020681352638,134.03521536260072,137.2536291483144,136095600
2022-05-19,AMZN,107.31900024414062,110.03399658203125,106.19300079345703,106.28050231933594,88142000
2022-05-19,GOOGL,109.55622863769531,112.16253561354502,109.17510560363476,110.59587399910443,34144000
2022-05-19,MSFT,245.45179748535156,249.84422891050363,244.2300707046364,246.18870993787448,32692300
2022-05-19,NVDA,17.093807220458984,17.65581425511469,16.704493580378365,16.907136667863853,621310000
2022-05-19,TSLA,236.47332763671875,244.6666717529297,231.3699951171875,235.6666717529297,90296700
2022-05-20,AAPL,135.0066375732422,138.05824551298795,130.12014512321653,136.47847391127468,137426100
2022-05-20,AMZN,107.59100341796875,109.89800262451172,105.0094985961914,109.56849670410156,99500000
2022-05-20,GOOGL,108.0912857055664,111.34222744755039,105.00312313802856,111.11146523229964,48962000
2022-05-20,MSFT,244.88941955566406,250.6878097739671,238.95529670794807,249.42727472265636,39199300
2022-05-20,NVDA,16.66456413269043,17.379301231839957,15.727219718341468,17.301439650730654,739105000
2022-05-20,TSLA,221.3000030517578,240.52667236328125,211.0,237.99667358398438,144973200
2022-05-23,AAPL,140.4229736328125,140.57015125059797,135.0654837610607,135.20285452842407,117726300
2022-05-23,AMZN,107.55699920654297,108.81900024414062,103.94999694824219,108.46099853515625,107798000
2022-05-23,GOOGL,110.65194702148438,111.3065015318097,107.92554522357145,108.76570147382164,37184000
2022-05-23,MSFT,252.7336883544922,253.55787858160053,245.73296868765453,247.73041602924724,33175400
2022-05-23,NVDA,16.86820411682129,16.885174338377944,16.150472081742095,16.245303880807757,639889000
2022-05-23,TSLA,224.96665954589844,226.65333557128906,212.68666076660156,218.33999633789062,88903500
2022-05-24,AAPL,137.72459411621094,139.30436527340177,134.75148674775386,138.1661418989175,104132700
2022-05-24,AMZN,104.0999984741211,105.4000015258789,101.26000213623047,104.0250015258789,102934000
2022-05-24,GOOGL,105.17533111572266,105.66017033298499,101.12046571648337,104.9788178581926,76780000
2022-05-24,MSFT,251.73497009277344,253.39302669819278,245.80084784961682,250.0575315681895,29043900
2022-05-24,NVDA,16.125516891479492,16.56773659401327,15.75217672510654,16.48089009745048,588550000
2022-05-24,TSLA,209.3866729736328,217.97332763671875,206.85667419433594,217.8433380126953,89092500
2022-05-25,AAPL,137.88162231445312,139.12776621000188,135.742545873108,135.8308524536192,92482700
2022-05-25,AMZN,106.7750015258789,108.17500305175781,103.6500015258789,103.65550231933594,93120000
2022-05-25,GOOGL,105.01156616210938,105.70135403815657,103.07767643363695,104.19820785575082,40258000
2022-05-25,MSFT,254.5469207763672,256.5443535711688,249.32063736572647,250.29997184139762,28547900
2022-05-25,NVDA,16.945064544677734,17.080824385414314,15.971783600712332,15.991748787169616,781132000
2022-05-25,TSLA,219.60000610351562,223.10667419433594,207.6699981689453,207.9499969482422,92139300
2022-05-26,AAPL,141.0803985595703,141.62988165478208,134.56507119637524,134.81037721904417,90601500
2022-05-26,AMZN,111.07749938964844,112.66549682617188,107.45349884033203,107.97000122070312,93002000
2022-05-26,GOOGL,106.9841537475586,107.83472166540481,104.4359029084361,104.88451675621047,37948000
2022-05-26,MSFT,257.8243103027344,258.9975529486111,253.4900680754524,254.3045527743794,25002100
2022-05-26,NVDA,17.81952667236328,18.060100987600233,15.993750916425844,16.007726172049686,996575000
2022-05-26,TSLA,235.91000366210938,239.55667114257812,217.8866729736328,220.47332763671875,106003200
2022-05-27,AAPL,146.83033752441406,146.86957989093065,142.53257223488527,142.66013612756797,90978500
2022-05-27,AMZN,115.14649963378906,115.18699645996094,112.62799835205078,113.55000305175781,93660000
2022-05-27,GOOGL,111.47422790527344,111.47571962495518,108.32005857394647,108.66198041267312,37914000
2022-05-27,MSFT,264.9413757324219,265.03834453491794,259.4338910030426,260.32596255899296,26910800
2022-05-27,NVDA,18.777833938598633,18.8477102124589,18.068087106701686,18.153935916295296,738379000
2022-05-27,TSLA,253.2100067138672,253.26666259765625,240.17666625976562,241.0833282470703,89295000
2022-05-31,AAPL,146.04541015625,147.831245433681,144.0829617048982,146.27110250820675,103718400
2022-05-31,AMZN,120.20950317382812,121.99449920654297,115.67500305175781,116.27999877929688,144634000
2022-05-31,GOOGL,112.90889739990234,114.86710140737668,111.23801982101067,111.90100974803613,50012000
2022-05-31,MSFT,263.61297607421875,266.4248936649032,260.7622650462861,264.2529346305631,37827700
2022-05-31,NVDA,18.639076232910156,19.166145079805915,18.317643518254673,18.946531790942434,664100000
2022-05-31,TSLA,252.75332641601562,259.6000061035156,244.7433319091797,257.9466552734375,101914500
2022-06-01,AAPL,145.91778564453125,148.89089231132965,144.90711144081428,147.0854292918547,74286600
2022-06-01,AMZN,121.68399810791016,125.17900085449219,120.62249755859375,122.25599670410156,127528000
2022-06-01,GOOGL,113.03791809082031,116.22335308466774,112.40073416812857,113.99370154703936,36606000
2022-06-01,MSFT,264.1462707519531,269.2562034890883,261.8385496478532,266.84183742859545,25292200
2022-06-01,NVDA,18.287691116333008,19.01939822244366,18.09004034863606,18.690979868350595,544514000
2022-06-01,TSLA,246.7899932861328,257.32666015625,243.63999938964844,251.72000122070312,77247900
2022-06-02,AAPL,148.3709259033203,148.42979696294097,144.1025944132952,145.05438313661304,72348100
2022-06-02,AMZN,125.51100158691406,125.61000061035156,120.04499816894531,121.68399810791016,100560000
2022-06-02,GOOGL,116.74044036865234,117.01536355537438,112.09951102289412,113.14510810652334,37992000
2022-06-02,MSFT,266.2406311035156,266.30851221318625,253.65486971991317,256.4183173881909,44008200
2022-06-02,NVDA,19.557453155517578,19.584405973838475,18.165912046478592,18.25974616242298,648656000
2022-06-02,TSLA,258.3333435058594,264.2099914550781,242.06666564941406,244.1566619873047,93473100
2022-06-03,AAPL,142.650390625,145.19175791698237,141.74766608402808,144.14184075062616,88570300
2022-06-03,AMZN,122.3499984741211,124.4000015258789,121.04650115966797,124.19999694824219,97604000
2022-06-03,GOOGL,113.68205261230469,115.44920287025536,112.66722129124575,115.19214245668354,26136000
2022-06-03,MSFT,261.819091796875,265.14494022982973,260.25800402669876,262.1002923632558,28059000
2022-06-03,NVDA,18.686988830566406,19.29791105823147,18.489338025612042,19.048351903370342,598779000
2022-06-03,TSLA,234.51666259765625,247.79666137695312,233.4166717529297,243.22666931152344,112393800
2022-06-06,AAPL,143.39605712890625,145.78043894130977,142.179334128492,144.26934578263374,71598400
2022-06-06,AMZN,124.79000091552734,128.99000549316406,123.80999755859375,125.25,135269000
2022-06-06,GOOGL,115.94446563720703,118.4520163103312,115.29288697757941,115.82933061507269,33542000
2022-06-06,MSFT,260.5877685546875,265.8528464138508,259.10423751175404,263.7972378671169,22400300
2022-06-06,NVDA,18.75287628173828,19.302905366003518,18.53126758487554,19.105254520476123,422406000
2022-06-06,TSLA,238.27999877929688,244.86666870117188,234.35000610351562,244.35333251953125,84204600
2022-06-07,AAPL,145.91778564453125,146.20233393485375,141.3943437071185,141.6396496365394,67808200
2022-06-07,AMZN,123.0,124.0999984741211,120.62999725341797,122.01000213623047,85156700
2022-06-07,GOOGL,116.27099609375,116.80843927234521,114.18922914451457,114.61451316562906,31590000
2022-06-07,MSFT,264.2237854003906,264.8346561341794,257.863024346633,258.54177618211287,22860700
2022-06-07,NVDA,18.892623901367188,18.966492805619453,18.15592452312125,18.439424074770958,388914000
2022-06-07,TSLA,238.8866729736328,239.99667358398438,230.0933380126953,234.0,72808500
2022-06-08,AAPL,145.1819305419922,147.0560572730291,144.69131847131706,145.79028471849585,53950200
2022-06-08,AMZN,121.18000030517578,123.75,120.75,122.61000061035156,64926600
2022-06-08,GOOGL,116.31514739990234,117.68132781808734,115.72560012536873,115.88588804690858,26108000
2022-06-08,MSFT,262.19732666015625,264.7086616945771,261.4216058677899,263.4578322605081,17372300
2022-06-08,NVDA,18.619050979614258,19.150224674884743,18.50622553593558,18.76981563316662,363252000
2022-06-08,TSLA,241.86666870117188,249.9633331298828,239.17666625976562,240.086669921875,76210500
2022-06-09,AAPL,139.9617919921875,145.17208908244996,139.85385675234653,144.3184289860741,69473000
2022-06-09,AMZN,116.1500015258789,121.30000305175781,116.0999984741211,119.98999786376953,67029800
2022-06-09,GOOGL,113.97435760498047,117.41188598118904,113.91530215656549,115.45516596971757,25798000
2022-06-09,MSFT,256.74798583984375,264.4274283960142,256.59284170053377,259.64716611698157,26439700
2022-06-09,NVDA,18.01998519897461,18.903611679964875,18.01299609524454,18.452313635347775,395574000
2022-06-09,TSLA,239.7066650390625,255.54666137695312,239.32666015625,249.33999633789062,96491400
2022-06-10,AAPL,134.55528259277344,138.1171163437947,134.4865897104107,137.64613290864105,91437900
2022-06-10,AMZN,109.6500015258789,114.5,109.05000305175781,113.41999816894531,87266000
2022-06-10,GOOGL,110.327880859375,112.42950168530383,109.5383447471123,111.6017563504371,41452000
2022-06-10,MSFT,245.30636596679688,252.6658293283701,244.86033026242538,252.6658293283701,31422800
2022-06-10,NVDA,16.94765281677246,17.669530104023234,16.842814357055154,17.572680551655733,465248000
2022-06-10,TSLA,232.22999572753906,239.5,227.913330078125,235.1566619873047,97536600
2022-06-13,AAPL,129.40382385253906,132.6614796951245,128.9720829038409,130.37522601482007,122207100
2022-06-13,AMZN,103.66999816894531,106.54000091552734,101.86000061035156,104.19000244140625,99277700
2022-06-13,GOOGL,105.59465789794922,107.97566213644032,105.32321034517643,105.98570048108614,47252000
2022-06-13,MSFT,234.9022674560547,241.45696760455806,234.19444257567676,237.66571545060387,46135800
2022-06-13,NVDA,15.622711181640625,16.286678851618216,15.581774461064812,15.975162900820372,604153000
2022-06-13,TSLA,215.73666381835938,226.63333129882812,214.68333435058594,223.1666717529297,102767400
2022-06-14,AAPL,130.2672882080078,131.37607607962988,129.0113227305463,130.63035125622758,84784300
2022-06-14,AMZN,102.30999755859375,104.87999725341797,101.43000030517578,104.19000244140625,69728800
2022-06-14,GOOGL,105.91523742675781,107.1151707392392,105.00660593631495,105.73609475699467,33706000
2022-06-14,MSFT,237.06451416015625,238.27654997365488,234.17501012811695,236.45364337563802,28651500
2022-06-14,NVDA,15.811418533325195,16.041061051837058,15.388075961207294,15.706581027600341,469680000
2022-06-14,TSLA,220.88999938964844,226.3300018310547,211.73666381835938,218.2866668701172,97988700
2022-06-15,AAPL,132.88717651367188,134.7613181921413,129.67858439406757,131.76858160626196,91533000
2022-06-15,AMZN,107.66999816894531,109.05999755859375,103.52999877929688,103.86000061035156,85011100
2022-06-15,GOOGL,108.94137573242188,110.58793144263325,106.8620849971601,107.73101553417992,39698000
2022-06-15,MSFT,244.1137237548828,247.54621774471534,238.93590988722116,240.76850759522998,33111700
2022-06-15,NVDA,16.501344680786133,16.841814932140252,15.901276860613777,16.070014185322673,563936000
2022-06-15,TSLA,233.0,235.663330078125,218.14999389648438,220.9166717529297,119131800
2022-06-16,AAPL,127.61801147460938,129.90426555728718,126.61715864214314,129.60008846415832,108123900
2022-06-16,AMZN,103.66000366210938,104.58000183105469,102.01000213623047,104.47000122070312,82186300
2022-06-16,GOOGL,105.23834991455078,107.83373777282833,104.34956513406651,106.41694479005933,51684000
2022-06-16,MSFT,237.5299530029297,239.90554045067185,235.6391799239251,238.5092727014499,33169200
2022-06-16,NVDA,15.5767822265625,15.917253444550337,15.37709287922616,15.835380002777606,545749000
2022-06-16,TSLA,213.10000610351562,225.1666717529297,208.69332885742188,222.73666381835938,107390700
2022-06-17,AAPL,129.08981323242188,130.5812777450833,127.3726714161481,127.62779921111623,134520300
2022-06-17,AMZN,106.22000122070312,106.9800033569336,102.51000213623047,102.80000305175781,99772100
2022-06-17,GOOGL,106.34003448486328,107.88436583223476,104.25825995731333,105.23835774506158,51376000
2022-06-17,MSFT,240.12855529785156,242.892003168209,236.61850393867869,237.26815342919429,43084800
2022-06-17,NVDA,15.85534954071045,15.970170797325055,15.304206366327632,15.62370932462703,630334000
2022-06-17,TSLA,216.75999450683594,220.97000122070312,213.19667053222656,213.43333435058594,92641800
2022-06-21,AAPL,133.3189239501953,134.48658311474856,130.8168142802015,130.91492771438774,81000500
2022-06-21,AMZN,108.68000030517578,111.62999725341797,103.55999755859375,108.19999694824219,70901200
2022-06-21,GOOGL,110.70752716064453,111.64594004037723,107.78560405644993,108.11263143059072,47416000
2022-06-21,MSFT,246.03363037109375,247.01295018583383,241.93208967216776,242.6593113115765,29928300
2022-06-21,NVDA,16.540285110473633,16.98159844424935,16.381531524997932,16.44942676298862,483089000
2022-06-21,TSLA,237.0366668701172,243.57666015625,224.3333282470703,224.60333251953125,122793000
2022-06-22,AAPL,132.80868530273438,135.17342395812105,131.39572023105475,132.25918724085466,73409200
2022-06-22,AMZN,108.94999694824219,112.12999725341797,107.0199966430664,107.43000030517578,60040100
2022-06-22,GOOGL,110.65145111083984,112.49650392931514,109.55473424500163,109.72743298190343,30774000
2022-06-22,MSFT,245.44212341308594,249.3594317398159,242.7659386682965,244.23977847011096,25939900
2022-06-22,NVDA,16.33460235595703,16.63613355859748,16.15488149414136,16.200809608671182,437135000
2022-06-22,TSLA,236.086669921875,246.8333282470703,233.82666015625,234.50332641601562,101107500
2022-06-23,AAPL,135.6738739013672,135.98785785879153,133.08344262037107,134.25110181028134,72433800
2022-06-23,AMZN,112.44000244140625,113.0,107.93000030517578,110.38999938964844,64345300
2022-06-23,GOOGL,111.40028381347656,111.89703403190568,109.67185020461025,111.38986449241077,28362000
2022-06-23,MSFT,250.99810791015625,251.4926280887529,245.92696800307291,247.80805032436228,25861400
2022-06-23,NVDA,16.199811935424805,16.55925175967928,15.82838875234843,16.49335423638741,463680000
2022-06-23,TSLA,235.07000732421875,239.31666564941406,228.6366729736328,237.9066619873047,104202600
2022-06-24,AAPL,139.00022888183594,139.24553494086544,137.14571567446453,137.2732646440002,89116800
2022-06-24,AMZN,116.45999908447266,116.70999908447266,111.43000030517578,112.37999725341797,69867600
2022-06-24,GOOGL,117.09030151367188,117.19352549247178,112.10546625400416,112.14765087738255,41164000
2022-06-24,MSFT,259.56964111328125,259.84113599314713,253.77125024741073,253.85851328836165,33923200
2022-06-24,NVDA,17.099414825439453,17.113393032351116,16.2846815144393,16.47438711137464,472153000
2022-06-24,TSLA,245.7066650390625,246.06666564941406,236.086669921875,237.47000122070312,95770800
2022-06-27,AAPL,139.00022888183594,140.79587103060723,138.3231817633475,140.02069549958952,70207900
2022-06-27,AMZN,113.22000122070312,117.9800033569336,112.69999694824219,117.08999633789062,62133200
2022-06-27,GOOGL,114.96485900878906,117.69026114363895,114.31575650129828,117.38606391266642,36420000
2022-06-27,MSFT,256.844970703125,260.1513786610391,255.28385304721854,260.06411562547476,24615100
2022-06-27,NVDA,16.842817306518555,17.303102235686215,16.600194433475785,17.28513052368087,427968000
2022-06-27,TSLA,244.9199981689453,252.07000732421875,242.56666564941406,249.36666870117188,89178300
2022-06-28,AAPL,134.85943603515625,140.72715167094702,134.74169394010806,139.46137923230657,67083400
2022-06-28,AMZN,107.4000015258789,114.8499984741211,107.04000091552734,113.5,74942900
2022-06-28,GOOGL,111.16754150390625,116.42978308401227,111.00923749311733,114.93408050890979,35792000
2022-06-28,MSFT,248.69039916992188,258.8036202038124,248.5352550148448,255.96261499134835,27295500
2022-06-28,NVDA,15.957193374633789,17.175299026781286,15.92025015026535,16.8737677400976,461149000
2022-06-28,TSLA,232.663330078125,249.97000122070312,232.3433380126953,244.48333740234375,90391200
2022-06-29,AAPL,136.61581420898438,138.02877917366496,134.10388314834785,134.87905849783044,66242400
2022-06-29,AMZN,108.91999816894531,110.98999786376953,106.91000366210938,107.37999725341797,66375300
2022-06-29,GOOGL,110.86384582519531,112.31190436109492,110.04106016755956,110.71546893086192,24716000
2022-06-29,MSFT,252.35556030273438,254.01361699822033,247.99221661030455,249.76663880388978,20069800
2022-06-29,NVDA,15.517874717712402,15.795443069795565,15.146452414426411,15.789452817507586,482352000
2022-06-29,TSLA,228.49000549316406,231.17333984375,222.27333068847656,230.5,82897200
2022-06-30,AAPL,134.15292358398438,135.77193691877648,131.25831627242013,134.67297101745274,98964500
2022-06-30,AMZN,106.20999908447266,108.18000030517578,102.5199966430664,108.11000061035156,97679400
2022-06-30,GOOGL,108.1458740234375,110.05644130249395,105.94947205566056,109.17510001051674,43170000
2022-06-30,MSFT,249.0297393798828,251.64774884681984,245.21910548593416,249.24305888897192,31730900
2022-06-30,NVDA,15.135469436645508,15.542836100215856,14.838930531324044,15.337155541620188,686070000
2022-06-30,TSLA,224.47332763671875,229.4566650390625,218.8633270263672,224.50999450683594,94600500
2022-07-01,AAPL,136.32147216796875,136.42940742984914,133.11287978462988,133.48573480288584,71051600
2022-07-01,AMZN,109.55999755859375,109.75,105.8499984741211,106.29000091552734,73021200
2022-07-01,GOOGL,107.92207336425781,108.43072706417608,105.93012023346462,107.12360200109673,35476000
2022-07-01,MSFT,251.69618225097656,251.88041405463684,246.87714165785107,248.60309420009241,22837700
2022-07-01,NVDA,14.50045394897461,15.039615603372162,14.369657750368367,14.875870642287145,577610000
2022-07-01,TSLA,227.26333618164062,230.22999572753906,222.1199951171875,227.0,74460300
2022-07-05,AAPL,138.90206909179688,138.95113328697806,134.35899711370092,135.18323666479031,73353800
2022-07-05,AMZN,113.5,114.08000183105469,106.31999969482422,107.5999984741211,76583700
2022-07-05,GOOGL,112.41363525390625,112.52677878685982,104.93861261421623,106.29734968195305,39342000
2022-07-05,MSFT,254.86692810058594,254.99298457519546,247.00323818444357,248.3801092623351,22941000
2022-07-05,NVDA,14.940771102905273,14.947760206321728,14.033182701418724,14.15299631092678,651397000
2022-07-05,TSLA,233.06666564941406,233.14666748046875,216.1666717529297,223.0,84581100
2022-07-06,AAPL,140.23654174804688,141.41400763305737,138.43109305954474,138.69602774966668,74064300
2022-07-06,AMZN,114.33000183105469,115.4800033569336,112.01000213623047,113.20999908447266,66958900
2022-07-06,GOOGL,113.71281433105469,114.72268583730312,110.64003080778706,112.45234149088837,37432000
2022-07-06,MSFT,258.1248474121094,259.8507853109402,254.430564439945,255.73956910040374,23824400
2022-07-06,NVDA,15.106513977050781,15.295220723870164,14.766042751623154,14.986700366030874,529066000
2022-07-06,TSLA,231.73333740234375,234.56333923339844,227.18666076660156,230.77999877929688,71853600
2022-07-07,AAPL,143.60214233398438,143.79838414491758,140.58977738452884,140.59958423477383,66253700
2022-07-07,AMZN,116.33000183105469,116.98999786376953,113.48999786376953,113.8499984741211,57872300
2022-07-07,GOOGL,117.8922348022461,118.2956881859461,113.97235893217574,114.21700853285823,40936000
2022-07-07,MSFT,260.248291015625,260.8882493950364,256.9709418562369,257.0679106271867,20859900
2022-07-07,NVDA,15.83338451385498,15.920249363063476,15.365112647572856,15.432009036553442,492903000
2022-07-07,TSLA,244.5433349609375,245.3633270263672,232.2100067138672,233.9199981689453,81930600
2022-07-08,AAPL,144.27919006347656,144.7796239540416,142.2774994180926,142.5326123028861,64547800
2022-07-08,AMZN,115.54000091552734,116.58000183105469,113.69000244140625,114.5999984741211,45719700
2022-07-08,GOOGL,118.45846557617188,118.78747686308,116.02484973064558,116.37073941015483,38238000
2022-07-08,MSFT,259.53082275390625,259.9574617514012,255.29355004720045,256.7479931048278,19658800
2022-07-08,NVDA,15.81341552734375,16.012106984675512,15.365112136209438,15.406048858995538,467972000
2022-07-08,TSLA,250.76333618164062,254.97999572753906,241.16000366210938,242.3333282470703,101854200
2022-07-11,AAPL,142.14993286132812,143.88670373849325,141.08040216848238,142.93491514840724,63141600
2022-07-11,AMZN,111.75,114.30000305175781,110.87000274658203,114.08000183105469,53487600
2022-07-11,GOOGL,114.80903625488281,117.11312990957636,114.4656302547842,117.11312990957636,31196000
2022-07-11,MSFT,256.47650146484375,258.4351408209991,254.2172499828831,257.5818628153171,19455200
2022-07-11,NVDA,15.128479957580566,15.502897844600374,15.014656599989385,15.50189899317143,437321000
2022-07-11,TSLA,234.3433380126953,253.06333923339844,233.6266632080078,252.10333251953125,99241200
2022-07-12,AAPL,143.12132263183594,145.66268901013973,142.32653364630602,143.02319425019243,77588800
2022-07-12,AMZN,109.22000122070312,113.2300033569336,108.33999633789062,112.16000366210938,54280300
2022-07-12,GOOGL,113.16545867919922,116.09680918580032,112.83743934520429,115.34349827319495,29960000
2022-07-12,MSFT,245.9657440185547,257.8630939289556,244.38524428800383,257.8049185662981,35868500
2022-07-12,NVDA,15.058588027954102,15.40704625326835,14.853906325120404,15.244299171117744,458483000
2022-07-12,TSLA,233.07000732421875,239.77333068847656,228.3699951171875,236.84666442871094,87930900
2022-07-13,AAPL,142.75828552246094,143.700252180436,139.4515504526769,140.30522551606126,71185600
2022-07-13,AMZN,110.4000015258789,111.77999877929688,106.01000213623047,107.02999877929688,61353800
2022-07-13,GOOGL,110.5184555053711,113.3396382596684,110.36759493610163,110.86334564985317,43722000
2022-07-13,MSFT,245.0445556640625,245.84934922574635,240.5745669583086,242.59139634264417,29497400
2022-07-13,NVDA,15.140460014343262,15.351132914368169,14.442545687722442,14.567351646375842,521918000
2022-07-13,TSLA,237.0399932861328,242.05999755859375,225.03334045410156,225.5,97954500
2022-07-14,AAPL,145.6823272705078,146.15331059436355,140.56033683517074,141.37475454509644,78140700
2022-07-14,AMZN,110.62999725341797,111.18000030517578,107.58000183105469,110.23999786376953,51163100
2022-07-14,GOOGL,109.53985595703125,110.25991744168836,107.56031347226879,109.3840355997886,37004000
2022-07-14,MSFT,246.36326599121094,247.39107006314066,238.47048883303972,242.95987452362783,25102800
2022-07-14,NVDA,15.348137855529785,15.448980906104412,14.705137480469018,15.084547722465837,456235000
2022-07-14,TSLA,238.31333923339844,238.65333557128906,229.3333282470703,234.89666748046875,78557400
2022-07-15,AAPL,147.3504180908203,148.02746510063992,145.4174054581408,146.96774129904725,76259900
2022-07-15,AMZN,113.55000305175781,115.58999633789062,111.58999633789062,112.5,84317800
2022-07-15,GOOGL,110.93927001953125,112.29205534108347,110.06835559507293,111.16060487695782,46770000
2022-07-15,MSFT,248.923095703125,252.46223474835,247.03232258587656,247.95346694603754,29774100
2022-07-15,NVDA,15.737534523010254,15.757502984142945,15.421026177578668,15.634694710520902,385935000
2022-07-15,TSLA,240.06666564941406,243.6233367919922,236.88999938964844,240.0,69683100
2022-07-18,AAPL,144.30862426757812,148.7241323716371,143.9455611978647,147.90971463576915,81420900
2022-07-18,AMZN,113.76000213623047,117.23999786376953,113.1500015258789,115.0,59115400
2022-07-18,GOOGL,108.2123794555664,112.82751047657966,107.55733275345759,111.79530855999529,43164600
2022-07-18,MSFT,246.52813720703125,252.91798783193323,245.60699275077752,251.86109592734067,20975000
2022-07-18,NVDA,16.076007843017578,16.870771818679195,15.977162485969991,16.276696063894367,670517000
2022-07-18,TSLA,240.54666137695312,250.51666259765625,239.60333251953125,244.93666076660156,82537500
2022-07-19,AAPL,148.16482543945312,148.39050276940443,144.1516228338136,145.1426536934173,82982400
2022-07-19,AMZN,118.20999908447266,118.94999694824219,114.02999877929688,115.69999694824219,60990000
2022-07-19,GOOGL,112.95652770996094,113.16495199528867,108.73839878398343,110.01872588429481,36530900
2022-07-19,MSFT,251.64772033691406,251.83195214619707,245.97538686166658,249.75693264825895,25012600
2022-07-19,NVDA,16.965621948242188,17.08343879377703,16.14689523300348,16.460406952090203,702366000
2022-07-19,TSLA,245.52999877929688,247.13999938964844,236.97666931152344,245.0,80890200
2022-07-20,AAPL,150.16653442382812,150.83377461851506,147.5466677906739,148.28258588894056,64823400
2022-07-20,AMZN,122.7699966430664,123.4800033569336,118.31999969482422,118.62000274658203,71268300
2022-07-20,GOOGL,113.04586029052734,114.5346117230483,111.63651075173104,112.32133126160736,35600400
2022-07-20,MSFT,254.3045196533203,256.8255603020686,251.04658128193176,252.00650426801573,22788300
2022-07-20,NVDA,17.77935791015625,17.90516367987839,16.774920881624166,16.920694158582595,760538000
2022-07-20,TSLA,247.5,250.663330078125,243.48333740234375,246.78334045410156,88864200
2022-07-21,AAPL,152.4331817626953,152.6490522792443,149.08720372847873,151.59913522400217,65086600
2022-07-21,AMZN,124.62999725341797,124.8499984741211,121.26000213623047,123.19999694824219,60239900
2022-07-21,GOOGL,113.48255920410156,113.69099107486413,110.27678525693223,113.42301156798746,32676200
2022-07-21,MSFT,256.7964782714844,256.8449774641106,249.2236799929457,251.89986485024778,22404700
2022-07-21,NVDA,18.021984100341797,18.115838067216817,17.517768741299832,17.857241184682085,557049000
2022-07-21,TSLA,271.7066650390625,273.26666259765625,254.86666870117188,255.10667419433594,142032300
2022-07-22,AAPL,151.19683837890625,153.34572184345396,150.5296130875675,152.47243287549966,66675400
2022-07-22,AMZN,122.41999816894531,125.5,121.3499984741211,125.01000213623047,51463800
2022-07-22,GOOGL,107.09085845947266,111.49755771109314,105.70135555742696,110.16761001759993,48901200
2022-07-22,MSFT,252.4525146484375,257.27157048099224,251.2017149281793,257.18430744869886,21881300
2022-07-22,NVDA,17.2921142578125,17.939107115384,17.11039568213851,17.86522258702626,536671000
2022-07-22,TSLA,272.24334716796875,280.78668212890625,270.71331787109375,276.2200012207031,103472700
2022-07-25,AAPL,150.0782470703125,152.1290021734992,149.4208286149878,151.11834238686484,53623900
2022-07-25,AMZN,121.13999938964844,123.63999938964844,120.02999877929688,122.69999694824219,50221300
2022-07-25,GOOGL,106.70377349853516,109.04607621995325,105.50284832248128,107.59702581978459,34690900
2022-07-25,MSFT,250.96897888183594,253.55790048413337,249.0103395957646,253.0730861428635,21056000
2022-07-25,NVDA,16.997575759887695,17.09742092220505,16.623157829488665,16.992582454358388,480748000
2022-07-25,TSLA,268.4333190917969,274.14666748046875,267.3999938964844,272.2166748046875,64073400
2022-07-26,AAPL,148.7535400390625,150.21555397747602,147.96855797310025,149.40113639411533,55138700
2022-07-26,AMZN,114.80999755859375,118.1500015258789,114.52999877929688,115.79000091552734,67075100
2022-07-26,GOOGL,104.23245239257812,106.39610489008601,103.28957946507946,105.80060580049833,47991000
2022-07-26,MSFT,244.24948120117188,251.98712943704783,241.9902591873935,251.9677179235894,39348000
2022-07-26,NVDA,16.507335662841797,16.89273612928647,16.45242073831852,16.86278201471348,397865000
2022-07-26,TSLA,258.8599853515625,267.30999755859375,256.2633361816406,266.5133361816406,66820800
2022-07-27,AAPL,153.8461151123047,154.37598449377768,149.3030578563077,149.71517016840275,78620700
2022-07-27,AMZN,120.97000122070312,121.9000015258789,117.16000366210938,117.30999755859375,61582000
2022-07-27,GOOGL,112.212158203125,113.05579009257278,107.20003280514234,108.44065902823431,59858500
2022-07-27,MSFT,260.5780029296875,261.84821413779025,250.9883906372331,253.22823052881697,45994000
2022-07-27,NVDA,17.762386322021484,17.908159601580824,16.886746840994853,17.005561604819313,569776000
2022-07-27,TSLA,274.82000732421875,275.9266662597656,261.7900085449219,263.80999755859375,88110000
2022-07-28,AAPL,154.39561462402344,154.68016301876492,151.51081343985047,154.0325515340952,81378700
2022-07-28,AMZN,122.27999877929688,122.83999633789062,118.08000183105469,121.56999969482422,82245500
2022-07-28,GOOGL,113.36345672607422,113.4825519907323,110.62415205622167,111.5273315315114,32816600
2022-07-28,MSFT,268.0151062011719,269.40166831465785,259.7344677770861,261.5573746966984,33459300
2022-07-28,NVDA,17.956083297729492,18.11184128131467,17.412929010303365,17.947098395523145,474646000
2022-07-28,TSLA,280.8999938964844,283.29998779296875,272.79998779296875,280.0666809082031,84723000
2022-07-29,AAPL,159.4586944580078,160.55767543376024,156.50521583755506,158.21255085489784,101786900
2022-07-29,AMZN,134.9499969482422,137.64999389648438,132.41000366210938,134.89999389648438,148892900
2022-07-29,GOOGL,115.44770812988281,115.83478288766385,112.21215297072065,112.23200722978598,37223400
2022-07-29,MSFT,272.21356201171875,273.43530368872024,268.2284021083121,269.2659119581238,32152800
2022-07-29,NVDA,18.134809494018555,18.21568315008048,17.664539858114644,17.785352344678618,435460000
2022-07-29,TSLA,297.1499938964844,298.32000732421875,279.1000061035156,280.70001220703125,95313000
2022-08-01,AAPL,158.47747802734375,160.51842568191043,157.8691239569894,157.9868660422736,67829400
2022-08-01,AMZN,135.38999938964844,138.8300018310547,133.50999450683594,134.9600067138672,76846900
2022-08-01,GOOGL,113.9986572265625,115.84470955891426,113.48255250344202,114.4353600580981,26034300
2022-08-01,MSFT,269.5664978027344,272.7371731572371,267.4623903988592,269.3822659732868,21539600
2022-08-01,NVDA,18.412372589111328,18.816744561755613,17.962072498125625,18.153773877924205,476469000
2022-08-01,TSLA,297.27667236328125,311.8766784667969,295.0,301.27667236328125,117042900
2022-08-02,AAPL,157.0056610107422,159.36060780651525,156.63280603827062,157.0939825576486,59907000
2022-08-02,AMZN,134.16000366210938,137.44000244140625,134.08999633789062,134.72000122070312,61922400
2022-08-02,GOOGL,114.26664733886719,115.47749987569318,112.86722474472963,113.14512383734234,20236000
2022-08-02,MSFT,266.4733581542969,269.45012527255744,264.1074618325668,267.6175128829661,22754200
2022-08-02,NVDA,18.497241973876953,18.90860309946713,18.06391563779565,18.093869755691863,489527000
2022-08-02,TSLA,300.586669921875,307.8333435058594,292.6666564941406,294.0033264160156,95577600
2022-08-03,AAPL,163.01075744628906,163.4621121282082,157.73176722636683,157.82007379818262,82507500
2022-08-03,AMZN,139.52000427246094,140.49000549316406,136.0500030517578,136.2100067138672,71827800
2022-08-03,GOOGL,117.19451141357422,117.73046282343833,114.61401051481387,114.84228148786751,28499000
2022-08-03,MSFT,273.8910217285156,274.8897381119249,268.20898212498906,268.3544501034442,23518900
2022-08-03,NVDA,18.863672256469727,18.938556596561604,18.108845268842018,18.15577319490234,418146000
2022-08-03,TSLA,307.39666748046875,309.54998779296875,301.1499938964844,305.0,80091000
2022-08-04,AAPL,162.69677734375,164.05087149041262,161.3426831970874,162.8930191834261,55474100
2022-08-04,AMZN,142.57000732421875,143.55999755859375,139.5500030517578,140.5800018310547,70585000
2022-08-04,GOOGL,117.30369567871094,117.88926763439125,116.01344134911656,116.59902087697859,21602900
2022-08-04,MSFT,275.0351867675781,275.18062516074315,271.6608976832657,273.2413676766203,18098700
2022-08-04,NVDA,19.18517303466797,19.24408146520657,18.73087939960465,18.819741947233144,409652000
2022-08-04,TSLA,308.6333312988281,313.6066589355469,305.0,311.0,72256200
2022-08-05,AAPL,162.47079467773438,162.96208826310027,160.16170882927858,160.368058732092,56697000
2022-08-05,AMZN,140.8000030517578,142.86000061035156,139.60000610351562,140.10000610351562,50686900
2022-08-05,GOOGL,116.58908081054688,117.22428077464862,115.1301032900635,115.35838182662235,19159500
2022-08-05,MSFT,274.31768798828125,275.03520383289623,270.2161475022105,270.67187422288504,16774600
2022-08-05,NVDA,18.95952033996582,19.199147517032394,18.637021835643775,18.78079738012871,386068000
2022-08-05,TSLA,288.1700134277344,304.6066589355469,285.5433349609375,302.6700134277344,113172900
2022-08-08,AAPL,161.9991455078125,164.88795425048374,161.34081388850365,163.47302629545368,60276900
2022-08-08,AMZN,139.41000366210938,144.22999572753906,138.2899932861328,142.0500030517578,52229000
2022-08-08,GOOGL,116.42035675048828,119.24898275614252,116.00350062424911,117.50217907966554,19138300
2022-08-08,MSFT,271.80633544921875,277.23626231037696,270.83670670939483,275.4230317107007,18739200
2022-08-08,NVDA,17.765382766723633,18.210691581679537,17.215239283630606,17.47483596635167,981859000
2022-08-08,TSLA,290.42333984375,305.20001220703125,289.086669921875,295.0,98994000
2022-08-09,AAPL,162.0482635498047,162.9326009401167,160.40734488370262,161.16394115258205,63135500
2022-08-09,AMZN,137.8300018310547,138.9499969482422,136.2100067138672,138.0500030517578,40434700
2022-08-09,GOOGL,115.75537872314453,116.44020677601095,114.84227970077666,116.26155630883628,19086500
2022-08-09,MSFT,273.7261962890625,274.4825055635908,269.1786348849365,271.1470097408237,23405200
2022-08-09,NVDA,17.059478759765625,17.41991845975433,16.698041160487055,17.22522145250511,668263000
2022-08-09,TSLA,283.3333435058594,292.39666748046875,279.35333251953125,290.2933349609375,86244600
2022-08-10,AAPL,166.2930450439453,166.39129475740782,163.99377985120265,164.76019658442047,70170500
2022-08-10,AMZN,142.69000244140625,144.60000610351562,141.00999450683594,142.89999389648438,54773800
2022-08-10,GOOGL,118.80236053466797,120.01321290367328,117.5220409743198,117.88926147915558,30930400
2022-08-10,MSFT,280.3777770996094,281.0080296985738,278.2252006729384,279.4178543656592,24687800
2022-08-10,NVDA,18.06890869140625,18.089876002325298,17.290118776438867,17.67052787955639,597422000
2022-08-10,TSLA,294.3566589355469,297.510009765625,283.3699951171875,297.0666809082031,94918800
2022-08-11,AAPL,165.55609130859375,168.0125588424397,165.26131220591463,167.09874512344325,57149200
2022-08-11,AMZN,140.63999938964844,144.49000549316406,139.75999450683594,143.86000061035156,44867300
2022-08-11,GOOGL,117.94881439208984,120.57894353839131,117.67091532555504,120.37051923849022,24293700
2022-08-11,MSFT,278.3028564453125,282.3656036148159,277.80836586315127,282.0165514391727,20065900
2022-08-11,NVDA,17.91414451599121,18.67795814995378,17.848246996098702,18.10285217554872,509327000
2022-08-11,TSLA,286.6300048828125,298.2366638183594,285.8333435058594,296.5133361816406,70155000
2022-08-12,AAPL,169.10321044921875,169.17198373539173,166.45021384103478,166.8629135304174,68039400
2022-08-12,AMZN,143.5500030517578,143.57000732421875,140.1199951171875,142.0500030517578,47643500
2022-08-12,GOOGL,120.76750946044922,120.76750946044922,118.56415625736685,119.35816000390892,19096300
2022-08-12,MSFT,283.0443420410156,283.0443420410156,278.2252857983071,279.71852241187486,22619700
2022-08-12,NVDA,18.679954528808594,18.688941333595494,17.925127675885207,18.131807046496085,478094000
2022-08-12,TSLA,300.0299987792969,300.1600036621094,285.0333251953125,289.4166564941406,79657200
2022-08-15,AAPL,170.17425537109375,170.37076978453467,168.36629877849532,168.53333677957454,54091700
2022-08-15,AMZN,143.17999267578125,143.75999450683594,141.49000549316406,142.8000030517578,39014600
2022-08-15,GOOGL,121.1645278930664,121.38287933181624,119.70555016340342,120.22164736866324,19494800
2022-08-15,MSFT,284.5569152832031,285.2453433252316,281.2989476986178,282.16193138302435,18085700
2022-08-15,NVDA,19.002456665039062,19.134251734089823,18.584108348581022,18.67197109315223,457666000
2022-08-15,TSLA,309.32000732421875,313.1333312988281,301.2300109863281,301.78668212890625,89359200
2022-08-16,AAPL,170.01702880859375,170.6851957704937,168.6708894053126,169.77138205657383,56377100
2022-08-16,AMZN,144.77999877929688,146.57000732421875,142.0,143.91000366210938,59102900
2022-08-16,GOOGL,120.78736114501953,121.511890161635,119.73531257366949,120.60871067326374,19041200
2022-08-16,MSFT,283.820068359375,285.10969137320546,281.59963947332545,283.12193436448484,18102900
2022-08-16,NVDA,18.84969139099121,19.11228358951399,18.47227795040579,18.89062810701759,451240000
2022-08-16,TSLA,306.5633239746094,314.6666564941406,302.8833312988281,311.6666564941406,88136400
2022-08-17,AAPL,171.5105438232422,173.0826738438294,169.56502598846322,169.76154036690085,79542000
2022-08-17,AMZN,142.10000610351562,143.3800048828125,140.77999877929688,142.69000244140625,48149800
2022-08-17,GOOGL,118.65348815917969,120.3804376418693,118.48475724771684,119.21921338138048,22847000
2022-08-17,MSFT,283.0718688964844,285.0443923547638,281.2742419844088,281.5365868037145,18253400
2022-08-17,NVDA,18.306541442871094,18.658994193572546,18.11683771188579,18.494251279360228,446799000
2022-08-17,TSLA,303.9966735839844,309.65667724609375,300.0333251953125,303.39666748046875,68766000
2022-08-18,AAPL,171.11753845214844,171.8544787813878,170.1054749327735,170.72450960712317,62290100
2022-08-18,AMZN,142.3000030517578,142.77000427246094,140.3800048828125,141.32000732421875,37458700
2022-08-18,GOOGL,119.26883697509766,119.91396410503756,117.82971363092356,118.53438839458119,17987700
2022-08-18,MSFT,281.9543762207031,283.64510179006146,280.89521149700556,281.9737992817374,17186200
2022-08-18,NVDA,18.74386215209961,18.835718409468257,18.15477776988283,18.272594646326187,415447000
2022-08-18,TSLA,302.8699951171875,306.5,301.85333251953125,306.0,47500500
2022-08-19,AAPL,168.53335571289062,170.71470043124475,168.3270058100883,170.01705694310306,70346300
2022-08-19,AMZN,138.22999572753906,141.11000061035156,137.91000366210938,140.47000122070312,47792800
2022-08-19,GOOGL,116.33103942871094,118.25649376081427,115.88441701477308,118.16716473471774,21809500
2022-08-19,MSFT,278.0481872558594,281.06042243303864,277.4748955705993,280.7203261035374,20570000
2022-08-19,NVDA,17.821292877197266,18.49125077215721,17.742415041253963,18.377427421122775,441588000
2022-08-19,TSLA,296.6666564941406,300.3599853515625,292.5,299.0,61395300
2022-08-22,AAPL,164.65211486816406,166.90223255698254,164.22959465128477,166.73519456201245,69026800
2022-08-22,AMZN,133.22000122070312,136.32000732421875,132.85000610351562,135.72000122070312,50461500
2022-08-22,GOOGL,113.38330841064453,114.76288414973949,112.99623363908157,114.33610843081347,21456600
2022-08-22,MSFT,269.88604736328125,274.4626845439324,269.3710544716456,274.0934387624706,25061100
2022-08-22,NVDA,17.007556915283203,17.530743628369223,16.93966168585565,17.462848398941674,409593000
2022-08-22,TSLA,289.913330078125,292.3999938964844,286.2966613769531,291.913330078125,55843200
2022-08-23,AAPL,164.3180389404297,165.77227866474297,163.74813661491604,164.17065687050786,54147100
2022-08-23,AMZN,133.6199951171875,134.99000549316406,132.9499969482422,133.41000366210938,36252100
2022-08-23,GOOGL,113.00615692138672,114.14753450962371,112.57938121699137,112.62900929255083,15870400
2022-08-23,MSFT,268.61309814453125,270.96456356636963,267.60253558165664,268.61309814453125,17527400
2022-08-23,NVDA,17.154333114624023,17.437892714146447,16.94366016604736,16.962631681651615,369986000
2022-08-23,TSLA,296.4533386230469,298.82666015625,287.92333984375,291.4533386230469,63984900
2022-08-24,AAPL,164.61279296875,165.18269520734955,163.35508285359487,164.40645810232692,53841500
2022-08-24,AMZN,133.8000030517578,135.47000122070312,132.10000610351562,132.75,38627000
2022-08-24,GOOGL,112.83743286132812,113.91925523756754,112.02358240373205,112.6488552620206,17734600
2022-08-24,MSFT,267.9815673828125,269.38079904214317,267.3207976827984,267.61232157638716,18137000
2022-08-24,NVDA,17.195266723632812,17.378981119005086,16.868774654974345,16.98559171254238,522661000
2022-08-24,TSLA,297.0966796875,303.64666748046875,296.5,297.5633239746094,57259800
2022-08-25,AAPL,167.0692901611328,167.17737534622174,165.41855096314578,165.841056236527,51218200
2022-08-25,AMZN,137.27999877929688,137.4199981689453,134.27999877929688,135.25999450683594,37496300
2022-08-25,GOOGL,115.77523803710938,115.84471280114529,113.2542847000928,113.38330709839337,16956800
2022-08-25,MSFT,270.9548645019531,271.12003464855854,266.7474441390709,269.4778816182688,16583400
2022-08-25,NVDA,17.885196685791016,17.919144309263267,16.806873069370276,16.817855675931728,770691000
2022-08-25,TSLA,296.07000732421875,302.9599914550781,291.6000061035156,302.3599853515625,53230000
2022-08-26,AAPL,160.77084350585938,168.0714710486029,160.71189069818755,167.5998335941439,78961000
2022-08-26,AMZN,130.75,137.8300018310547,130.5,136.5500030517578,53322700
2022-08-26,GOOGL,109.51255798339844,114.25671917939691,109.36368888940646,113.85971726032743,37245700
2022-08-26,MSFT,260.4995422363281,272.40270697945806,260.3926709090645,271.1783719738918,27549300
2022-08-26,NVDA,16.23476219177246,17.89617896439729,16.211797175282506,17.829283522466564,769127000
2022-08-26,TSLA,288.0899963378906,302.0,287.4700012207031,297.42999267578125,57163900
2022-08-29,AAPL,158.56991577148438,160.0634374134409,157.03708224821386,158.3439099366534,73314000
2022-08-29,AMZN,129.7899932861328,131.9499969482422,128.77000427246094,129.89999389648438,48101600
2022-08-29,GOOGL,108.59944915771484,110.1179743580815,107.98410343176194,109.16517438083538,21191200
2022-08-29,MSFT,257.7205810546875,259.82912546263174,256.3796481077176,258.3230223141001,20338500
2022-08-29,NVDA,15.776472091674805,16.312638221113218,15.742525425220169,15.995132957792901,496132000
2022-08-29,TSLA,284.82000732421875,287.739990234375,280.70001220703125,282.8299865722656,41864700
2022-08-30,AAPL,156.14291381835938,159.7293506019625,154.97363281420544,159.3068453614504,77906200
2022-08-30,AMZN,128.72999572753906,132.07000732421875,126.8499984741211,131.25,49203000
2022-08-30,GOOGL,108.12305450439453,109.67135354308121,106.99160404194176,109.34382641653404,27513300
2022-08-30,MSFT,255.5244903564453,259.4889596293657,253.27989612081268,259.11974353789395,22767100
2022-08-30,NVDA,15.443990707397461,16.01410353790401,15.158434390290923,15.935226643010983,530181000
2022-08-30,TSLA,277.70001220703125,288.4800109863281,272.6499938964844,287.8699951171875,50541800
2022-08-31,AAPL,154.48236083984375,157.78385443277264,154.40375206464415,157.51855169061037,87991100
2022-08-31,AMZN,126.7699966430664,130.58999633789062,126.73999786376953,129.4499969482422,53648700
2022-08-31,GOOGL,107.408447265625,110.01872187397939,107.31911824820861,109.82022472533541,28627000
2022-08-31,MSFT,254.0670166015625,259.5473161966127,253.9309661795525,257.87604292187785,24791800
2022-08-31,NVDA,15.070568084716797,15.515875817701323,14.935777428871644,15.360117853461658,573710000
2022-08-31,TSLA,275.6099853515625,281.25,271.80999755859375,280.6199951171875,52107300
2022-09-01,AAPL,155.20948791503906,155.66146965189284,151.9767674808192,153.9124655541372,74229900
2022-09-01,AMZN,127.81999969482422,128.02000427246094,123.66000366210938,126.0,56636100
2022-09-01,GOOGL,108.91706085205078,109.62173567430116,106.5549111279362,107.46801025771005,28360900
2022-09-01,MSFT,253.0272674560547,253.50341421016233,248.17855922552292,251.54058765801105,23263400
2022-09-01,NVDA,13.915366172790527,14.357678353574007,13.249401725179203,14.186943313242518,1178865000
2022-09-01,TSLA,277.1600036621094,277.5799865722656,266.1499938964844,272.5799865722656,54287000
2022-09-02,AAPL,153.0968780517578,157.56765189981036,152.2715085702032,156.9682732301626,76957800
2022-09-02,AMZN,127.51000213623047,131.3800048828125,126.38999938964844,129.5,57429800
2022-09-02,GOOGL,107.0412368774414,109.90956431016964,106.45566489177163,109.76068763802547,24160700
2022-09-02,MSFT,248.81011962890625,257.24435393582866,247.26514117537187,254.29044741444957,22855400
2022-09-02,NVDA,13.62581729888916,14.149003156104582,13.569903514231424,14.07811421619894,743157000
2022-09-02,TSLA,270.2099914550781,282.3500061035156,269.0799865722656,281.07000732421875,50890100
2022-09-06,AAPL,151.83914184570312,154.35456173500972,151.01377250572787,153.7453626973735,73714800
2022-09-06,AMZN,126.11000061035156,128.6199951171875,124.73999786376953,127.91999816894531,43888600
2022-09-06,GOOGL,106.00902557373047,107.21987796172488,104.98675079205103,106.49535649820784,25068300
2022-09-06,MSFT,246.07969665527344,250.53000941495102,244.80678924426493,248.94618474623337,21328200
2022-09-06,NVDA,13.444097518920898,13.75761020490667,13.330274168921454,13.709684383392407,535751000
2022-09-06,TSLA,274.4200134277344,275.989990234375,265.739990234375,272.67999267578125,55860000
2022-09-07,AAPL,153.24429321289062,153.9419216691413,150.93520749298594,152.1241445003408,87449600
2022-09-07,AMZN,129.47999572753906,129.82000732421875,125.4000015258789,126.12000274658203,47900300
2022-09-07,GOOGL,108.62921905517578,109.15525088592688,106.09834633659005,106.25714254097879,23167000
2022-09-07,MSFT,250.78265380859375,251.5016925834483,246.05054362667008,247.4886360031437,24126700
2022-09-07,NVDA,13.69678020477295,13.820625056780996,13.329242241678006,13.545969780215222,512657000
2022-09-07,TSLA,283.70001220703125,283.8399963378906,272.2699890136719,273.1000061035156,50028900
2022-09-08,AAPL,151.77040100097656,153.6373103822705,150.02138227376568,151.94725947173376,84923800
2022-09-08,AMZN,129.82000732421875,130.27999877929688,127.0999984741211,127.72000122070312,43988500
2022-09-08,GOOGL,107.56724548339844,108.77809780045992,106.35640073851793,107.22979880995165,24238300
2022-09-08,MSFT,251.20046997070312,253.056395384433,247.5760822267559,250.21908643151144,20319900
2022-09-08,NVDA,13.972433090209961,13.990411090298151,13.352213517895981,13.442099708429629,624873000
2022-09-08,TSLA,289.260009765625,289.5,279.760009765625,281.29998779296875,53713100
2022-09-09,AAPL,154.6297149658203,155.07189112050955,152.0553417641127,152.76280561990976,68028800
2022-09-09,AMZN,133.27000427246094,133.69000244140625,130.75999450683594,130.91000366210938,49387600
2022-09-09,GOOGL,109.82022857666016,110.15767525562512,108.20244722697193,108.25207530196377,23197700
2022-09-09,MSFT,256.97235107421875,257.72056908719554,252.92043264804659,253.1244786272513,22084700
2022-09-09,NVDA,14.368935585021973,14.455826240046429,14.108263619948604,14.139223880637113,486612000
2022-09-09,TSLA,299.67999267578125,299.8500061035156,291.25,291.6700134277344,54338100
2022-09-12,AAPL,160.58416748046875,161.39971639450192,156.52609383916058,156.81103743896202,104956000
2022-09-12,AMZN,136.4499969482422,136.49000549316406,134.0,134.10000610351562,53826900
2022-09-12,GOOGL,110.02864837646484,110.78295116694179,109.10562225338329,110.15767076513058,22966800
2022-09-12,MSFT,259.1002502441406,259.87761738911445,257.6524465635684,258.2548875674703,18747700
2022-09-12,NVDA,14.486787796020508,14.528734878407432,14.18017310182383,14.350958876155167,484159000
2022-09-12,TSLA,304.4200134277344,305.489990234375,300.3999938964844,300.7200012207031,48674600
2022-09-13,AAPL,151.1611785888672,157.7445084078153,150.6993615052029,157.11565333541313,122656600
2022-09-13,AMZN,126.81999969482422,131.39999389648438,126.2699966430664,131.00999450683594,72694000
2022-09-13,GOOGL,103.53770446777344,107.48786179672693,103.30942590501988,106.99161129456695,38172900
2022-09-13,MSFT,244.85537719726562,253.02725242179903,244.46669355719365,251.51142329243044,33353300
2022-09-13,NVDA,13.114511489868164,13.904518628297684,13.082552082468736,13.784669421834586,714956000
2022-09-13,TSLA,292.1300048828125,297.3999938964844,290.3999938964844,292.8999938964844,68229600
2022-09-14,AAPL,152.60557556152344,154.3644145838136,150.93518075875835,152.0946261536245,87965400
2022-09-14,AMZN,128.5500030517578,128.83999633789062,126.33000183105469,127.36000061035156,45316800
2022-09-14,GOOGL,104.21259307861328,104.49049211527398,102.88264552539968,103.78581739454697,26395100
2022-09-14,MSFT,245.0789031982422,247.03198878537128,242.78572122086985,246.35181083165224,23913000
2022-09-14,NVDA,13.111515998840332,13.273312285293565,12.896785812619402,13.23735723747835,588507000
2022-09-14,TSLA,302.6099853515625,306.0,291.6400146484375,292.239990234375,72628700
2022-09-15,AAPL,149.71678161621094,152.5368165999088,148.74403004784534,151.9570788549336,90481100
2022-09-15,AMZN,126.27999877929688,130.3699951171875,125.5,127.37999725341797,52887200
2022-09-15,GOOGL,102.13827514648438,104.48057039335076,101.5824694722177,103.2498713506553,34188300
2022-09-15,MSFT,238.4325408935547,244.28208546979903,237.11104609083932,242.69824587426376,31530900
2022-09-15,NVDA,12.912766456604004,13.216384660038566,12.77394104372565,12.99865891833725,523625000
2022-09-15,TSLA,303.75,309.1199951171875,300.7200012207031,301.8299865722656,64795500
2022-09-16,AAPL,148.07586669921875,148.71455728301882,145.78643705402317,148.57699569456918,162278800
2022-09-16,AMZN,123.52999877929688,123.87000274658203,120.69999694824219,122.77999877929688,115667800
2022-09-16,GOOGL,102.02910614013672,102.35662571627779,100.18305366873035,101.30457707616641,42797200
2022-09-16,MSFT,237.81065368652344,238.3547959701018,235.2065251235573,237.34423330622892,39791800
2022-09-16,NVDA,13.181427955627441,13.195410315643226,12.601157157541842,12.726000201955259,670751000
2022-09-16,TSLA,303.3500061035156,303.7099914550781,295.6000061035156,299.6099853515625,87087800
2022-09-19,AAPL,151.7900390625,151.8686478234834,146.50373107588743,146.71006595451675,81474200
2022-09-19,AMZN,124.66000366210938,124.70999908447266,121.80000305175781,122.16000366210938,47279700
2022-09-19,GOOGL,102.29708099365234,102.55513338200242,100.78848275782978,100.98697993521787,23036800
2022-09-19,MSFT,237.59686279296875,238.19930387024996,234.03077398157757,235.60490186828736,26826900
2022-09-19,NVDA,13.365198135375977,13.446096763090381,12.99366546083005,12.995662804943986,569685000
2022-09-19,TSLA,309.07000732421875,309.8399963378906,297.79998779296875,300.0899963378906,60231200
2022-09-20,AAPL,154.16793823242188,155.32739901921212,150.41446261928672,150.7288827524741,107689800
2022-09-20,AMZN,122.19000244140625,124.4000015258789,121.13999938964844,123.3499984741211,47698400
2022-09-20,GOOGL,100.38154602050781,101.60232552737466,99.76619270219214,101.31449934165514,26517100
2022-09-20,MSFT,235.58547973632812,236.6154654509246,232.85504199150714,235.21624880625103,26660300
2022-09-20,NVDA,13.159456253051758,13.4660709531129,13.040606184015623,13.198407796353832,524818000
2022-09-20,TSLA,308.7300109863281,313.3299865722656,305.5799865722656,306.9100036621094,61642800
2022-09-21,AAPL,151.0432891845703,155.97588059110078,150.92538353116046,154.60024966459952,101696800
2022-09-21,AMZN,118.54000091552734,123.76000213623047,118.44999694824219,122.48999786376953,58498900
2022-09-21,GOOGL,98.53548431396484,102.10848590077619,98.52555718513969,100.90756076707413,31487300
2022-09-21,MSFT,232.1845703125,240.64796931692138,232.13598300454865,237.35395148181902,28625600
2022-09-21,NVDA,13.24435043334961,14.013384151989733,13.0935399916861,13.196411314775915,807679000
2022-09-21,TSLA,300.79998779296875,313.79998779296875,300.6300048828125,308.2900085449219,62555700
2022-09-22,AAPL,150.08030700683594,151.78017790229165,148.2821714382206,149.72657517377908,86652500
2022-09-22,AMZN,117.30999755859375,118.79000091552734,116.26000213623047,117.08000183105469,55229200
2022-09-22,GOOGL,99.38904571533203,100.48079525894666,98.0491709312513,98.07894474855821,34298600
2022-09-22,MSFT,234.1571044921875,236.9555675025579,230.8436634388637,231.1351576468061,31061200
2022-09-22,NVDA,12.545228004455566,13.132489995982901,12.412395581267017,13.053588717680212,759162000
2022-09-22,TSLA,288.5899963378906,301.2900085449219,285.82000732421875,299.8599853515625,70545400
2022-09-23,AAPL,147.81056213378906,148.8324610577634,145.97312915554878,148.55733788432917,96029900
2022-09-23,AMZN,113.77999877929688,116.05000305175781,112.05999755859375,116.0,65126700
2022-09-23,GOOGL,97.99954223632812,98.9126488703435,96.73906935446827,98.88286748104298,31625400
2022-09-23,MSFT,231.18373107910156,234.30285235773331,228.54074168946926,232.75785901455737,34176000
2022-09-23,NVDA,12.500284194946289,12.595165175770894,12.241609581149898,12.40440501838907,663309000
2022-09-23,TSLA,275.3299865722656,284.5,272.82000732421875,283.0899963378906,63748400
2022-09-26,AAPL,148.14463806152344,151.09239889982268,147.0343100146429,147.05396595162924,93339400
2022-09-26,AMZN,115.1500015258789,117.33999633789062,113.12999725341797,113.30000305175781,62723300
2022-09-26,GOOGL,97.43382263183594,99.1309984554555,97.06660210321118,97.3643478638111,27072700
2022-09-26,MSFT,230.72705078125,234.61379837015886,230.19262002242195,230.33838195306527,27694200
2022-09-26,NVDA,12.212646484375,12.643106039060946,12.198664123420288,12.475316755127498,547343000
2022-09-26,TSLA,276.010009765625,284.0899963378906,270.30999755859375,271.8299865722656,58076900
2022-09-27,AAPL,149.11741638183594,152.02588086273627,147.33893608818533,150.08036255735442,84442700
2022-09-27,AMZN,114.41000366210938,118.31999969482422,113.05000305175781,117.19999694824219,60094700
2022-09-27,GOOGL,96.76883697509766,99.25008920522836,96.14356413908983,98.6843639996458,30072800
2022-09-27,MSFT,229.7165069580078,234.95389883278438,227.86058139335248,233.18542153198845,27018700
2022-09-27,NVDA,12.397414207458496,12.720008599389836,12.24260909385547,12.491296042868766,553854000
2022-09-27,TSLA,282.94000244140625,288.6700134277344,277.510009765625,283.8399963378906,61925200
2022-09-28,AAPL,147.2308349609375,148.01690757279204,142.31789987820665,145.06914652315353,146691400
2022-09-28,AMZN,118.01000213623047,118.69999694824219,113.80000305175781,114.37999725341797,55763800
2022-09-28,GOOGL,99.29972076416016,99.94484030889338,96.38176561600726,96.91771702518929,32466300
2022-09-28,MSFT,234.24456787109375,235.46888802626256,228.0840616627681,230.10517219200622,29029700
2022-09-28,NVDA,12.72000789642334,12.80689854678782,12.338487591385359,12.39441703024492,542414000
2022-09-28,TSLA,287.80999755859375,289.0,277.57000732421875,283.0799865722656,54664800
2022-09-29,AAPL,139.9989776611328,144.16515152497595,138.2303182381293,143.55595244325275,128138200
2022-09-29,AMZN,114.80000305175781,116.06999969482422,113.05999755859375,115.5999984741211,58969700
2022-09-29,GOOGL,96.68943786621094,97.90029020087542,95.24038743081641,97.90029020087542,31047200
2022-09-29,MSFT,230.77565002441406,233.15628008036532,227.77314091515188,232.1262942883284,27484200
2022-09-29,NVDA,12.204655647277832,12.48430378537677,11.930999540666457,12.432369035910718,532763000
2022-09-29,TSLA,268.2099914550781,283.6499938964844,265.7799987792969,282.760009765625,77620600
2022-09-30,AAPL,135.7935333251953,140.60821907927374,135.59701890511008,138.8199033723931,124925300
2022-09-30,AMZN,113.0,116.91999816894531,112.83999633789062,114.08000183105469,59479600
2022-09-30,GOOGL,94.9327163696289,98.15834442273268,94.84338734754718,96.32221919924832,32941500
2022-09-30,MSFT,226.30587768554688,233.72956515957875,226.14069268839654,231.54326959007867,35694800
2022-09-30,NVDA,12.123757362365723,12.617137495774331,12.05983759570121,12.071822611480606,565638000
2022-09-30,TSLA,265.25,275.57000732421875,262.4700012207031,266.1499938964844,67726600
2022-10-03,AAPL,139.96951293945312,140.57872706512543,135.2924042908768,135.80335372086685,114311700
2022-10-03,AMZN,115.87999725341797,116.91000366210938,112.44999694824219,113.58000183105469,50941900
2022-10-03,GOOGL,97.90028381347656,98.54541088420336,95.79617927312808,96.03438493049775,27982000
2022-10-03,MSFT,233.9238739013672,234.7692366306355,228.01601667284308,228.74478173649183,28880400
2022-10-03,NVDA,12.49629020690918,12.662082145584952,12.089800688912364,12.331497416498822,547478000
2022-10-03,TSLA,242.39999389648438,255.16000366210938,241.00999450683594,254.5,98363500
2022-10-04,AAPL,143.55596923828125,143.67387488258018,141.7479977315321,142.504593932989,87830100
2022-10-04,AMZN,121.08999633789062,123.0,119.79000091552734,119.88999938964844,62812600
2022-10-04,GOOGL,100.87779235839844,101.07628951245434,99.62723908573932,99.68679428970093,28850800
2022-10-04,MSFT,241.83343505859375,243.27152748723756,238.04384733649516,238.15073348619765,34888400
2022-10-04,NVDA,13.150467872619629,13.203401777565151,12.862829366915662,12.862829366915662,584182000
2022-10-04,TSLA,249.44000244140625,257.5,242.00999450683594,250.52000427246094,109578500
2022-10-05,AAPL,143.85076904296875,144.81371535397435,140.51979882721227,141.56135391828514,79471000
2022-10-05,AMZN,120.94999694824219,121.75,117.69000244140625,118.58000183105469,48217500
2022-10-05,GOOGL,100.66936492919922,101.16561537101285,98.05909033124465,99.08136502983179,22176900
2022-10-05,MSFT,242.1443634033203,243.4852960194291,237.18876929584698,239.02525687467363,20347100
2022-10-05,NVDA,13.192414283752441,13.304274120258059,12.605153237647787,12.894789072692479,507131000
2022-10-05,TSLA,240.80999755859375,246.6699981689453,233.27000427246094,245.00999450683594,86982700
2022-10-06,AAPL,142.8976287841797,144.97088807825529,142.69129389793306,143.27101666436323,68402200
2022-10-06,AMZN,120.30000305175781,121.52999877929688,119.5,120.7699966430664,42253800
2022-10-06,GOOGL,100.6594467163086,102.15812530354549,99.83566909260647,99.92499811757948,22324000
2022-10-06,MSFT,239.80262756347656,243.25211936958422,239.11273809831516,240.91035014743682,20239900
2022-10-06,NVDA,13.113513946533203,13.63885351819357,13.086547421310968,13.203401093971486,644157000
2022-10-06,TSLA,238.1300048828125,244.5800018310547,235.35000610351562,239.44000244140625,69298400
2022-10-07,AAPL,137.65060424804688,140.60820060654387,137.02174919053795,140.05793931227225,85925600
2022-10-07,AMZN,114.55999755859375,118.16999816894531,113.87999725341797,118.0,54678000
2022-10-07,GOOGL,97.93999481201172,99.77612006938209,97.56284717405835,99.10121911523618,27502800
2022-10-07,MSFT,227.6079559326172,234.4875013005094,226.56824378188696,234.0793797349826,37769600
2022-10-07,NVDA,12.06083869934082,12.654092790461354,12.006906595827768,12.489299987372316,672478000
2022-10-07,TSLA,223.07000732421875,234.57000732421875,222.02000427246094,233.94000244140625,83916800
2022-10-10,AAPL,137.97488403320312,139.41928832461434,136.15710682488464,137.97488403320312,74899000
2022-10-10,AMZN,113.66999816894531,116.25,112.43000030517578,115.0999984741211,42339700
2022-10-10,GOOGL,97.12615203857422,98.35685120363479,96.28252767197772,98.25760261442026,18225100
2022-10-10,MSFT,222.75924682617188,227.91890247197844,220.31059141185503,226.45166042593948,29743600
2022-10-10,NVDA,11.655346870422363,12.10877633421103,11.393675761746923,12.02188568072584,698699000
2022-10-10,TSLA,222.9600067138672,226.99000549316406,218.36000061035156,223.92999267578125,67925000
2022-10-11,AAPL,136.55992126464844,138.88866238055874,135.81316062854552,137.4638994009055,77033700
2022-10-11,AMZN,112.20999908447266,115.4800033569336,110.38999938964844,112.70999908447266,56432200
2022-10-11,GOOGL,96.45124053955078,98.50571715876575,95.5877620057255,96.69936577168872,26507100
2022-10-11,MSFT,219.02793884277344,222.5745899538486,217.76474295842993,221.17535850206903,30474000
2022-10-11,NVDA,11.571453094482422,11.831125915365966,11.268833090820673,11.546483912922639,667482000
2022-10-11,TSLA,216.5,225.75,215.0,220.9499969482422,77013200
2022-10-12,AAPL,135.9310760498047,137.9159059012539,135.7542175942047,136.70732814205923,70433700
2022-10-12,AMZN,112.9000015258789,113.83000183105469,111.4000015258789,112.48999786376953,45728700
2022-10-12,GOOGL,96.8283920288086,98.00947060399531,96.01454153781964,96.5703472290624,21876400
2022-10-12,MSFT,219.35830688476562,221.40856673598395,217.6189939430992,219.01821055578878,21903900
2022-10-12,NVDA,11.485560417175293,11.720265004547636,11.330755304332975,11.564461695947893,492590000
2022-10-12,TSLA,217.24000549316406,219.3000030517578,211.50999450683594,215.3300018310547,66860700
2022-10-13,AAPL,140.5001220703125,141.08966528093347,132.0302118420066,132.63942598399592,113224000
2022-10-13,AMZN,112.52999877929688,113.44000244140625,105.3499984741211,107.87999725341797,86868100
2022-10-13,GOOGL,98.317138671875,99.03174054553159,93.67223406528825,94.43646401379698,34574500
2022-10-13,MSFT,227.6079559326172,229.41529424813774,212.92576556200996,213.62538135038992,42551800
2022-10-13,NVDA,11.944982528686523,12.062834393103017,10.79942244062999,10.957224041163421,850103000
2022-10-13,TSLA,221.72000122070312,222.99000549316406,206.22000122070312,208.3000030517578,91483000
2022-10-14,AAPL,135.97039794921875,142.00348171103434,135.78370401470698,141.79713183786654,88598000
2022-10-14,AMZN,106.9000015258789,114.95999908447266,106.5999984741211,114.0999984741211,67737300
2022-10-14,GOOGL,95.83589172363281,99.93492559661024,95.64732168746481,99.24017037079604,25410700
2022-10-14,MSFT,222.08877563476562,230.52302640165487,221.87500331123564,228.87114666042004,30198600
2022-10-14,NVDA,11.21290397644043,12.095793879242922,11.189933090714273,12.041861778962122,713432000
2022-10-14,TSLA,204.99000549316406,226.25999450683594,204.16000366210938,224.00999450683594,94124500
2022-10-17,AAPL,139.9302215576172,140.41167960335844,137.82748592791265,138.61355854500806,85250900
2022-10-17,AMZN,113.79000091552734,114.19000244140625,110.08999633789062,110.11000061035156,62782000
2022-10-17,GOOGL,99.22032165527344,100.17312166314639,98.08887117266298,98.11864498975567,28419200
2022-10-17,MSFT,230.80479431152344,232.19431432541026,228.4824631518074,229.1432179713051,28142300
2022-10-17,NVDA,11.873072624206543,11.932997705589505,11.502539125284484,11.503537321029368,580774000
2022-10-17,TSLA,219.35000610351562,221.86000061035156,209.4499969482422,210.0399932861328,79428800
2022-10-18,AAPL,141.2468719482422,144.14550040873658,138.1615495711484,142.95657861316172,99136600
2022-10-18,AMZN,116.36000061035156,119.5199966430664,114.79000091552734,119.05999755859375,65607400
2022-10-18,GOOGL,100.01432037353516,102.69407756152302,99.22032413323551,102.35662329095497,24060700
2022-10-18,MSFT,231.747314453125,237.02356694835538,228.7059298585046,236.3531154742312,26329600
2022-10-18,NVDA,11.951974868774414,12.47631532526222,11.603413077767147,12.328501382530158,659362000
2022-10-18,TSLA,220.19000244140625,229.82000732421875,217.25,229.5,75891900
2022-10-19,AAPL,141.35494995117188,142.42596605805213,139.03604430161235,139.22273820875563,61758300
2022-10-19,AMZN,115.06999969482422,116.58999633789062,113.22000122070312,114.70999908447266,47198100
2022-10-19,GOOGL,98.88287353515625,100.26244934213878,98.17819872219395,99.26002876757398,23811100
2022-10-19,MSFT,229.78451538085938,232.82590014122383,227.65651868442322,230.32865767594038,19985700
2022-10-19,NVDA,12.035867691040039,12.334492988016361,11.819140161499208,11.864083733026597,523131000
2022-10-19,TSLA,222.0399932861328,222.92999267578125,217.77999877929688,219.8000030517578,66571500
2022-10-20,AAPL,140.89315795898438,143.34962560942563,140.16603813694184,140.52960554450746,64522000
2022-10-20,AMZN,115.25,118.23999786376953,113.51000213623047,113.83000183105469,48795100
2022-10-20,GOOGL,99.22032165527344,101.55269738443776,98.64466928421018,99.25009547236613,25323200
2022-10-20,MSFT,229.4638671875,234.477775405208,228.220109078315,229.094636228901,21811000
2022-10-20,NVDA,12.178689956665039,12.75296781971056,12.089801000398303,12.097791329296781,652398000
2022-10-20,TSLA,207.27999877929688,215.5500030517578,202.0,208.27999877929688,117798100
2022-10-21,AAPL,144.7056121826172,145.2755145225026,140.16604940438248,140.38221977444553,86548600
2022-10-21,AMZN,119.31999969482422,119.58999633789062,114.5,114.79000091552734,55660500
2022-10-21,GOOGL,100.37161254882812,100.55026301239435,96.98718844238796,97.11621083244879,32458700
2022-10-21,MSFT,235.2648162841797,236.11990546004,227.86056720320732,228.09377738574145,26299700
2022-10-21,NVDA,12.450346946716309,12.482307307631256,11.872074435302578,12.082808987293975,609494000
2022-10-21,TSLA,214.44000244140625,214.66000366210938,203.8000030517578,206.4199981689453,75713800
2022-10-24,AAPL,146.84762573242188,147.6140424012265,143.45770354454174,144.62698448602487,75981900
2022-10-24,AMZN,119.81999969482422,120.38999938964844,116.56999969482422,119.9800033569336,49531500
2022-10-24,GOOGL,101.75119018554688,101.97946872710929,99.23024453211379,101.03659588940504,27176400
2022-10-24,MSFT,240.24960327148438,240.82289502521482,234.468068766806,236.8584104094097,24911200
2022-10-24,NVDA,12.583181381225586,12.69404207682602,12.048853249537009,12.492296031938748,517457000
2022-10-24,TSLA,211.25,213.5,198.58999633789062,205.82000732421875,100446800
2022-10-25,AAPL,149.68731689453125,149.83471395703802,146.75921150175503,147.476495894735,74732300
2022-10-25,AMZN,120.5999984741211,121.31999969482422,118.94999694824219,119.6500015258789,50934600
2022-10-25,GOOGL,103.69650268554688,104.03394937421807,101.94969889168885,102.12834936574457,40611400
2022-10-25,MSFT,243.56301879882812,243.9322497035884,238.8697697379953,240.2592747562869,34775500
2022-10-25,NVDA,13.24435043334961,13.283301979197523,12.648099847684048,12.678062868329203,505482000
2022-10-25,TSLA,222.4199981689453,224.35000610351562,210.0,210.10000610351562,96507900
2022-10-26,AAPL,146.74940490722656,149.34343452593197,145.46220307585523,148.33137090531034,88194300
2022-10-26,AMZN,115.66000366210938,119.3499984741211,114.76000213623047,116.0,68802300
2022-10-26,GOOGL,94.2181167602539,97.57276729062485,93.97991864924414,95.70686820538242,88114100
2022-10-26,MSFT,224.77059936523438,231.55296912820415,223.5462644989959,224.62483744809148,82543200
2022-10-26,NVDA,12.879806518554688,13.371188345254836,12.692042862759553,12.852840947976517,532953000
2022-10-26,TSLA,224.63999938964844,230.60000610351562,218.1999969482422,219.39999389648438,85012500
2022-10-27,AAPL,142.27859497070312,146.45458955551916,141.62026350591435,145.49165853167307,109180200
2022-10-27,AMZN,110.95999908447266,114.12000274658203,109.7699966430664,113.91999816894531,129605400
2022-10-27,GOOGL,91.5284423828125,94.71436964764622,91.11159378491239,93.81119011334766,60710900
2022-10-27,MSFT,220.33001708984375,227.07352693116061,219.38747955716596,224.49854760384136,40424600
2022-10-27,NVDA,13.159456253051758,13.820625721091393,13.105524152883197,13.612886696752097,583113000
2022-10-27,TSLA,225.08999633789062,233.80999755859375,222.85000610351562,229.77000427246094,61638800
2022-10-28,AAPL,153.02809143066406,154.75743900232175,145.24600486857483,145.6193777007102,164762400
2022-10-28,AMZN,103.41000366210938,103.95999908447266,97.66000366210938,97.91000366210938,223133400
2022-10-28,GOOGL,95.56790924072266,95.82596158594453,91.4391020058955,91.57805152128097,43697300
2022-10-28,MSFT,229.19174194335938,229.90108392435704,219.64978606114724,219.8344089102627,40647700
2022-10-28,NVDA,13.816629409790039,13.832610066638065,13.044600239000303,13.087546468385248,521040000
2022-10-28,TSLA,228.52000427246094,228.86000061035156,216.35000610351562,225.39999389648438,69152400
2022-10-31,AAPL,150.66990661621094,151.55424402730603,149.27463469355658,150.49304812984573,97943200
2022-10-31,AMZN,102.44000244140625,104.87000274658203,100.73999786376953,103.55999755859375,99251400
2022-10-31,GOOGL,93.80126953125,95.30986768573264,93.27524522456974,94.70444148350553,31675000
2022-10-31,MSFT,225.55770874023438,228.26870895469804,224.60544480206738,227.14154847284752,28357300
2022-10-31,NVDA,13.480053901672363,13.820626323430826,13.280305197439352,13.760701235922447,486341000
2022-10-31,TSLA,227.5399932861328,229.85000610351562,221.94000244140625,226.19000244140625,61554300
2022-11-01,AAPL,148.02674865722656,152.7431699919974,146.5332269791364,152.37961754304112,80379300
2022-11-01,AMZN,96.79000091552734,104.58000183105469,96.05999755859375,103.98999786376953,153370000
2022-11-01,GOOGL,89.79156494140625,95.30986797136448,89.692316357766,94.7342155851969,47161400
2022-11-01,MSFT,221.7097930908203,229.0654698713663,220.89357967203034,227.95774742393274,30592300
2022-11-01,NVDA,13.525996208190918,13.907516554815446,13.502026173930659,13.793659368317671,432817000
2022-11-01,TSLA,227.82000732421875,237.39999389648438,227.27999877929688,234.0500030517578,62688800
2022-11-02,AAPL,142.50460815429688,149.5202795588878,142.47513174028055,146.35634784769096,93604600
2022-11-02,AMZN,92.12000274658203,97.73999786376953,92.01000213623047,97.31999969482422,135761800
2022-11-02,GOOGL,86.31781005859375,90.49623820875753,86.22848103429116,90.25804009758635,57038300
2022-11-02,MSFT,213.8682861328125,224.7511761173168,213.80997246609851,222.96327583397812,38407000
2022-11-02,NVDA,13.20240306854248,14.192159017824103,13.194413691854113,13.832611349969781,672628000
2022-11-02,TSLA,214.97999572753906,227.8699951171875,214.82000732421875,226.0399932861328,63070300
2022-11-03,AAPL,136.46168518066406,140.3134243600425,136.33394407491397,139.58630459413143,97918500
2022-11-03,AMZN,89.30000305175781,93.5,89.0199966430664,92.47000122070312,136683300
2022-11-03,GOOGL,82.80435180664062,85.87117600546605,82.71502278657815,85.67267885094222,61288000
2022-11-03,MSFT,208.18389892578125,214.16949323044878,207.9215393357344,213.85854633457637,36633900
2022-11-03,NVDA,13.404146194458008,13.763694736393855,12.939730915252117,13.026621558892815,500065000
2022-11-03,TSLA,215.30999755859375,221.1999969482422,210.13999938964844,211.36000061035156,56538800
2022-11-04,AAPL,136.19593811035156,140.41822196260875,132.25907054843208,139.84737436397546,140814800
2022-11-04,AMZN,90.9800033569336,92.44000244140625,88.04000091552734,91.48999786376953,129101300
2022-11-04,GOOGL,85.93073272705078,85.99028036002329,83.08225231902676,84.75958132144375,51124900
2022-11-04,MSFT,215.12173461914062,215.31606900887368,207.38710136295038,211.39046095991677,36789100
2022-11-04,NVDA,14.138224601745605,14.211132890719782,13.67980037633338,13.968437992700602,612576000
2022-11-04,TSLA,207.47000122070312,223.8000030517578,203.0800018310547,222.60000610351562,98622200
2022-11-07,AAPL,136.72740173339844,136.95376740177366,133.52869700052665,134.94597165427223,83374600
2022-11-07,AMZN,90.52999877929688,92.0999984741211,89.04000091552734,91.94999694824219,77495700
2022-11-07,GOOGL,87.8263931274414,88.23332208756574,86.19869243130431,86.62546807554637,34078900
2022-11-07,MSFT,221.41830444335938,221.9430237085704,215.01489088874334,215.70479515914553,33498000
2022-11-07,NVDA,14.283042907714844,14.393903593979909,13.936479441145188,14.210134614268167,410061000
2022-11-07,TSLA,197.0800018310547,208.89999389648438,196.66000366210938,208.64999389648438,93916500
2022-11-08,AAPL,137.2982635498047,139.19779504119253,135.31999290082103,138.1939045722533,89908500
2022-11-08,AMZN,89.9800033569336,91.72000122070312,88.2300033569336,90.79000091552734,88703400
2022-11-08,GOOGL,88.23332977294922,89.64267920564933,86.9331484706756,88.23332977294922,30429000
2022-11-08,MSFT,222.38998413085938,225.09127262477088,219.44577390313017,222.22479913107526,28192500
2022-11-08,NVDA,14.58366584777832,14.872302535108739,14.198149880032776,14.782415387435028,595292000
2022-11-08,TSLA,191.3000030517578,195.1999969482422,186.75,194.02000427246094,128803400
2022-11-09,AAPL,132.74136352539062,136.36329048249235,132.4657839221066,136.31407662091405,74917800
2022-11-09,AMZN,86.13999938964844,89.4800033569336,85.87000274658203,89.47000122070312,90796200
2022-11-09,GOOGL,86.66517639160156,88.769280979615,86.62547544780726,87.78669965811274,31769100
2022-11-09,MSFT,218.1534423828125,222.15680289309407,217.9785458401814,220.93246778760866,27852900
2022-11-09,NVDA,13.75870132446289,14.193155508520551,13.741722473463918,14.14421629932173,454414000
2022-11-09,TSLA,177.58999633789062,195.88999938964844,177.1199951171875,190.77999877929688,127062700
2022-11-10,AAPL,144.5519561767578,144.5519561767578,137.2982811810409,139.0108242882595,118854000
2022-11-10,AMZN,96.62999725341797,98.69000244140625,91.6500015258789,92.94000244140625,173414900
2022-11-10,GOOGL,93.23554992675781,93.68217236495597,90.92302069104444,91.5582207495486,51620100
2022-11-10,MSFT,236.10047912597656,236.44057547213717,228.34642180511014,228.764240055821,46268000
2022-11-10,NVDA,15.730223655700684,15.753194539745545,14.528734123134546,14.78141670505855,700819000
2022-11-10,TSLA,190.72000122070312,191.0,180.02999877929688,189.89999389648438,132703000
2022-11-11,AAPL,147.3372802734375,147.64238513720315,142.0914019190675,143.5185285677149,93979700
2022-11-11,AMZN,100.79000091552734,101.19000244140625,96.66000366210938,97.87999725341797,111590500
2022-11-11,GOOGL,95.68701171875,96.20310883511553,93.21567912095048,93.97990902494139,33090500
2022-11-11,MSFT,240.11354064941406,240.9686298310699,235.0801950029828,236.1101955294159,34620200
2022-11-11,NVDA,16.306503295898438,16.368425737488906,15.462564766373632,15.787156581766027,655487000
2022-11-11,TSLA,195.97000122070312,196.52000427246094,182.58999633789062,186.0,114403600
2022-11-14,AAPL,145.939697265625,147.90813128864986,145.10310679865555,146.61880940644215,73374100
2022-11-14,AMZN,98.48999786376953,100.12000274658203,97.29000091552734,98.7699966430664,99533100
2022-11-14,GOOGL,94.9823226928711,96.0641524928572,93.80125190037704,94.3768966044398,30179500
2022-11-14,MSFT,234.71096801757812,237.0041496395175,232.43722428466577,235.13851261558185,31123300
2022-11-14,NVDA,16.2745418548584,16.519235097810885,15.902010008121769,16.19763886291601,527852000
2022-11-14,TSLA,190.9499969482422,195.72999572753906,186.33999633789062,192.77000427246094,92226600
2022-11-15,AAPL,147.67190551757812,151.16587871608763,146.21526862726066,149.81750629168315,89868300
2022-11-15,AMZN,98.94000244140625,103.79000091552734,97.33999633789062,103.20999908447266,111336300
2022-11-15,GOOGL,97.70178985595703,99.38903833699794,95.98475998763868,97.52313939319663,41640800
2022-11-15,MSFT,235.1190948486328,240.00667907027895,233.2340197743407,238.7046221025726,31390100
2022-11-15,NVDA,16.64507484436035,16.976656817848582,16.361431033277864,16.70100428796189,545876000
2022-11-15,TSLA,194.4199981689453,200.82000732421875,192.05999755859375,195.8800048828125,91293800
2022-11-16,AAPL,146.44166564941406,147.5046219917799,144.96533989912186,146.7763108997982,64218300
2022-11-16,AMZN,97.12000274658203,98.48999786376953,95.54000091552734,96.8499984741211,87958800
2022-11-16,GOOGL,98.10871887207031,98.89279554305216,96.90779361312791,97.16584598422887,29105200
2022-11-16,MSFT,235.5478057861328,237.56487314144158,234.27131111867024,236.58069414702467,24093300
2022-11-16,NVDA,15.890023231506348,16.341455364463524,15.853069985925872,16.14170762768842,649547000
2022-11-16,TSLA,186.9199981689453,192.57000732421875,185.66000366210938,191.50999450683594,66567600
2022-11-17,AAPL,148.34120178222656,149.08920136807347,143.84332244877638,144.1189020339811,80389400
2022-11-17,AMZN,94.8499984741211,96.97000122070312,94.02999877929688,95.37000274658203,82617900
2022-11-17,GOOGL,97.62239837646484,98.5354974736292,96.06417211875853,96.24282260056737,26052600
2022-11-17,MSFT,235.49908447265625,237.02893923380267,231.5526741520921,231.6988319904281,23123500
2022-11-17,NVDA,15.657316207885742,16.245577368149426,15.51549430312848,15.695268602256101,710894000
2022-11-17,TSLA,183.1699981689453,186.16000366210938,180.89999389648438,183.9600067138672,64336000
2022-11-18,AAPL,148.90220642089844,150.28995621048665,147.6030475887024,149.90611212166033,74829600
2022-11-18,AMZN,94.13999938964844,95.98999786376953,92.4800033569336,95.94999694824219,72428200
2022-11-18,GOOGL,96.6993637084961,98.15834125388724,95.64731516977584,98.02931128973258,28342300
2022-11-18,MSFT,235.05084228515625,237.50639789334227,232.91684876946883,237.28226939737314,27613500
2022-11-18,NVDA,15.389654159545898,15.981910050388137,15.101016492966707,15.945954045011389,492072000
2022-11-18,TSLA,180.19000244140625,185.19000244140625,176.5500030517578,185.0500030517578,76048900
2022-11-21,AAPL,145.6739959716797,147.99674938134646,145.38857956492498,147.79007216010163,58724100
2022-11-21,AMZN,92.45999908447266,95.0199966430664,90.58999633789062,93.97000122070312,84330300
2022-11-21,GOOGL,94.88308715820312,97.66209278418218,94.64488905580471,96.56041614884042,21647400
2022-11-21,MSFT,235.85964965820312,238.4126392167858,235.02164329544348,235.25549585436693,26394700
2022-11-21,NVDA,15.297767639160156,15.457566583198409,15.06106476275779,15.127981023000306,404739000
2022-11-21,TSLA,167.8699951171875,176.77000427246094,167.5399932861328,175.85000610351562,92882700
2022-11-22,AAPL,147.80967712402344,148.04589457097163,144.6109724091407,145.7920446259246,51804100
2022-11-22,AMZN,93.19999694824219,93.3499984741211,90.87000274658203,92.62000274658203,62192000
2022-11-22,GOOGL,96.32221984863281,96.49094319214763,93.34471701030947,95.23046275016921,23438500
2022-11-22,MSFT,238.76341247558594,239.03625034999712,234.5539032214211,237.36023776801466,19665700
2022-11-22,NVDA,16.017860412597656,16.037835754816946,15.10301031245184,15.308751955917504,472866000
2022-11-22,TSLA,169.91000366210938,170.9199981689453,166.19000244140625,168.6300048828125,78452300
2022-11-23,AAPL,148.68565368652344,149.43365312101446,146.98294764352303,147.09121210280074,58301400
2022-11-23,AMZN,94.12999725341797,94.58000183105469,92.83000183105469,93.23999786376953,59414700
2022-11-23,GOOGL,97.72164154052734,98.01939485108537,96.36191252817821,96.36191252817821,18868100
2022-11-23,MSFT,241.2482147216797,241.93030944994973,238.02286939557064,238.8413830694947,19508500
2022-11-23,NVDA,16.498258590698242,16.506249872107517,16.02785119143118,16.07778765170836,427241000
2022-11-23,TSLA,183.1999969482422,183.6199951171875,172.5,173.57000732421875,109536700
2022-11-25,AAPL,145.77239990234375,146.5302512983949,144.7980195359923,145.9692403249909,35195900
2022-11-25,AMZN,93.41000366210938,94.43000030517578,93.06999969482422,93.79000091552734,35088600
2022-11-25,GOOGL,96.72913360595703,97.90028493210765,96.66958597702451,97.50328307080257,9701400
2022-11-25,MSFT,241.16049194335938,242.33953807886874,240.4199192943966,240.98508768019255,9200800
2022-11-25,NVDA,16.249570846557617,16.466297423181434,16.151694328082346,16.297510910083282,167934000
2022-11-25,TSLA,182.86000061035156,185.1999969482422,180.6300048828125,185.05999755859375,50672700
2022-11-28,AAPL,141.9438018798828,144.32560563619245,141.1170630589414,142.84927987681326,69246000
2022-11-28,AMZN,93.94999694824219,96.4000015258789,93.43000030517578,93.93000030517578,74943100
2022-11-28,GOOGL,95.32971954345703,96.84824478966246,94.8930167011355,96.31229336649913,26237500
2022-11-28,MSFT,235.57704162597656,240.34198047417644,234.64160171816698,239.78656581676748,24778200
2022-11-28,NVDA,15.807126998901367,16.336462207153392,15.7052557881983,16.005876536577063,303741000
2022-11-28,TSLA,182.9199981689453,188.5,179.0,179.9600067138672,92905200
2022-11-29,AAPL,138.94192504882812,142.52447466230237,138.13487484288268,142.01267756953146,83763800
2022-11-29,AMZN,92.41999816894531,94.41000366210938,91.44000244140625,94.04000091552734,65567300
2022-11-29,GOOGL,94.4761734008789,95.39919964146274,93.40427049461734,95.01212485400968,20061700
2022-11-29,MSFT,234.18360900878906,236.58068666323004,232.11783235235237,235.22623623628454,17956300
2022-11-29,NVDA,15.619362831115723,15.911995146685767,15.500512771594675,15.807126494631538,298384000
2022-11-29,TSLA,180.8300018310547,186.3800048828125,178.75,184.99000549316406,83357100
2022-11-30,AAPL,145.6936492919922,146.37276146207836,138.33170993361605,139.16828541868128,111380900
2022-11-30,AMZN,96.54000091552734,96.54000091552734,91.52999877929688,92.47000122070312,102805800
2022-11-30,GOOGL,100.23268127441406,100.28230935695298,93.71194952558646,94.10895146935107,43647500
2022-11-30,MSFT,248.61485290527344,248.79999607817797,233.72563656132382,234.41748501766983,47594200
2022-11-30,NVDA,16.90607261657715,16.91306558413823,15.581398772907361,15.681298173391307,565298000
2022-11-30,TSLA,194.6999969482422,194.75999450683594,180.6300048828125,182.42999267578125,109186400
2022-12-01,AAPL,145.9691925048828,146.77625749668832,144.29602693357575,145.87077983478045,71250400
2022-12-01,AMZN,95.5,97.2300033569336,94.91999816894531,96.98999786376953,68488000
2022-12-01,GOOGL,100.23268127441406,101.48323474700877,99.49823260036801,100.26245509506451,28687100
2022-12-01,MSFT,248.1763916015625,249.56981269736582,244.50280391577542,247.37735568786078,26041500
2022-12-01,NVDA,17.117862701416016,17.247731843848307,16.618362775160893,16.98199904158871,470977000
2022-12-01,TSLA,194.6999969482422,198.9199981689453,191.8000030517578,197.0800018310547,80046200
2022-12-02,AAPL,145.47711181640625,145.66411544857186,143.35119950014382,143.65631938407483,65447400
2022-12-02,AMZN,94.12999725341797,95.36000061035156,93.77999877929688,94.4800033569336,72496400
2022-12-02,GOOGL,99.68680572509766,100.01432530964262,98.1583532325541,98.30722990126469,21480700
2022-12-02,MSFT,248.49794006347656,249.51133581657106,243.30425151606138,243.4309315609044,21528500
2022-12-02,NVDA,16.859121322631836,16.91606542821989,16.428552620891118,16.642339295101205,371389000
2022-12-02,TSLA,194.86000061035156,196.25,191.11000061035156,191.77999877929688,73645900
2022-12-05,AAPL,144.31573486328125,148.53801893223152,143.4693076933105,145.43774157529282,68826400
2022-12-05,AMZN,91.01000213623047,94.05999755859375,90.81999969482422,93.05000305175781,71535500
2022-12-05,GOOGL,98.7339859008789,100.61973142014833,98.25758217071605,98.65458401715503,24405100
2022-12-05,MSFT,243.80120849609375,247.32863821310553,241.7159389367775,245.56491592032455,23435300
2022-12-05,NVDA,16.593387603759766,16.978002762737614,16.455525140941326,16.66231883516899,352255000
2022-12-05,TSLA,182.4499969482422,191.27000427246094,180.5500030517578,189.44000244140625,93122700
2022-12-06,AAPL,140.6544647216797,144.97517704731527,139.68008441838234,144.74881132681773,64727200
2022-12-06,AMZN,88.25,91.04000091552734,87.9000015258789,90.5,75503600
2022-12-06,GOOGL,96.25273132324219,99.03172903169889,95.69692572380669,98.55533288610297,24910700
2022-12-06,MSFT,238.85110473632812,245.41873605992336,237.5453785123422,244.40534037511836,22463700
2022-12-06,NVDA,15.971012115478516,16.556425555356533,15.803179908628083,16.513469290675516,352694000
2022-12-06,TSLA,179.82000732421875,183.64999389648438,175.3300018310547,181.22000122070312,92150800
2022-12-07,AAPL,138.71554565429688,141.10718574311466,137.7903792762826,139.9458168978351,69721100
2022-12-07,AMZN,88.45999908447266,89.88999938964844,87.4800033569336,88.33999633789062,68086900
2022-12-07,GOOGL,94.22804260253906,96.1534892961787,94.00969118202147,95.68702021037814,31045400
2022-12-07,MSFT,238.1202850341797,239.8645144954358,236.0155378698541,238.56852717524598,20481500
2022-12-07,NVDA,16.103879928588867,16.169813909620327,15.651331932839504,15.75622742232806,372388000
2022-12-07,TSLA,174.0399932861328,179.3800048828125,172.22000122070312,175.02999877929688,84213300
2022-12-08,AAPL,140.3985595703125,141.25483863673134,138.87303512029186,140.11314322681335,62128300
2022-12-08,AMZN,90.3499984741211,90.86000061035156,87.87999725341797,89.23999786376953,73305900
2022-12-08,GOOGL,93.00726318359375,94.8632426874311,92.74921081619499,94.66473795397769,32213300
2022-12-08,MSFT,241.07281494140625,242.37855615254333,236.84381267858302,238.5782885351059,22611800
2022-12-08,NVDA,17.15182876586914,17.161818992856777,15.943037976538454,16.2567250065392,515456000
2022-12-08,TSLA,173.44000244140625,175.1999969482422,169.05999755859375,172.1999969482422,97624500
2022-12-09,AAPL,139.91632080078125,143.272505058159,138.676197516891,140.09347268821548,76097000
2022-12-09,AMZN,89.08999633789062,90.30000305175781,88.62999725341797,88.9000015258789,67398500
2022-12-09,GOOGL,92.13386535644531,93.55314202323372,92.05446346281963,93.0668111039124,28225400
2022-12-09,MSFT,239.14341735839844,241.9595054333745,237.9156470280844,238.4418300643482,20609700
2022-12-09,NVDA,16.983997344970703,17.565416038789124,16.95802427651782,17.142838730956267,465338000
2022-12-09,TSLA,179.0500030517578,182.5,173.36000061035156,173.83999633789062,104872300
2022-12-12,AAPL,142.2095489501953,142.2193857157506,138.83367613735973,140.44779174822483,70462700
2022-12-12,AMZN,90.55000305175781,90.58000183105469,87.87000274658203,89.20999908447266,61999800
2022-12-12,GOOGL,92.61026000976562,92.85838524401936,90.92301144571273,92.0147609619929,29420000
2022-12-12,MSFT,246.0520782470703,246.08130981077647,240.84865174771184,241.12148958800086,30665100
2022-12-12,NVDA,17.517465591430664,17.520462850697957,16.78020459668349,17.019964378211757,457328000
2022-12-12,TSLA,167.82000732421875,177.3699951171875,167.52000427246094,176.10000610351562,109794500
2022-12-13,AAPL,143.17405700683594,147.60303377953338,141.9634742273276,147.1404505596148,93886200
2022-12-13,AMZN,92.48999786376953,96.25,90.5199966430664,95.2300033569336,100212000
2022-12-13,GOOGL,94.91285705566406,98.78361202768082,94.31735803816476,97.02688879023073,40593700
2022-12-13,MSFT,250.34934997558594,257.1703267708484,246.59780679077178,254.9973477435735,42196900
2022-12-13,NVDA,18.053926467895508,18.77120879861469,17.69328744757466,18.512467050361487,656589000
2022-12-13,TSLA,160.9499969482422,175.0500030517578,156.91000366210938,174.8699951171875,175862700
2022-12-14,AAPL,140.94970703125,144.34525228867759,138.93205940879196,143.05593056925082,82291200
2022-12-14,AMZN,91.58000183105469,93.45999908447266,89.87000274658203,92.5,70298000
2022-12-14,GOOGL,94.35707092285156,96.14357577360637,92.89809322343211,94.48609332844649,28733600
2022-12-14,MSFT,250.64169311523438,255.87435255775398,247.80611173983112,250.55399840099744,35410900
2022-12-14,NVDA,17.656326293945312,18.2337493318541,17.402580576281,17.969013028546826,496888000
2022-12-14,TSLA,156.8000030517578,161.6199951171875,155.30999755859375,159.25,140682300
2022-12-15,AAPL,134.3456268310547,139.5619801804679,133.88304361781863,138.88286801559113,98931900
2022-12-15,AMZN,88.44999694824219,89.97000122070312,87.47000122070312,89.88999938964844,84802900
2022-12-15,GOOGL,90.17863464355469,92.93778600326951,89.33501037181313,92.43160841135212,40107000
2022-12-15,MSFT,242.6416015625,247.69887047650548,241.01431334412206,247.23115056709423,35560400
2022-12-15,NVDA,16.935049057006836,17.30268111771984,16.683302133842908,17.12885531683767,478542000
2022-12-15,TSLA,157.6699981689453,160.92999267578125,153.27999877929688,153.44000244140625,122334500
2022-12-16,AAPL,132.38702392578125,135.47746472052233,131.61933586337778,134.5326248058533,160156900
2022-12-16,AMZN,87.86000061035156,89.3499984741211,86.7300033569336,88.2699966430664,146144100
2022-12-16,GOOGL,89.5831298828125,90.64510550177309,88.84867379330282,90.0793803135825,58011800
2022-12-16,MSFT,238.43214416503906,243.4504288310408,237.28231450643366,242.19342665644314,86102000
2022-12-16,NVDA,16.55443000793457,17.02396128021654,16.393591691050435,16.84713821460191,478232000
2022-12-16,TSLA,150.22999572753906,160.99000549316406,150.0399932861328,159.63999938964844,139032200
2022-12-19,AAPL,130.28079223632812,133.0661279935264,129.24737645818792,132.97755207276447,79592600
2022-12-19,AMZN,84.91999816894531,87.62999725341797,84.51000213623047,87.51000213623047,83531500
2022-12-19,GOOGL,87.77678680419922,89.88088398070708,87.54850825299513,89.5831382377842,29493000
2022-12-19,MSFT,234.30055236816406,238.93882615281237,232.60506192023936,238.59777136210013,29696400
2022-12-19,NVDA,16.23774528503418,16.592389818438555,16.128855034819484,16.55542806937623,354039000
2022-12-19,TSLA,149.8699951171875,155.25,145.82000732421875,154.0,139390600
2022-12-20,AAPL,130.2119140625,131.14691722297425,127.83994745250583,129.31627297471567,77432800
2022-12-20,AMZN,85.19000244140625,86.61000061035156,84.33000183105469,85.33000183105469,74348300
2022-12-20,GOOGL,88.3524169921875,88.51122075323062,86.78427149887727,87.44924521084009,23453800
2022-12-20,MSFT,235.6160430908203,236.69765578039272,232.32248078286008,233.27741342411088,25150800
2022-12-20,NVDA,16.06891632080078,16.293691733158465,15.836150439306303,16.0479374093435,403260000
2022-12-20,TSLA,137.8000030517578,148.47000122070312,137.66000366210938,146.0500030517578,159563300
2022-12-21,AAPL,133.3121795654297,134.65071518492888,130.6547968699711,130.8811625578248,85928000
2022-12-21,AMZN,86.7699966430664,87.2300033569336,85.20999908447266,86.18000030517578,59267200
2022-12-21,GOOGL,88.90823364257812,89.54343362140024,87.6576803714429,88.41198318586204,24745600
2022-12-21,MSFT,238.1787567138672,239.33832514030232,233.9692473656318,235.5088410448142,23690600
2022-12-21,NVDA,16.4844970703125,16.610372416442008,16.085895936024823,16.09788497158055,325025000
2022-12-21,TSLA,137.57000732421875,141.25999450683594,135.88999938964844,139.33999633789062,145417400
2022-12-22,AAPL,130.14300537109375,132.4362327068824,128.24347383297044,132.2295555538223,77852100
2022-12-22,AMZN,83.79000091552734,85.68000030517578,82.25,85.5199966430664,81431300
2022-12-22,GOOGL,87.10189056396484,87.87604013849288,85.67268668964738,87.49889248151766,27658300
2022-12-22,MSFT,232.0983428955078,235.80116166317555,227.88881885599957,235.08982055529697,28651700
2022-12-22,NVDA,15.323657989501953,16.12185958509931,14.867115292732318,16.077902968028827,565045000
2022-12-22,TSLA,125.3499984741211,136.6300048828125,122.26000213623047,136.0,210090300
2022-12-23,AAPL,129.7788543701172,130.33001348787815,127.59389142616514,128.8536879861786,63814900
2022-12-23,AMZN,85.25,85.77999877929688,82.93000030517578,83.25,57433700
2022-12-23,GOOGL,88.56086730957031,88.87846732577863,86.41706152102789,86.45676246957663,23003000
2022-12-23,MSFT,232.62454223632812,232.76096118037862,227.9570517012324,230.07155276829016,21207000
2022-12-23,NVDA,15.19079303741455,15.323659446874593,14.868116110553647,15.180802809610176,349326000
2022-12-23,TSLA,123.1500015258789,128.6199951171875,121.0199966430664,126.37000274658203,166989700
2022-12-27,AAPL,127.97772979736328,129.33595400462013,126.68840798575984,129.30642869732836,69007800
2022-12-27,AMZN,83.04000091552734,85.3499984741211,83.0,84.97000122070312,57284000
2022-12-27,GOOGL,86.73464965820312,88.27302902200118,86.35750205691602,88.13407950720169,20097300
2022-12-27,MSFT,230.89981079101562,232.8194148295831,229.7987055148439,232.59530118818017,16688600
2022-12-27,NVDA,14.106879234313965,15.084900321940324,14.04194370104502,15.058926299176873,464902000
2022-12-27,TSLA,109.0999984741211,119.66999816894531,108.76000213623047,117.5,208643400
2022-12-28,AAPL,124.05072021484375,128.9619612841453,123.883405115354,127.62342547026658,85438400
2022-12-28,AMZN,81.81999969482422,83.4800033569336,81.69000244140625,82.80000305175781,58228600
2022-12-28,GOOGL,85.37493896484375,87.37979537265875,85.29554463386492,86.32774665841227,19523200
2022-12-28,MSFT,228.5319366455078,233.58920571685437,228.18114298539857,230.83158066876882,17457100
2022-12-28,NVDA,14.02196216583252,14.247735964571142,13.870113761600244,13.913070976241796,351066000
2022-12-28,TSLA,112.70999908447266,116.2699966430664,108.23999786376953,110.3499984741211,221070500
2022-12-29,AAPL,127.56436157226562,128.42062552699434,125.71403637929805,125.9699273840094,75703700
2022-12-29,AMZN,84.18000030517578,84.55000305175781,82.55000305175781,82.87000274658203,54995900
2022-12-29,GOOGL,87.78670501708984,88.18370690708726,85.96050692415548,85.97043405375527,23333500
2022-12-29,MSFT,234.84620666503906,235.732937144972,229.6232871191542,229.6232871191542,19770700
2022-12-29,NVDA,14.588393211364746,14.668313116103667,14.2127698496359,14.387594998522445,354923000
2022-12-29,TSLA,121.81999969482422,123.56999969482422,117.5,120.38999938964844,221923300
2022-12-30,AAPL,127.87930297851562,127.89899152283257,125.41876807644428,126.38330400552722,77034200
2022-12-30,AMZN,84.0,84.05000305175781,82.47000122070312,83.12000274658203,62401200
2022-12-30,GOOGL,87.568359375,87.63783413641092,85.9208042155681,86.32773322681854,23986300
2022-12-30,MSFT,233.6867218017578,233.82314077191054,230.60753376853606,232.11789621072512,21938500
2022-12-30,NVDA,14.599384307861328,14.614368696054798,14.218764842042592,14.319663660456738,310490000
2022-12-30,TSLA,123.18000030517578,124.4800033569336,119.75,119.94999694824219,157777300
2023-01-03,AAPL,123.09601593017578,128.83399514878522,122.21021915687207,128.2237854341601,112117500
2023-01-03,AMZN,85.81999969482422,86.95999908447266,84.20999908447266,85.45999908447266,76706000
2023-01-03,GOOGL,88.4516830444336,90.36721008671273,87.85617644594524,88.91815210738409,28131200
2023-01-03,MSFT,233.45278930664062,239.46499095764855,231.32853465622566,236.86327747897744,25740000
2023-01-03,NVDA,14.300683975219727,14.981003655234762,14.081903121676092,14.836148204062967,401277000
2023-01-03,TSLA,108.0999984741211,118.80000305175781,104.63999938964844,118.47000122070312,231402800
2023-01-04,AAPL,124.36566925048828,126.62937150933897,123.10587260552037,124.8873030948284,89113600
2023-01-04,AMZN,85.13999938964844,86.9800033569336,83.36000061035156,86.55000305175781,68885100
2023-01-04,GOOGL,87.41948699951172,89.97021418207204,86.61555606707714,89.67246086306939,34854800
2023-01-04,MSFT,223.2408447265625,226.91441744415422,220.18114984436647,226.3395100790415,50623400
2023-01-04,NVDA,14.73425006866455,14.838146156406989,14.226758666083303,14.552432867835895,431324000
2023-01-04,TSLA,113.63999938964844,114.58999633789062,107.5199966430664,109.11000061035156,180389000
2023-01-05,AAPL,123.04680633544922,125.75340309203497,122.79091532129203,125.12350481122068,80962700
2023-01-05,AMZN,83.12000274658203,85.41999816894531,83.06999969482422,85.33000183105469,67930800
2023-01-05,GOOGL,85.5535888671875,86.91331805370213,85.25584309067294,86.81406946153061,27194400
2023-01-05,MSFT,216.6244659423828,221.7304593927792,216.0885291034545,221.3894046220388,39585600
2023-01-05,NVDA,14.250736236572266,14.549437041892885,14.133852649988928,14.47651008305059,389168000
2023-01-05,TSLA,110.33999633789062,111.75,107.16000366210938,110.51000213623047,157986300
2023-01-06,AAPL,127.57420349121094,128.23362708296847,122.91886125861728,124.02118700839063,87754700
2023-01-06,AMZN,86.08000183105469,86.4000015258789,81.43000030517578,83.02999877929688,83303400
2023-01-06,GOOGL,86.68502807617188,87.03240946135887,84.2236299964327,86.13915710492884,41381500
2023-01-06,MSFT,219.17745971679688,219.98623444144232,213.74018002094996,217.2968261609176,43613600
2023-01-06,NVDA,14.84414005279541,14.994989063943777,14.01996530735585,14.45952485401676,405044000
2023-01-06,TSLA,113.05999755859375,114.38999938964844,101.80999755859375,103.0,220911100
2023-01-09,AAPL,128.09584045410156,131.30439758356596,127.83994943275363,128.41079711233908,70790800
2023-01-09,AMZN,87.36000061035156,89.4800033569336,87.08000183105469,87.45999908447266,65266100
2023-01-09,GOOGL,87.35993194580078,89.37471527318449,87.20113572832027,87.69738621274176,29003900
2023-01-09,MSFT,221.3114471435547,225.3260890868295,220.6196135764492,220.65858404237193,27369800
2023-01-09,NVDA,15.612369537353516,16.039940959776242,15.125856157242278,15.268713734456611,504231000
2023-01-09,TSLA,119.7699966430664,123.5199966430664,117.11000061035156,118.95999908447266,190284000
2023-01-10,AAPL,128.66671752929688,129.18835147296187,126.09790989326439,128.2041342180523,63896200
2023-01-10,AMZN,89.87000274658203,90.19000244140625,87.29000091552734,87.56999969482422,67756600
2023-01-10,GOOGL,87.75692749023438,88.00505271446971,85.18635380180301,85.3352304507804,30467800
2023-01-10,MSFT,222.99722290039062,225.39430067277652,221.516092367223,221.93508808498302,27033900
2023-01-10,NVDA,15.89309024810791,15.9460367412462,15.456527005264633,15.491491850303234,384101000
2023-01-10,TSLA,118.8499984741211,122.76000213623047,114.91999816894531,121.06999969482422,167642500
2023-01-11,AAPL,131.3831329345703,131.4028064616691,128.40095662151043,129.1784814447806,69458900
2023-01-11,AMZN,95.08999633789062,95.26000213623047,90.93000030517578,90.93000030517578,103126200
2023-01-11,GOOGL,90.83368682861328,90.91308872474838,88.34251480787275,88.51123815802363,26862000
2023-01-11,MSFT,229.74026489257812,229.91565431558936,225.19943927297896,225.37482869599023,28669300
2023-01-11,NVDA,15.984997749328613,16.011971174963055,15.547436042925577,15.824159457593446,353285000
2023-01-11,TSLA,123.22000122070312,125.94999694824219,120.51000213623047,122.08999633789062,183810800
2023-01-12,AAPL,131.30441284179688,132.14098840377943,129.36550386584642,131.76699610111268,71379600
2023-01-12,AMZN,95.2699966430664,97.19000244140625,93.5,96.93000030517578,85254800
2023-01-12,GOOGL,90.44660949707031,91.18106565731547,89.07696090221926,90.79399088981015,30258100
2023-01-12,MSFT,232.41014099121094,233.76459137721616,227.58673939319505,229.2432592016942,27269500
2023-01-12,NVDA,16.494487762451172,16.620361206682915,15.476506765719616,16.083899486490765,551409000
2023-01-12,TSLA,123.55999755859375,124.12999725341797,117.0,122.55999755859375,169400900
2023-01-13,AAPL,132.633056640625,132.7905349401524,129.5819934315568,129.9461488585014,57809700
2023-01-13,AMZN,98.12000274658203,98.37000274658203,94.12000274658203,94.18000030517578,85549400
2023-01-13,GOOGL,91.42919158935547,91.49866635399357,89.4541092177354,90.16871112383096,26329200
2023-01-13,MSFT,233.11175537109375,233.24817431543465,228.91198479686696,230.93879116175304,21333300
2023-01-13,NVDA,16.882099151611328,16.905076865313244,16.148833986111153,16.261719936070204,447287000
2023-01-13,TSLA,122.4000015258789,122.62999725341797,115.5999984741211,116.55000305175781,180714100
2023-01-17,AAPL,133.7944793701172,135.12316348796887,132.01304876349633,132.70199775252627,63646600
2023-01-17,AMZN,96.05000305175781,98.88999938964844,95.7300033569336,98.68000030517578,72755000
2023-01-17,GOOGL,90.60541534423828,91.5582153760755,89.37471624963791,91.36963776683697,32602400
2023-01-17,MSFT,234.20310974121094,234.74878549049157,231.02647397875015,231.8839729382192,29831300
2023-01-17,NVDA,17.684297561645508,17.71027253708016,16.882101069354157,16.882101069354157,511102000
2023-01-17,TSLA,131.49000549316406,131.6999969482422,125.0199966430664,125.69999694824219,186477000
2023-01-18,AAPL,133.0759735107422,136.42230495988363,132.8988066595986,134.66056331872014,69672800
2023-01-18,AMZN,95.45999908447266,99.31999969482422,95.37999725341797,97.25,79570400
2023-01-18,GOOGL,90.43668365478516,92.10408544977494,89.96027989671057,91.44903122894499,29116700
2023-01-18,MSFT,229.77919006347656,236.18117037516788,229.49661331481735,235.3918883901205,30028700
2023-01-18,NVDA,17.359621047973633,17.855123353381586,17.264714843579952,17.64933001108455,439624000
2023-01-18,TSLA,128.77999877929688,136.67999267578125,127.01000213623047,136.55999755859375,195680300
2023-01-19,AAPL,133.13504028320312,134.0995687562006,131.65871475561192,131.96381962844052,58280400
2023-01-19,AMZN,93.68000030517578,95.44000244140625,92.86000061035156,94.73999786376953,69002700
2023-01-19,GOOGL,92.35221862792969,92.90801675008117,89.95036051681471,90.03968954197848,37000400
2023-01-19,MSFT,225.99842834472656,229.49662609495516,224.7803968509481,227.80112090293807,28623000
2023-01-19,NVDA,16.748233795166016,17.179802892609352,16.71426930548233,17.018962694085385,452932000
2023-01-19,TSLA,127.16999816894531,129.99000549316406,124.30999755859375,127.26000213623047,170291900
2023-01-20,AAPL,135.69400024414062,135.84164181281548,132.10161400912494,133.14488168206822,80223600
2023-01-20,AMZN,97.25,97.3499984741211,93.19999694824219,93.86000061035156,67481500
2023-01-20,GOOGL,97.2849349975586,97.56284161050858,94.3074322941516,94.38683418356587,63191100
2023-01-20,MSFT,234.07644653320312,234.583151851916,228.51247153332469,228.85352633542087,35389800
2023-01-20,NVDA,17.8211612701416,17.838144467896704,16.80817535561797,16.99398826883285,564967000
2023-01-20,TSLA,133.4199981689453,133.50999450683594,127.3499984741211,128.67999267578125,138858100
2023-01-23,AAPL,138.8828582763672,141.0579844042408,135.72351517113088,135.94004410758743,81760300
2023-01-23,AMZN,97.5199966430664,97.77999877929688,95.86000061035156,97.55999755859375,76501100
2023-01-23,GOOGL,99.04167175292969,99.28979699304459,96.76884364481533,97.21546604814961,40005100
2023-01-23,MSFT,236.37606811523438,238.89982582882288,233.52099453170575,234.93392297440502,31934000
2023-01-23,NVDA,19.173805236816406,19.22575327562238,17.800180419919084,18.045932771346358,655163000
2023-01-23,TSLA,143.75,145.3800048828125,134.27000427246094,135.8699951171875,203119200
2023-01-24,AAPL,140.28042602539062,140.90048744485267,138.08562666123444,138.0954634232415,66435100
2023-01-24,AMZN,96.31999969482422,98.08999633789062,96.0,96.93000030517578,66929500
2023-01-24,GOOGL,96.96733856201172,98.86301898722769,96.47108809327639,97.36434045143623,33078500
2023-01-24,MSFT,235.84988403320312,237.7110398533446,234.29081253406932,236.29812619619068,40234400
2023-01-24,NVDA,19.245729446411133,19.475500835522777,18.801174865479027,18.80816783319561,496204000
2023-01-24,TSLA,143.88999938964844,146.5,141.10000610351562,143.0,158699100
2023-01-25,AAPL,139.6210174560547,140.18201330953534,136.61915274790366,138.6663258108729,65799300
2023-01-25,AMZN,97.18000030517578,97.23999786376953,91.5199966430664,92.55999755859375,94261600
2023-01-25,GOOGL,94.50594329833984,95.43889663050726,93.05689279504284,94.85331712238681,42330000
2023-01-25,MSFT,234.45645141601562,237.07765762154605,224.9947760426561,228.48322009420318,66526600
2023-01-25,NVDA,19.303674697875977,19.350628576512324,18.561417754150824,18.894084898187952,449537000
2023-01-25,TSLA,144.42999267578125,146.41000366210938,138.07000732421875,141.91000366210938,192734300
2023-01-26,AAPL,141.68789672851562,141.9733130723702,139.66039693887691,140.91035682918778,54105100
2023-01-26,AMZN,99.22000122070312,99.48999786376953,96.91999816894531,98.23999786376953,68523600
2023-01-26,GOOGL,96.78868103027344,96.8383091023994,94.66472978478917,95.77633347965728,30114000
2023-01-26,MSFT,241.65748596191406,241.9595554403983,235.81093388219034,237.41872975669403,33454500
2023-01-26,NVDA,19.782196044921875,20.14583232825715,19.258719930188406,19.681297222805807,489535000
2023-01-26,TSLA,160.27000427246094,161.4199981689453,154.75999450683594,159.97000122070312,234815100
2023-01-27,AAPL,143.6267852783203,144.9062704324847,140.82177572822627,140.90051489349364,70555800
2023-01-27,AMZN,102.23999786376953,103.48999786376953,99.52999877929688,99.52999877929688,87775600
2023-01-27,GOOGL,98.62482452392578,99.5676974204637,96.58026736816271,96.58026736816271,33879800
2023-01-27,MSFT,241.8133544921875,243.44064274681827,240.5173672279143,242.62212916997672,26498900
2023-01-27,NVDA,20.34463119506836,20.607368636676057,19.38559227826472,19.44253447559157,542142000
2023-01-27,TSLA,177.89999389648438,180.67999267578125,161.1699981689453,162.42999267578125,306590600
2023-01-30,AAPL,140.74302673339844,143.2527830109075,140.59540019505755,142.67209860282117,64015300
2023-01-30,AMZN,100.55000305175781,101.73999786376953,99.01000213623047,101.08999633789062,70691900
2023-01-30,GOOGL,96.21304321289062,97.55291796280574,95.67709179848833,96.74899462729292,27226200
2023-01-30,MSFT,236.50274658203125,239.31883481228712,236.00578021468996,238.25670004532253,25867400
2023-01-30,NVDA,19.142837524414062,20.11985820147362,19.13084848856238,19.93004958460622,488611000
2023-01-30,TSLA,166.66000366210938,179.77000427246094,166.5,178.0500030517578,230878800
2023-01-31,AAPL,142.01271057128906,142.06192444090843,140.0344391634921,140.44780863595872,65874500
2023-01-31,AMZN,103.12999725341797,103.3499984741211,101.13999938964844,101.16000366210938,66527300
2023-01-31,GOOGL,98.09879302978516,98.1384939775665,96.09394438600727,96.14357246377932,29870700
2023-01-31,MSFT,241.47232055664062,241.60873949787776,236.73661321290928,237.22382584140612,26541100
2023-01-31,NVDA,19.51746368408203,19.667313303213437,18.931050789927134,19.150830104290442,498017000
2023-01-31,TSLA,173.22000122070312,174.3000030517578,162.77999877929688,164.57000732421875,196813500
2023-02-01,AAPL,143.13465881347656,144.29604258311244,139.0895417079852,141.69771052689384,77663600
2023-02-01,AMZN,105.1500015258789,106.23999786376953,101.23999786376953,102.52999877929688,80450100
2023-02-01,GOOGL,99.67686462402344,100.4311674201682,96.84823860370668,97.96976188272887,35531100
2023-02-01,MSFT,246.28599548339844,248.65384183422793,239.1921804627177,241.65747529132665,31259900
2023-02-01,NVDA,20.922056198120117,21.17080582248784,19.591387567845597,19.671307485536968,660477000
2023-02-01,TSLA,181.41000366210938,183.80999755859375,169.92999267578125,173.88999938964844,213806300
2023-02-02,AAPL,148.43960571289062,148.7939093931277,145.831421817907,146.5498959772077,118339000
2023-02-02,AMZN,112.91000366210938,114.0,108.87999725341797,110.25,158154200
2023-02-02,GOOGL,106.93204498291016,107.04122068782463,104.81802078918444,105.00659838352416,69883800
2023-02-02,MSFT,257.8329162597656,257.92061096012765,250.6708850258921,252.20073974099043,39940400
2023-02-02,NVDA,21.687288284301758,21.927048029670438,20.679298521540353,20.978997726890935,564276000
2023-02-02,TSLA,188.27000427246094,196.75,182.61000061035156,187.3300018310547,217448300
2023-02-03,AAPL,152.06153869628906,154.8960886893848,145.496812581912,145.6936529941079,154357300
2023-02-03,AMZN,103.38999938964844,108.77999877929688,102.5199966430664,105.26000213623047,144374800
2023-02-03,GOOGL,103.99424743652344,107.001524077653,101.81074839414418,102.15812220922525,65309300
2023-02-03,MSFT,251.74276733398438,257.44316094972766,250.52473578092378,252.90233575146593,29077300
2023-02-03,NVDA,21.078901290893555,21.723256776011066,20.768211454332956,20.979000905493407,429366000
2023-02-03,TSLA,189.97999572753906,199.0,183.69000244140625,183.9499969482422,232662000
2023-02-06,AAPL,149.3352508544922,150.6836384438328,148.40024764766747,150.1620046015634,69858300
2023-02-06,AMZN,102.18000030517578,103.94999694824219,100.6500015258789,102.93000030517578,81945200
2023-02-06,GOOGL,102.12835693359375,103.57740752067507,101.11600164820065,101.63210642135294,31999600
2023-02-06,MSFT,250.20315551757812,251.69402492949268,248.2640588264018,250.85603350578165,22518000
2023-02-06,NVDA,21.06791114807129,21.54842912938245,20.76521275361375,20.78519321039508,452197000
2023-02-06,TSLA,194.75999450683594,198.1699981689453,189.9199981689453,193.00999450683594,186188100
2023-02-07,AAPL,152.2091522216797,152.77999988075524,148.2624474794368,148.2624474794368,83322600
2023-02-07,AMZN,102.11000061035156,102.41000366210938,98.08000183105469,101.16999816894531,119501300
2023-02-07,GOOGL,106.83279418945312,107.36874557367616,102.3466935405881,102.44594211421887,49010200
2023-02-07,MSFT,260.7171936035156,261.8962397215106,253.4284826965279,253.86698591365706,50841400
2023-02-07,NVDA,22.15082359313965,22.23673802068742,21.12884604934928,21.360614360794933,664150000
2023-02-07,TSLA,196.80999755859375,197.5,189.5500030517578,196.42999267578125,186010300
2023-02-08,AAPL,149.52223205566406,152.14025265616812,148.78406936876726,151.45130381865607,64120100
2023-02-08,AMZN,100.05000305175781,102.66999816894531,98.77999877929688,102.04000091552734,75878300
2023-02-08,GOOGL,98.62482452392578,102.36654986458451,97.3047964110275,101.28472743744483,94743500
2023-02-08,MSFT,259.9084777832031,269.681962608756,259.4017575821844,266.2130108288476,54686000
2023-02-08,NVDA,22.18279266357422,22.85511993042836,21.985989180590057,22.364609852385264,559651000
2023-02-08,TSLA,201.2899932861328,203.0,194.30999755859375,196.10000610351562,180673600
2023-02-09,AAPL,148.4888153076172,151.89421276586904,148.04592065726195,151.35289040745275,56007100
2023-02-09,AMZN,98.23999786376953,101.77999877929688,97.56999969482422,101.31999969482422,64622500
2023-02-09,GOOGL,94.29751586914062,99.27986722656759,92.92785973388537,99.25009341009356,119455000
2023-02-09,MSFT,256.8780212402344,266.9730839280978,256.0789852689524,266.79766475449935,42375100
2023-02-09,NVDA,22.314661026000977,22.99697853291516,22.097878989240208,22.58339300958644,523876000
2023-02-09,TSLA,207.32000732421875,214.0,204.77000427246094,207.77999877929688,215431400
2023-02-10,AAPL,148.85354614257812,149.1788354914484,147.08911426452642,147.32569243849323,57450700
2023-02-10,AMZN,97.61000061035156,98.81999969482422,96.2300033569336,97.55999755859375,52740100
2023-02-10,GOOGL,93.8608169555664,96.02446938516859,93.54321694627534,94.7342150880715,54980700
2023-02-10,MSFT,256.3712463378906,257.33591765815356,253.993646746636,254.84139181439355,25818500
2023-02-10,NVDA,21.243730545043945,22.055917123650822,20.79018606002947,21.66830661145846,550737000
2023-02-10,TSLA,196.88999938964844,206.1999969482422,192.88999938964844,202.22999572753906,204754100
2023-02-13,AAPL,151.65298461914062,152.0571182724141,148.7648180243575,148.79438841262413,62199000
2023-02-13,AMZN,99.54000091552734,99.68000030517578,96.91000366210938,97.8499984741211,52841500
2023-02-13,GOOGL,93.9005126953125,94.48608460376701,93.13628274609768,94.02953508899373,50076100
2023-02-13,MSFT,264.3810729980469,267.5771867135627,260.3177065131593,260.7951951195851,44630900
2023-02-13,NVDA,21.766210556030273,22.025950766178745,20.941036401408137,21.516460573823032,474919000
2023-02-13,TSLA,194.63999938964844,196.3000030517578,187.61000061035156,194.4199981689453,172475500
2023-02-14,AAPL,151.01223754882812,151.5741049324063,148.70565732767898,149.94765859116993,61707600
2023-02-14,AMZN,99.69999694824219,100.91999816894531,97.5199966430664,98.41000366210938,56202900
2023-02-14,GOOGL,93.96998596191406,94.13870929839328,91.56813558981159,93.7218607357337,54726100
2023-02-14,MSFT,265.2093200683594,267.93769873660716,262.3932169633668,265.69653266891055,37047900
2023-02-14,NVDA,22.948028564453125,23.025949676572004,21.34463219361314,21.556420076698707,675474000
2023-02-14,TSLA,209.25,209.82000732421875,189.44000244140625,191.94000244140625,216455700
2023-02-15,AAPL,153.1118621826172,153.279432747917,150.696851620169,150.923562968411,65573800
2023-02-15,AMZN,101.16000366210938,101.16999816894531,98.44999694824219,99.08999633789062,47957600
2023-02-15,GOOGL,96.21304321289062,96.39169368435806,93.44396469123609,93.78141137501834,50169000
2023-02-15,MSFT,263.08953857421875,264.46692310846817,260.02216525434795,262.112672647368,28922400
2023-02-15,NVDA,22.741235733032227,22.832144335876976,22.083894699328933,22.52645058254248,420575000
2023-02-15,TSLA,214.24000549316406,214.66000366210938,206.11000061035156,211.75999450683594,181006400
2023-02-16,AAPL,151.51498413085938,154.09756497312395,151.16012443154224,151.3178281549916,68167900
2023-02-16,AMZN,98.1500015258789,100.62999725341797,98.0999984741211,99.20999908447266,56339200
2023-02-16,GOOGL,94.79376220703125,96.94748732289182,94.02953228064146,94.65481268808418,42462600
2023-02-16,MSFT,256.0853576660156,260.56916800834415,255.84114122158655,257.91209190049267,29603600
2023-02-16,NVDA,21.979995727539062,22.527446080733473,21.905069975862954,22.110863322037478,412026000
2023-02-16,TSLA,202.0399932861328,217.64999389648438,201.83999633789062,210.77999877929688,229586500
2023-02-17,AAPL,150.3715362548828,150.8151070910907,148.69581585093724,150.17439533222245,59144100
2023-02-17,AMZN,97.19999694824219,97.94000244140625,95.6500015258789,97.80000305175781,60029400
2023-02-17,GOOGL,93.6424560546875,94.84338120494091,92.51100566280641,94.13870649225572,34284100
2023-02-17,MSFT,252.0900115966797,254.0730481798603,250.07767022898236,253.3892599372768,30000100
2023-02-17,NVDA,21.366607666015625,21.71825487021389,20.95402065241894,21.609364641720003,465888000
2023-02-17,TSLA,208.30999755859375,208.44000244140625,197.5,199.99000549316406,213738500
2023-02-21,AAPL,146.3596649169922,149.1394018439348,146.29067235544917,148.05510409777494,58867200
2023-02-21,AMZN,94.58000183105469,95.61000061035156,94.2699966430664,95.33999633789062,56580400
2023-02-21,GOOGL,91.1016616821289,92.40183548316473,91.03218691960443,92.30258690415565,33629300
2023-02-21,MSFT,246.82467651367188,249.5794451866865,245.76965967544004,248.592801202507,28397400
2023-02-21,NVDA,20.63434410095215,21.472503832330847,20.597380448319672,20.97899838851901,410015000
2023-02-21,TSLA,197.3699951171875,209.7100067138672,197.22000122070312,204.99000549316406,180018600
2023-02-22,AAPL,146.7835235595703,147.80866542554767,145.0585140913541,146.74408634882758,51011300
2023-02-22,AMZN,95.79000091552734,97.01000213623047,94.80000305175781,95.0999984741211,59534100
2023-02-22,GOOGL,90.96270751953125,91.41925701744177,89.9305056916628,91.0123280204154,30884000
2023-02-22,MSFT,245.6915283203125,248.45606050673507,244.5485970470492,248.2118440405047,22491100
2023-02-22,NVDA,20.733245849609375,21.082896233045748,20.400578664452947,20.686293870610594,513184000
2023-02-22,TSLA,200.86000061035156,201.99000549316406,191.77999877929688,197.92999267578125,191828500
2023-02-23,AAPL,147.26654052734375,148.19311959888688,145.13739706863274,147.946689634791,48394200
2023-02-23,AMZN,95.81999969482422,96.43000030517578,93.66999816894531,96.12000274658203,48467000
2023-02-23,GOOGL,90.20841217041016,91.25054121331061,89.08688880510833,91.23068695357419,41206400
2023-02-23,MSFT,248.8761444091797,250.89824919216971,244.68538110016482,249.64786195781076,29219100
2023-02-23,NVDA,23.640335083007812,23.864112008367524,23.001974156806483,23.41656006308935,1117995000
2023-02-23,TSLA,202.07000732421875,205.13999938964844,196.3300018310547,203.91000366210938,146360000
2023-02-24,AAPL,144.6149444580078,145.0880857046954,143.6390765358812,145.0092263234326,55469600
2023-02-24,AMZN,93.5,94.13999938964844,92.31999969482422,93.52999877929688,57053800
2023-02-24,GOOGL,88.46161651611328,89.21591943991449,87.91574547787702,88.76929699297735,36585100
2023-02-24,MSFT,243.45452880859375,245.19334897539824,242.36044373441328,244.17741496448653,24990900
2023-02-24,NVDA,23.262710571289062,23.450524180326013,22.924050815235166,23.201772660724565,589716000
2023-02-24,TSLA,196.8800048828125,197.6699981689453,192.8000030517578,196.3300018310547,142228100
2023-02-27,AAPL,145.8076934814453,147.03984342133134,145.34440390077674,145.60070071444446,44998500
2023-02-27,AMZN,93.76000213623047,94.77999877929688,93.13999938964844,94.27999877929688,47470300
2023-02-27,GOOGL,89.1960678100586,89.48389400941119,88.67003591816348,89.1960678100586,27502300
2023-02-27,MSFT,244.37277221679688,246.9712390360351,243.62058131527203,246.61956672286158,21190000
2023-02-27,NVDA,23.477497100830078,23.85611778942511,23.43054512484724,23.64632871610379,452994000
2023-02-27,TSLA,207.6300048828125,209.4199981689453,201.25999450683594,202.02999877929688,161028300
2023-02-28,AAPL,145.30494689941406,146.95109701970668,144.7332276594082,144.95008720013072,50547000
2023-02-28,AMZN,94.2300033569336,94.69000244140625,92.91999816894531,93.13999938964844,43959300
2023-02-28,GOOGL,89.38463592529297,90.54586782791486,88.65018731956766,88.66011444958845,30142000
2023-02-28,MSFT,243.64988708496094,245.6720066203372,242.9758472398355,243.30799296891402,22491000
2023-02-28,NVDA,23.192779541015625,23.80117159295259,23.18278931411265,23.348623650908365,455963000
2023-02-28,TSLA,205.7100067138672,211.22999572753906,203.75,210.58999633789062,153144900
2023-03-01,AAPL,143.2349395751953,145.1275197577975,142.93922063146897,144.73323786008925,55479000
2023-03-01,AMZN,92.16999816894531,94.68000030517578,91.58999633789062,93.87000274658203,52299500
2023-03-01,GOOGL,89.68238067626953,90.34735445265166,88.99755264174358,89.30523306552612,31111200
2023-03-01,MSFT,240.57275390625,245.12493737930367,240.10384757221487,244.95887197567075,27565300
2023-03-01,NVDA,22.67530059814453,23.2327431288166,22.48549007597283,23.16880605034979,460026000
2023-03-01,TSLA,202.77000427246094,207.1999969482422,198.52000427246094,206.2100067138672,156852800
2023-03-02,AAPL,143.82638549804688,144.6149643784106,141.8450789930105,142.31823534576338,52238100
2023-03-02,AMZN,92.12999725341797,92.2300033569336,90.38999938964844,91.41000366210938,55509400
2023-03-02,GOOGL,91.3100814819336,91.58798051837316,88.91815071281441,88.98763304410512,32204400
2023-03-02,MSFT,245.30081176757812,245.58409633737872,239.9280489885474,240.8463053757084,24808200
2023-03-02,NVDA,23.29068374633789,23.356617727044704,22.409565830943126,22.46551148905175,389415000
2023-03-02,TSLA,190.89999389648438,193.75,186.00999450683594,186.74000549316406,181500700
2023-03-03,AAPL,148.87322998046875,148.952089353373,145.2260704687506,145.9259229618336,70732300
2023-03-03,AMZN,94.9000015258789,94.94000244140625,92.66000366210938,92.73999786376953,55759600
2023-03-03,GOOGL,92.94771575927734,93.02711765283779,91.75671007241478,91.78649146163595,35160100
2023-03-03,MSFT,249.38409423828125,249.7064617806796,245.57432311137507,246.35581882878407,30760100
2023-03-03,NVDA,23.866106033325195,23.876096260572954,23.106865911464638,23.296676418290033,412393000
2023-03-03,TSLA,197.7899932861328,200.47999572753906,192.8800048828125,194.8000030517578,154193300
2023-03-06,AAPL,151.63327026367188,154.06799923846452,151.26855877090114,151.59383305095145,87558000
2023-03-06,AMZN,93.75,96.55000305175781,93.73999786376953,95.19000244140625,52112400
2023-03-06,GOOGL,94.41661071777344,95.25031543626798,93.29508739318105,93.31493408001563,32639300
2023-03-06,MSFT,250.92755126953125,254.1023656002355,250.0581411721239,250.49772786752465,24109800
2023-03-06,NVDA,23.530447006225586,24.22375134917666,23.463512664360874,23.867109901704033,437429000
2023-03-06,TSLA,193.80999755859375,198.60000610351562,192.3000030517578,198.5399932861328,128100100
2023-03-07,AAPL,149.43508911132812,151.83038038722225,148.97179972168095,151.505091132307,56182000
2023-03-07,AMZN,93.55000305175781,95.08999633789062,92.77999877929688,94.05999755859375,49100700
2023-03-07,GOOGL,93.15614318847656,94.95256755074698,92.8286160456438,94.26774701922037,27835500
2023-03-07,MSFT,248.2704620361328,251.72857566259853,247.52804931967242,250.37071775470054,21473200
2023-03-07,NVDA,23.26866340637207,24.104968314326598,23.221701547557327,23.580404618172988,515154000
2023-03-07,TSLA,187.7100067138672,194.1999969482422,186.10000610351562,191.3800048828125,148125800
2023-03-08,AAPL,150.68698120117188,151.278419098267,149.66183922588297,150.62784041964048,47204800
2023-03-08,AMZN,93.91999816894531,94.16999816894531,92.18000030517578,93.5999984741211,44899100
2023-03-08,GOOGL,93.543212890625,95.24038857658361,93.29508765749337,93.41419049538177,34103300
2023-03-08,MSFT,247.8308868408203,248.65145065582482,245.00774486083787,248.16301768416147,17340200
2023-03-08,NVDA,24.16092300415039,24.17990823526979,23.404551548814798,23.467498967392764,513573000
2023-03-08,TSLA,182.0,186.5,180.0,185.0399932861328,151897800
2023-03-09,AAPL,148.4395294189453,152.33311931510104,148.08466971716794,151.36711819838627,53833600
2023-03-09,AMZN,92.25,96.20999908447266,92.18000030517578,93.68000030517578,56218700
2023-03-09,GOOGL,91.62769317626953,94.81362051791201,91.2108445683197,93.34472325975115,28813500
2023-03-09,MSFT,246.48280334472656,253.555302700135,245.75991723521878,249.90183388794475,26653400
2023-03-09,NVDA,23.416540145874023,24.43369447307599,23.36358275312628,24.154924912871536,501257000
2023-03-09,TSLA,172.9199981689453,185.17999267578125,172.50999450683594,180.25,170023800
2023-03-10,AAPL,146.37937927246094,148.78453780981002,145.5020893181875,148.06496662146847,68572400
2023-03-10,AMZN,90.7300033569336,93.56999969482422,90.25,92.66999816894531,69827500
2023-03-10,GOOGL,89.95035552978516,92.09416114868083,89.72208455892081,91.47880785314275,35941000
2023-03-10,MSFT,242.83908081054688,246.94191444562173,241.8719931478548,245.2714821705408,28333900
2023-03-10,NVDA,22.94593048095703,23.607381425129905,22.70712862155447,23.389562036275382,474866000
2023-03-10,TSLA,173.44000244140625,178.2899932861328,168.44000244140625,175.1300048828125,191488900
2023-03-13,AAPL,148.32127380371094,150.95314411845015,145.59082548311505,145.69925527320058,84457100
2023-03-13,AMZN,92.43000030517578,94.0199966430664,88.12000274658203,89.97000122070312,72397100
2023-03-13,GOOGL,90.4267578125,91.87580822116699,88.74942886454899,89.41440265175312,37335600
2023-03-13,MSFT,248.04580688476562,251.94350749583774,240.04527215486556,241.6766365464032,33339700
2023-03-13,NVDA,22.946929931640625,23.278654989366956,22.27848671220757,22.733108829622278,421890000
2023-03-13,TSLA,174.47999572753906,177.35000610351562,163.91000366210938,167.4600067138672,167790300
2023-03-14,AAPL,150.4109649658203,151.2093955139033,147.95653254628945,149.11967456920323,73695900
2023-03-14,AMZN,94.87999725341797,95.06999969482422,92.70999908447266,93.83000183105469,60912700
2023-03-14,GOOGL,93.26531982421875,93.65239460696121,91.7467945115858,91.86588978493322,36050200
2023-03-14,MSFT,254.75685119628906,255.03037243949342,249.94089484584663,250.8103048487011,33620300
2023-03-14,NVDA,24.04301643371582,24.19888701960605,23.44051655907677,23.476487867060463,474910000
2023-03-14,TSLA,183.25999450683594,183.8000030517578,177.13999938964844,177.30999755859375,143717900
2023-03-15,AAPL,150.80526733398438,151.06154904978908,147.7791005346977,149.03096880678774,77167900
2023-03-15,AMZN,96.19999694824219,96.66999816894531,93.06999969482422,93.22000122070312,70731800
2023-03-15,GOOGL,95.3892593383789,96.2031097498891,91.94528010370921,92.52093242633808,50622100
2023-03-15,MSFT,259.2993469238281,260.3152960423223,253.21346022542158,253.9656662220132,46028000
2023-03-15,NVDA,24.2078800201416,24.26583051123997,23.340600837359847,23.74126688899198,524486000
2023-03-15,TSLA,180.4499969482422,182.33999633789062,176.02999877929688,180.8000030517578,145995600
2023-03-16,AAPL,153.62440490722656,154.22569446185167,149.4745187940127,149.98709719489494,76161100
2023-03-16,AMZN,100.04000091552734,100.98999786376953,95.61000061035156,95.75,84446900
2023-03-16,GOOGL,99.56769561767578,100.43117417550806,94.78384131193948,95.47858895236912,65492000
2023-03-16,MSFT,269.8103942871094,270.16205172863715,257.1892727698562,259.0746169472976,54768800
2023-03-16,NVDA,25.519790649414062,25.56675059825911,23.874157083100002,24.007047963864338,583253000
2023-03-16,TSLA,184.1300048828125,185.80999755859375,178.83999633789062,180.3699951171875,121136800
2023-03-17,AAPL,152.78656005859375,154.50171782493953,152.07684064085686,153.8511391851991,98944600
2023-03-17,AMZN,98.94999694824219,100.66000366210938,97.45999908447266,99.79000091552734,87300200
2023-03-17,GOOGL,100.85794067382812,102.06878536905513,99.34933511791077,99.50813889103078,61028500
2023-03-17,MSFT,272.96563720703125,276.7754083374073,269.9275985016487,271.8227207737094,69527400
2023-03-17,NVDA,25.70363998413086,26.37708012413153,25.646686200323746,25.960426557252433,848547000
2023-03-17,TSLA,180.1300048828125,186.22000122070312,177.3300018310547,184.52000427246094,133197100
2023-03-20,AAPL,155.1522979736328,155.56631354554972,151.94870846939224,152.85558396503848,73641400
2023-03-20,AMZN,97.70999908447266,98.4800033569336,95.69999694824219,98.41000366210938,62388900
2023-03-20,GOOGL,100.46095275878906,100.98697707895346,99.12107791886092,99.36920316966915,32960400
2023-03-20,MSFT,265.93218994140625,271.06073543914164,263.60724454591366,270.5723025345954,43466600
2023-03-20,NVDA,25.878496170043945,26.002393768029705,25.109135004381503,25.593732943466883,432747000
2023-03-20,TSLA,183.25,186.44000244140625,176.35000610351562,178.0800018310547,129684400
2023-03-21,AAPL,157.0054473876953,157.1237289497417,154.3045697408097,155.07344501678244,73938300
2023-03-21,AMZN,100.61000061035156,100.8499984741211,98.0,98.13999938964844,58597300
2023-03-21,GOOGL,104.13319396972656,104.31184443694538,100.46094362067213,100.49071743651176,42110300
2023-03-21,MSFT,267.4463806152344,268.6381583648071,263.2849217859486,268.52093921101067,34558700
2023-03-21,NVDA,26.177242279052734,26.370082793772077,25.35992270532718,26.15825895724462,547408000
2023-03-21,TSLA,197.5800018310547,198.0,188.0399932861328,188.27999877929688,153391400
2023-03-22,AAPL,155.57615661621094,159.82460651427928,155.5564380089166,157.0251659140942,75701800
2023-03-22,AMZN,98.69999694824219,102.0999984741211,98.61000061035156,100.44999694824219,57475400
2023-03-22,GOOGL,102.5948257446289,105.79067243730059,102.55512479803791,103.4880705402918,43427400
2023-03-22,MSFT,265.9908447265625,274.538422009309,265.8833739672702,267.07515164944215,34873300
2023-03-22,NVDA,26.446020126342773,27.566089484334555,26.21521106020196,26.403054661635647,797295000
2023-03-22,TSLA,191.14999389648438,200.66000366210938,190.9499969482422,199.3000030517578,150376400
2023-03-23,AAPL,156.66043090820312,159.24302685232914,155.4282812343858,156.56186795883147,67622100
2023-03-23,AMZN,98.70999908447266,101.05999755859375,97.62000274658203,100.43000030517578,57559300
2023-03-23,GOOGL,104.80809783935547,105.50285304125943,103.67664737256062,104.27214642263456,40797800
2023-03-23,MSFT,271.23663330078125,274.55797193638784,268.8335511448217,271.5101546046174,36610900
2023-03-23,NVDA,27.16842269897461,27.476167523901886,26.667839239162014,27.092485590001715,564889000
2023-03-23,TSLA,192.22000122070312,199.30999755859375,188.64999389648438,195.25999450683594,144193900
2023-03-24,AAPL,157.96157836914062,158.0502895303303,155.59585715875076,156.59142861861952,59196500
2023-03-24,AMZN,98.12999725341797,98.30000305175781,96.4000015258789,98.06999969482422,56095400
2023-03-24,GOOGL,104.64930725097656,104.69892775737729,103.06129960251988,104.20267726028,30393300
2023-03-24,MSFT,274.0793151855469,274.13792476370173,268.91168542659534,270.8263345400217,28172000
2023-03-24,NVDA,26.75676155090332,27.144439836382894,26.33311386181286,27.00855309347375,454920000
2023-03-24,TSLA,190.41000366210938,192.36000061035156,187.14999389648438,191.64999389648438,116312400
2023-03-27,AAPL,156.01974487304688,158.47419284355544,155.6155961034445,157.65604352005258,52390300
2023-03-27,AMZN,98.04000091552734,99.33999633789062,97.08000183105469,99.06999969482422,46721300
2023-03-27,GOOGL,101.69165802001953,103.97441349409998,101.1656336681078,103.83546395103582,31120900
2023-03-27,MSFT,269.9861755371094,274.94864070171997,269.14605544409125,274.0108578776161,26840200
2023-03-27,NVDA,26.50896644592285,26.977576809585415,26.34310394111267,26.814712072493617,361026000
2023-03-27,TSLA,191.80999755859375,197.38999938964844,189.94000244140625,194.4199981689453,120851600
2023-03-28,AAPL,155.39871215820312,156.22672817707905,153.7525619849842,155.714149696992,45992200
2023-03-28,AMZN,97.23999786376953,98.44000244140625,96.29000091552734,98.11000061035156,38720100
2023-03-28,GOOGL,100.27237701416016,101.68172664769772,98.99204978746245,101.67180708945132,32057900
2023-03-28,MSFT,268.8628234863281,269.75177506940884,265.756367139309,269.40986602798046,21878600
2023-03-28,NVDA,26.388071060180664,26.49098617741666,25.828536573761543,26.42504099387314,356104000
2023-03-28,TSLA,189.19000244140625,192.35000610351562,185.42999267578125,192.0,98654600
2023-03-29,AAPL,158.47418212890625,158.75018247951246,157.07446176772007,157.09416533498404,51305700
2023-03-29,AMZN,100.25,100.41999816894531,98.55999755859375,98.69000244140625,49783300
2023-03-29,GOOGL,100.62966918945312,101.7214187034689,99.89522061779614,101.5129944157898,28779600
2023-03-29,MSFT,274.0206298828125,274.63606009495277,271.96920577953756,272.5064700346815,25087000
2023-03-29,NVDA,26.961593627929688,27.055515439693604,26.57491583467265,26.802727159767205,393694000
2023-03-29,TSLA,193.8800048828125,195.2899932861328,189.44000244140625,193.1300048828125,123660000
2023-03-30,AAPL,160.0414581298828,160.1498879032855,158.96702721945866,159.22330893800608,49501700
2023-03-30,AMZN,102.0,103.04000091552734,101.01000213623047,101.55000305175781,53633400
2023-03-30,GOOGL,100.1334228515625,100.40140235547389,99.03174616255232,100.15327711150191,33086200
2023-03-30,MSFT,277.478759765625,277.8792783804837,274.9682369436602,277.65461829253616,25053400
2023-03-30,NVDA,27.360258102416992,27.4761628937449,27.079491333000313,27.206386668765525,364516000
2023-03-30,TSLA,195.27999877929688,197.3300018310547,194.4199981689453,195.5800018310547,110252200
2023-03-31,AAPL,162.54518127441406,162.64375926608275,159.59788883873148,160.120319104618,68749800
2023-03-31,AMZN,103.29000091552734,103.48999786376953,101.94999694824219,102.16000366210938,56750300
2023-03-31,GOOGL,102.95211791992188,103.11091412057462,100.28228817356023,100.5403405183242,36863400
2023-03-31,MSFT,281.63043212890625,282.57799326147335,276.45305469008514,277.1661775421266,32766000
2023-03-31,NVDA,27.75393295288086,27.810884824300686,27.082490132563102,27.117460914270833,433933000
2023-03-31,TSLA,207.4600067138672,207.7899932861328,197.1999969482422,197.52999877929688,170222100
2023-04-03,AAPL,163.7970428466797,163.91532439911353,161.87489241518372,161.92418140899423,56976200
2023-04-03,AMZN,102.41000366210938,103.29000091552734,101.43000030517578,102.30000305175781,41135700
2023-04-03,GOOGL,103.57740020751953,103.74612355244493,101.16562258542722,101.62217211579193,25035400
2023-04-03,MSFT,280.5852355957031,281.6011547846993,277.3811162661027,279.8916392622568,24883300
2023-04-03,NVDA,27.9417781829834,27.97674896673063,27.31330079051416,27.486157467758918,398716000
2023-04-03,TSLA,194.77000427246094,202.69000244140625,192.1999969482422,199.91000366210938,169545900
2023-04-04,AAPL,163.2647705078125,164.45748300799937,162.75219201536794,164.22091988909426,46278300
2023-04-04,AMZN,103.94999694824219,104.19999694824219,102.11000061035156,102.75,48662500
2023-04-04,GOOGL,103.93470001220703,104.78825142936967,103.25979906775706,103.54762525002644,24420100
2023-04-04,MSFT,280.5364074707031,283.73077878852536,279.0613598893745,280.5852686640538,25824300
2023-04-04,NVDA,27.430200576782227,27.97674720101981,27.28432191499647,27.942775040162378,368592000
2023-04-04,TSLA,192.5800018310547,198.74000549316406,190.32000732421875,197.32000732421875,126463800
2023-04-05,AAPL,161.4214630126953,162.69304993016723,159.48946069965245,162.38747921010668,51511700
2023-04-05,AMZN,101.0999984741211,103.91000366210938,100.75,103.91000366210938,45175400
2023-04-05,GOOGL,103.68656921386719,105.30434293895682,102.88264591587884,104.98674295697049,28290500
2023-04-05,MSFT,277.7620544433594,280.5070453166388,276.3749215198196,279.2371315346284,22064800
2023-04-05,NVDA,26.858678817749023,26.975580335763187,26.37308232607004,26.806721952265576,515015000
2023-04-05,TSLA,185.52000427246094,190.67999267578125,183.75999450683594,190.52000427246094,133882500
2023-04-06,AAPL,162.30862426757812,162.60434321282244,159.686606015777,160.1104583059446,45390100
2023-04-06,AMZN,102.05999755859375,102.37999725341797,99.80000305175781,100.75,43808000
2023-04-06,GOOGL,107.60694885253906,108.35132454892715,103.54762368954962,104.4706498559581,48711500
2023-04-06,MSFT,284.8541259765625,285.3230025679542,275.5055113851009,276.6582060877172,29770300
2023-04-06,NVDA,27.014549255371094,27.057512816555565,26.40505518671545,26.561924402993725,397654000
2023-04-06,TSLA,185.05999755859375,186.38999938964844,179.74000549316406,183.0800018310547,123857900
2023-04-10,AAPL,159.71617126464844,159.71617126464844,157.7940207437735,159.11488161033475,47716900
2023-04-10,AMZN,102.16999816894531,102.19999694824219,99.56999969482422,100.95999908447266,37261200
2023-04-10,GOOGL,105.64180755615234,106.78317763428655,104.33170655524751,106.17775899818363,27067400
2023-04-10,MSFT,282.69525146484375,282.9003849670169,278.123496163904,282.5193929371124,23103000
2023-04-10,NVDA,27.55609893798828,27.598063878336834,26.64685475224009,26.80072620018478,395279000
2023-04-10,TSLA,184.50999450683594,185.10000610351562,176.11000061035156,179.94000244140625,142154600
2023-04-11,AAPL,158.50375366210938,160.0414742096721,158.21788648492154,160.03162242596915,47644200
2023-04-11,AMZN,99.91999816894531,101.0,99.01000213623047,100.80000305175781,60417800
2023-04-11,GOOGL,104.55996704101562,105.9296231127123,103.89499326334945,105.75097264997711,26311800
2023-04-11,MSFT,276.2869567871094,279.364108081122,275.1245138457469,279.1394182021938,27276600
2023-04-11,NVDA,27.146440505981445,27.766925140537275,27.103475037618352,27.700979959709233,314378000
2023-04-11,TSLA,186.7899932861328,189.19000244140625,185.64999389648438,186.69000244140625,115770900
2023-04-12,AAPL,157.8137664794922,159.7457691153541,157.49832888292315,158.917767985699,50133100
2023-04-12,AMZN,97.83000183105469,100.51000213623047,97.70999908447266,100.4000015258789,56735000
2023-04-12,GOOGL,103.85529327392578,105.94947077272556,103.5575399759029,105.78074743753035,24370300
2023-04-12,MSFT,276.9317321777344,280.3703195694183,275.4371283935577,278.20167586183015,27403400
2023-04-12,NVDA,26.472999572753906,27.445191173354328,26.426037716955808,27.347272978771652,446259000
2023-04-12,TSLA,180.5399932861328,191.5800018310547,180.30999755859375,190.74000549316406,150256300
2023-04-13,AAPL,163.19577026367188,163.43234843413578,159.11489082873655,159.3218986080038,68445600
2023-04-13,AMZN,102.4000015258789,102.56999969482422,98.70999908447266,98.94999694824219,67925100
2023-04-13,GOOGL,106.62437438964844,106.68392202189075,105.04629398559699,105.04629398559699,24843600
2023-04-13,MSFT,283.13482666015625,283.1934362329106,276.61914739244156,277.02941440172174,24222700
2023-04-13,NVDA,26.441022872924805,26.86467054430278,26.307135282820585,26.71179772670093,353615000
2023-04-13,TSLA,185.89999389648438,186.5,180.94000244140625,182.9600067138672,112933000
2023-04-14,AAPL,162.8507537841797,163.9449032227771,161.48060404043056,162.23959735915352,49386500
2023-04-14,AMZN,102.51000213623047,103.19999694824219,101.11000061035156,102.06999969482422,51450500
2023-04-14,GOOGL,108.05358123779297,108.12305600146057,106.03879794707,106.08842602348172,26578000
2023-04-14,MSFT,279.5204162597656,281.8062788337825,277.1270829372931,280.36050660414264,20987900
2023-04-14,NVDA,26.73577880859375,26.860675005002047,26.198225472529604,26.481990027168322,395660000
2023-04-14,TSLA,185.0,186.27999877929688,182.00999450683594,183.9499969482422,96438700
2023-04-17,AAPL,162.8704833984375,163.02820218114718,161.6876226098968,162.73248322378927,41516200
2023-04-17,AMZN,102.73999786376953,103.7300033569336,101.58999633789062,103.16000366210938,39919500
2023-04-17,GOOGL,105.17533111572266,105.3639087269098,103.73620013699751,103.87515724199652,37571200
2023-04-17,MSFT,282.11883544921875,284.85407761818396,279.5399251996228,283.2226985900286,23836200
2023-04-17,NVDA,26.979578018188477,26.98357440686349,26.41105027878462,26.542940633883788,321471000
2023-04-17,TSLA,187.0399932861328,189.69000244140625,182.69000244140625,186.32000732421875,116662200
2023-04-18,AAPL,164.09274291992188,165.01932174992547,163.28444562876558,163.72803148121778,49923000
2023-04-18,AMZN,102.30000305175781,104.19999694824219,101.5199966430664,103.94999694824219,39790500
2023-04-18,GOOGL,103.71634674072266,105.74104953791142,103.28957103976354,105.69142146275153,26596400
2023-04-18,MSFT,281.6988220214844,285.0104118167831,280.3702986730481,284.82480490610715,20161800
2023-04-18,NVDA,27.644025802612305,28.086658738816173,27.334283752804854,27.510138201217032,604812000
2023-04-18,TSLA,184.30999755859375,187.69000244140625,183.5800018310547,187.14999389648438,92067000
2023-04-19,AAPL,165.23623657226562,165.7586669315568,163.1760704888179,163.43236729662357,47720200
2023-04-19,AMZN,104.30000305175781,105.12000274658203,101.38999938964844,101.58000183105469,58398900
2023-04-19,GOOGL,103.39875793457031,104.19276178994863,102.29708118201934,102.80325882912756,20905700
2023-04-19,MSFT,281.7770080566406,282.36310380411163,277.957458440505,279.3738962456723,17150300
2023-04-19,NVDA,27.907804489135742,27.976747432102734,27.2093855674829,27.33827814990457,358660000
2023-04-19,TSLA,180.58999633789062,183.5,177.64999389648438,179.10000610351562,125732700
2023-04-20,AAPL,164.2701873779297,165.47276665465435,163.1957564794937,163.71818673436218,52456400
2023-04-20,AMZN,103.80999755859375,105.25,103.20999908447266,103.52999877929688,57696900
2023-04-20,GOOGL,104.50042724609375,105.45322726139375,103.09107769672384,103.13077864388401,27820800
2023-04-20,MSFT,279.4910888671875,282.34355041766946,278.48491818075087,278.6509985011603,23244400
2023-04-20,NVDA,27.081491470336914,28.00672306467075,26.977577746060568,27.648020038897844,427713000
2023-04-20,TSLA,162.99000549316406,169.6999969482422,160.55999755859375,166.1699981689453,210970800
2023-04-21,AAPL,162.66348266601562,164.07305473489896,162.14105238473394,162.69305305620966,58337300
2023-04-21,AMZN,106.95999908447266,108.1500015258789,105.08000183105469,106.0999984741211,86774200
2023-04-21,GOOGL,104.6195297241211,105.20510165529122,103.99424927374733,104.67907735856379,25800100
2023-04-21,MSFT,279.14923095703125,279.64741233312054,276.5116808961058,278.41658147472793,21676400
2023-04-21,NVDA,27.096481323242188,27.160429263560324,26.699811611017537,26.929620174009735,345103000
2023-04-21,TSLA,165.0800018310547,166.0,161.32000732421875,164.8000030517578,123539000
2023-04-24,AAPL,162.96902465820312,163.23517316391397,161.5495860155954,162.64373538253156,41949600
2023-04-24,AMZN,106.20999908447266,109.2300033569336,105.06999969482422,107.66000366210938,69575600
2023-04-24,GOOGL,105.17533111572266,105.83037783155005,103.91485061807437,104.69892730879049,23542800
2023-04-24,MSFT,275.25152587890625,278.3579824584961,272.27209646250395,275.56413015799205,26611000
2023-04-24,NVDA,27.01954460144043,27.34327496276754,26.64885238383688,26.990569353375054,339282000
2023-04-24,TSLA,162.5500030517578,165.64999389648438,158.61000061035156,164.64999389648438,140006600
2023-04-25,AAPL,161.4313201904297,163.93504162144998,161.3918829793584,162.83104036567903,48714100
2023-04-25,AMZN,102.56999969482422,105.44999694824219,102.44999694824219,104.91000366210938,65026800
2023-04-25,GOOGL,103.07121276855469,105.88991914772265,103.06128563974681,105.03636780258014,46664100
2023-04-25,MSFT,269.0484619140625,275.0854869775857,268.99960072437375,273.0438405005658,45772200
2023-04-25,NVDA,26.219209671020508,27.22437484436602,26.20322411553106,27.055514550596037,378527000
2023-04-25,TSLA,160.6699981689453,163.47000122070312,158.75,159.82000732421875,121999300
2023-04-26,AAPL,161.4214630126953,162.91976126426218,160.47518046288778,160.73146218660858,45498800
2023-04-26,AMZN,104.9800033569336,106.62000274658203,104.0999984741211,105.04000091552734,73803800
2023-04-26,GOOGL,102.93226623535156,105.552467975158,101.86036345847234,104.13319140174777,53347600
2023-04-26,MSFT,288.536865234375,292.63971378431694,285.95795485763057,289.8361135268747,64599200
2023-04-26,NVDA,26.93361473083496,27.307304704799684,26.682823713649157,26.97957796491873,406337000
2023-04-26,TSLA,153.75,160.6699981689453,153.13999938964844,160.2899932861328,153364100
2023-04-27,AAPL,166.0050811767578,166.15293313578908,162.8310621018307,162.8310621018307,64902300
2023-04-27,AMZN,109.81999969482422,110.86000061035156,106.80000305175781,108.16000366210938,149961200
2023-04-27,GOOGL,106.7831802368164,107.55733738673939,102.76355568188747,103.6667276651916,50089200
2023-04-27,MSFT,297.7780456542969,298.1395111111619,288.4196826173737,289.12302732036886,46462600
2023-04-27,NVDA,27.203393936157227,27.47217159023553,26.60289311743897,27.340281221046943,377161000
2023-04-27,TSLA,160.19000244140625,160.47999572753906,152.3699951171875,152.63999938964844,127015200
2023-04-28,AAPL,167.2569122314453,167.42449781718415,165.48262879614657,166.08391841749662,55275900
2023-04-28,AMZN,105.44999694824219,109.4800033569336,104.33000183105469,107.7300033569336,130715900
2023-04-28,GOOGL,106.53504180908203,106.54496893818438,104.30191480844489,106.23729608563893,36139800
2023-04-28,MSFT,300.15179443359375,301.7831436206851,296.2931626094283,296.9769805922049,36469600
2023-04-28,NVDA,27.7259578704834,27.734949268700237,27.04851947681164,27.20239283065348,292216000
2023-04-28,TSLA,164.30999755859375,165.0,157.32000732421875,160.89999389648438,122515800
2023-05-01,AAPL,167.16819763183594,168.0159171618742,166.23176694003394,166.86262693627947,52472900
2023-05-01,AMZN,102.05000305175781,105.2300033569336,101.81999969482422,104.94999694824219,74728100
2023-05-01,GOOGL,106.39608764648438,107.18016422336929,106.01894005104553,106.03878673620314,26681700
2023-05-01,MSFT,298.49114990234375,301.460830664017,298.0906312953761,299.8685344351108,21294100
2023-05-01,NVDA,28.88599395751953,29.033871779873245,27.75693310998625,27.8168827543935,570329000
2023-05-01,TSLA,161.8300018310547,163.27999877929688,158.8300018310547,163.1699981689453,109015000
2023-05-02,AAPL,166.13319396972656,167.91735928630777,165.14747425578494,167.6610625345139,48425700
2023-05-02,AMZN,103.62999725341797,103.9000015258789,101.1500015258789,101.47000122070312,73469400
2023-05-02,GOOGL,104.53019714355469,106.39609615702363,102.93227004814128,106.3365485246071,30997200
2023-05-02,MSFT,298.3446350097656,302.0274089293755,296.87933607669675,300.6402759672235,26404400
2023-05-02,NVDA,28.186573028564453,28.812054544580096,28.05967958921287,28.656183952378868,402730000
2023-05-02,TSLA,160.30999755859375,165.49000549316406,158.92999267578125,161.8800048828125,128259700
2023-05-03,AAPL,165.0587921142578,168.47924132633688,164.7729399649435,167.07952089132834,65136000
2023-05-03,AMZN,103.6500015258789,105.95999908447266,103.27999877929688,103.73999786376953,65051900
2023-05-03,GOOGL,104.6195297241211,106.68392596400858,104.17289974925679,104.73862499300647,21795400
2023-05-03,MSFT,297.3579406738281,301.4705373047011,297.05511466369126,299.52658392125915,22360800
2023-05-03,NVDA,27.778915405273438,28.3434468063841,27.449189488099005,27.8168839597217,383387000
2023-05-03,TSLA,160.61000061035156,165.0,159.91000366210938,160.00999450683594,119728000
2023-05-04,AAPL,163.4224853515625,164.6546351492701,161.9636242025262,162.53534351356944,81235400
2023-05-04,AMZN,104.0,105.38999938964844,103.30999755859375,104.04000091552734,45345500
2023-05-04,GOOGL,103.90492248535156,104.8080943741299,103.19032062001693,104.69891866847149,23419500
2023-05-04,MSFT,298.3446350097656,300.6402759672235,296.38112489974674,299.15542063563385,22519900
2023-05-04,NVDA,27.53911590576172,27.8358682890502,27.21738275503477,27.628040805780497,321850000
2023-05-04,TSLA,161.1999969482422,162.9499969482422,159.64999389648438,162.7100067138672,95108500
2023-05-05,AAPL,171.0913848876953,171.8109560965244,168.32149974515366,168.5383592942621,113453200
2023-05-05,AMZN,105.66000366210938,105.76000213623047,103.55000305175781,104.2699966430664,56951700
2023-05-05,GOOGL,104.77832794189453,105.08600082196858,103.32927742271336,104.03395220841355,26639300
2023-05-05,MSFT,303.46331787109375,304.75278772492237,297.23091005583007,298.6473772180535,28197100
2023-05-05,NVDA,28.65618324279785,28.731119816226787,27.707971926376775,27.802892348359304,361494000
2023-05-05,TSLA,170.05999755859375,170.7899932861328,163.50999450683594,163.97000122070312,107607300
2023-05-08,AAPL,171.0223846435547,171.36739258858663,169.65223472844943,170.0169462399646,55962800
2023-05-08,AMZN,105.83000183105469,106.0999984741211,104.69999694824219,105.04000091552734,49430900
2023-05-08,GOOGL,106.9618148803711,107.15039246780319,104.37139458934332,104.39124127488218,26511400
2023-05-08,MSFT,301.5096435546875,303.02380353381574,299.00886932285215,302.95541576842186,21318600
2023-05-08,NVDA,29.126792907714844,29.19573585601291,28.326459346526057,28.498315501122327,344979000
2023-05-08,TSLA,171.7899932861328,173.8000030517578,169.19000244140625,173.72000122070312,112249400
2023-05-09,AAPL,169.31707763671875,171.06179068201072,169.14950709207488,170.57879765359286,45326900
2023-05-09,AMZN,106.62000274658203,106.79000091552734,105.16000366210938,105.4800033569336,44089400
2023-05-09,GOOGL,106.54498291015625,109.3239887931404,106.38618668459873,107.5771848789166,36360100
2023-05-09,MSFT,299.89788818359375,302.8675694301154,299.22384819981767,300.8747542688823,21340800
2023-05-09,NVDA,28.54727554321289,28.94894217400301,28.426377630267304,28.875004213655114,314869000
2023-05-09,TSLA,169.14999389648438,169.82000732421875,166.55999755859375,168.9499969482422,88965000
2023-05-10,AAPL,171.08152770996094,171.54481722364216,169.4452292165715,170.54924563088602,53724500
2023-05-10,AMZN,110.19000244140625,110.66999816894531,108.05000305175781,108.0999984741211,78627600
2023-05-10,GOOGL,110.91197967529297,112.09305821305404,107.12062640001808,107.1603273461475,63153400
2023-05-10,MSFT,305.0849304199219,305.7589701511876,300.55228898423684,301.4802935306575,30078000
2023-05-10,NVDA,28.86101531982422,29.08882663839483,28.437367605326653,28.98091460956097,369350000
2023-05-10,TSLA,168.5399932861328,174.42999267578125,166.67999267578125,172.5500030517578,119840700
2023-05-11,AAPL,171.268798828125,172.09679977091955,169.71135988855104,171.3673768150292,49514700
2023-05-11,AMZN,112.18000030517578,113.27999877929688,110.48999786376953,111.02999877929688,74924800
2023-05-11,GOOGL,115.69583129882812,117.03570601894897,113.55203326107099,114.53460704620213,78900000
2023-05-11,MSFT,302.9358215332031,303.92246547425293,299.1749122684255,302.9260731476362,31680200
2023-05-11,NVDA,28.55426788330078,28.92596062028458,28.22254475076314,28.872004608217654,322149000
2023-05-11,TSLA,172.0800018310547,173.57000732421875,166.7899932861328,168.6999969482422,103889900
2023-05-12,AAPL,170.34097290039062,171.81171738299747,168.79124488441096,171.3773983196224,45533100
2023-05-12,AMZN,110.26000213623047,112.63999938964844,109.31999969482422,112.16000366210938,49852700
2023-05-12,GOOGL,116.62879943847656,117.1448966479938,115.23929646675506,115.805021757191,41102300
2023-05-12,MSFT,301.822265625,303.4633932219653,299.50709815578426,303.36570066728314,19774700
2023-05-12,NVDA,28.316463470458984,28.75609857922899,28.02270701560493,28.505305680587945,274222000
2023-05-12,TSLA,167.97999572753906,177.3800048828125,167.22999572753906,176.07000732421875,157849600
2023-05-15,AAPL,169.84742736816406,170.97270170588305,169.25517137496644,170.92334452950067,37266700
2023-05-15,AMZN,111.19999694824219,112.29000091552734,109.25,111.1500015258789,53011100
2023-05-15,GOOGL,115.63628387451172,117.59151189110723,115.14003341637807,115.2392819935686,36266800
2023-05-15,MSFT,302.3009033203125,302.73072668738115,300.47416891606105,301.94924591720934,16336500
2023-05-15,NVDA,28.928955078125,28.94494253797439,28.12862158025983,28.484324933585533,293926000
2023-05-15,TSLA,166.35000610351562,169.75999450683594,164.5500030517578,167.66000366210938,105592500
2023-05-16,AAPL,169.84742736816406,170.9035986466086,169.58091066505557,169.76845889829133,42110300
2023-05-16,AMZN,113.4000015258789,114.79000091552734,111.05000305175781,111.05000305175781,71472900
2023-05-16,GOOGL,118.6137924194336,119.84449149553303,115.55688763062979,115.6164352654177,45035600
2023-05-16,MSFT,304.5281677246094,306.452594750173,302.66235026842685,302.66235026842685,26730300
2023-05-16,NVDA,29.18874168395996,29.845197623603145,28.808059443130762,28.817050841568992,449405000
2023-05-16,TSLA,166.52000427246094,169.52000427246094,164.35000610351562,165.64999389648438,98288800
2023-05-17,AAPL,170.4593963623047,170.69628668546216,168.21871333171157,169.492059065459,57951600
2023-05-17,AMZN,115.5,115.83000183105469,114.22000122070312,114.88999938964844,65655200
2023-05-17,GOOGL,119.9338150024414,120.7575926346341,117.99844111686251,118.71304303528596,33323600
2023-05-17,MSFT,307.4064636230469,307.8274270875237,304.2149092490743,305.7323794637119,24315000
2023-05-17,NVDA,30.15294075012207,30.173923220986072,29.405562670982768,29.55943412398546,432535000
2023-05-17,TSLA,173.86000061035156,174.5,167.19000244140625,168.41000366210938,125473600
2023-05-18,AAPL,172.78892517089844,172.97647339745131,170.35082834910114,170.76540150488879,65496700
2023-05-18,AMZN,118.1500015258789,118.5999984741211,116.33999633789062,116.69000244140625,73174100
2023-05-18,GOOGL,121.90889739990234,122.38529363069811,119.92389543649637,120.04299070810453,35234200
2023-05-18,MSFT,311.83154296875,312.3406428632518,307.1323477805687,307.92533659511486,27276000
2023-05-18,NVDA,31.651691436767578,31.801566483071674,30.294819431722896,30.384744840658275,748725000
2023-05-18,TSLA,176.88999938964844,177.05999755859375,172.4499969482422,174.22000122070312,109520300
2023-05-19,AAPL,172.89749145507812,174.11159953538055,172.68033195301507,174.11159953538055,55809500
2023-05-19,AMZN,116.25,118.30999755859375,115.69999694824219,118.16000366210938,55056300
2023-05-19,GOOGL,121.83942413330078,125.02535141510835,121.23399792123767,122.62350082715598,41353400
2023-05-19,MSFT,311.65533447265625,312.0567286735725,309.7267003191957,310.0889260945517,27546700
2023-05-19,NVDA,31.238037109375,31.553774675559076,30.89032652886848,31.509810589762786,473908000
2023-05-19,TSLA,180.13999938964844,181.9499969482422,176.30999755859375,177.1699981689453,136196700
2023-05-22,AAPL,171.94989013671875,172.45331220735133,171.2095777379714,171.73273062815065,43570900
2023-05-22,AMZN,115.01000213623047,116.7699966430664,114.25,116.7699966430664,70741100
2023-05-22,GOOGL,124.11225128173828,125.48189991592048,121.81956885585257,122.01807359628725,35253000
2023-05-22,MSFT,314.4356384277344,315.8160338813464,311.33222095812204,311.90982815472574,24115700
2023-05-22,NVDA,31.150114059448242,31.493828286869693,30.654525616110014,30.875340877060037,372000000
2023-05-22,TSLA,188.8699951171875,189.32000732421875,180.11000061035156,180.6999969482422,132001400
2023-05-23,AAPL,169.34397888183594,171.1404774028389,169.0675968111729,170.89370662105455,50747300
2023-05-23,AMZN,114.98999786376953,117.13999938964844,113.77999877929688,114.2699966430664,67576300
2023-05-23,GOOGL,121.64091491699219,123.6953915959423,121.29354109633519,123.22892250659226,34046300
2023-05-23,MSFT,308.6400146484375,315.94335728832465,308.6302150731237,313.30984092975706,30797200
2023-05-23,NVDA,30.662519454956055,31.26202165563563,30.605567574899254,30.97426067554003,356253000
2023-05-23,TSLA,185.77000427246094,192.9600067138672,185.25999450683594,186.1999969482422,156952100
2023-05-24,AAPL,169.620361328125,170.19287135053577,168.3174194294986,168.88004898113246,45143500
2023-05-24,AMZN,116.75,117.33999633789062,115.0199966430664,115.3499984741211,63487900
2023-05-24,GOOGL,119.99336242675781,120.99579047353133,118.96116056401159,120.21171384013235,34182600
2023-05-24,MSFT,307.2595520019531,309.85389937046375,306.0455701210907,308.12107789264667,23384900
2023-05-24,NVDA,30.51263999938965,30.58158294267241,29.781247533939762,30.184911363622657,721419000
2023-05-24,TSLA,182.89999389648438,184.22000122070312,178.22000122070312,182.22999572753906,137605100
2023-05-25,AAPL,170.75550842285156,171.65374258398057,169.47229739906246,170.18299842572435,56058300
2023-05-25,AMZN,115.0,116.87000274658203,114.30999755859375,116.62999725341797,66496700
2023-05-25,GOOGL,122.55401611328125,124.38021415921419,121.04541048455478,123.58621039965489,42317000
2023-05-25,MSFT,319.07611083984375,320.03551297467794,313.28041010709336,316.4523646988683,43301700
2023-05-25,NVDA,37.948455810546875,39.447210007542544,36.60457166088481,38.491004098045735,1543911000
2023-05-25,TSLA,184.47000122070312,186.77999877929688,180.5800018310547,186.5399932861328,96870700
2023-05-26,AAPL,173.1640167236328,173.49963649375093,170.873991291327,171.08128541223243,54835000
2023-05-26,AMZN,120.11000061035156,121.5,116.0199966430664,116.04000091552734,96779900
2023-05-26,GOOGL,123.67554473876953,124.32067187463625,121.53173903906134,122.24634093896407,35635900
2023-05-26,MSFT,325.8997802734375,326.39905065575283,317.0789683726066,317.2160130284429,36630600
2023-05-26,NVDA,38.91366195678711,39.13747499196258,37.51882115873588,37.85853900635431,714397000
2023-05-26,TSLA,193.1699981689453,198.60000610351562,184.52999877929688,184.6199951171875,162061500
2023-05-30,AAPL,175.00987243652344,176.6780456265802,174.28930584342234,174.6742677286896,55964400
2023-05-30,AMZN,121.66000366210938,122.91999816894531,119.86000061035156,122.37000274658203,64314800
2023-05-30,GOOGL,122.74259185791016,124.71767421950892,121.08511707268141,124.6978199598951,35076700
2023-05-30,MSFT,324.2550354003906,328.6899104115325,323.57952206493354,328.1906400290104,29503100
2023-05-30,NVDA,40.07769775390625,41.90318054493991,39.91583350519123,40.56129706980953,923401000
2023-05-30,TSLA,201.16000366210938,204.47999572753906,197.52999877929688,200.10000610351562,128818700
2023-05-31,AAPL,174.9604949951172,177.03337571367211,174.4768188110026,175.03946345752533,99625300
2023-05-31,AMZN,120.58000183105469,122.04000091552734,119.16999816894531,121.44999694824219,72800800
2023-05-31,GOOGL,121.94859313964844,123.12966410835033,121.58136506611656,121.82949030094537,37325800
2023-05-31,MSFT,321.4942626953125,328.88571082280095,320.4564937937518,325.31236192591416,45950600
2023-05-31,NVDA,37.80257797241211,40.26153261415584,37.79058690184261,39.455203631645354,1002580000
2023-05-31,TSLA,203.92999267578125,203.9499969482422,195.1199951171875,199.77999877929688,150711700
2023-06-01,AAPL,177.76380920410156,177.79342049505456,174.64462268903534,175.40468096744894,68901800
2023-06-01,AMZN,122.7699966430664,123.48999786376953,119.93000030517578,120.69000244140625,54375100
2023-06-01,GOOGL,122.7922134399414,123.48696104605021,121.70046395655,121.8989611091008,30772700
2023-06-01,MSFT,325.5962219238281,326.52628506015486,317.90128645515614,319.0858695997825,26773900
2023-06-01,NVDA,39.73698043823242,40.01674674166672,38.30816742592722,38.45704197696047,635873000
2023-06-01,TSLA,207.52000427246094,209.8000030517578,199.3699951171875,202.58999633789062,148029900
2023-06-02,AAPL,178.61273193359375,179.43201293417297,176.94455863641292,178.6917004102191,61996900
2023-06-02,AMZN,124.25,126.38999938964844,124.0199966430664,124.91999816894531,61264400
2023-06-02,GOOGL,123.73509216308594,125.20399690730267,122.8319202321501,123.060191211232,26980100
2023-06-02,MSFT,328.35711669921875,330.41302594713,325.5669562825361,327.23127088245394,25873800
2023-06-02,NVDA,39.29433822631836,40.46636437435307,39.02556062706971,40.06369919155993,482731000
2023-06-02,TSLA,213.97000122070312,217.25,209.75,210.14999389648438,164398400
2023-06-05,AAPL,177.2603759765625,182.561007136821,175.74025964458482,180.27098229225282,121946500
2023-06-05,AMZN,125.30000305175781,125.80000305175781,123.02999877929688,123.36000061035156,47950100
2023-06-05,GOOGL,125.06504821777344,126.4743977650919,122.91131537751194,123.08004629574243,32305500
2023-06-05,MSFT,328.8857421875,331.45072114916485,327.6326215544442,328.18085996410906,21307100
2023-06-05,NVDA,39.13848114013672,39.53215123073155,38.67486565787904,38.87669761933743,396094000
2023-06-05,TSLA,217.61000061035156,221.2899932861328,214.52000427246094,217.8000030517578,151143100
2023-06-06,AAPL,176.89517211914062,177.79340630920336,175.13815031318512,177.64534986625156,64848400
2023-06-06,AMZN,126.61000061035156,127.4000015258789,125.0,125.06999969482422,45695200
2023-06-06,GOOGL,126.35528564453125,127.32793227447583,124.41991194155317,125.06503903327281,26638300
2023-06-06,MSFT,326.6731872558594,328.32770204884184,325.19491542513276,328.2885336264792,20396200
2023-06-06,NVDA,38.62189483642578,39.12747509108675,38.11631458176481,38.79775115810807,388729000
2023-06-06,TSLA,221.30999755859375,221.91000366210938,212.52999877929688,216.13999938964844,146911600
2023-06-07,AAPL,175.5231475830078,178.86935913776645,175.02960596689772,176.135134367242,61944600
2023-06-07,AMZN,121.2300033569336,127.37000274658203,120.62999725341797,127.01000213623047,95663300
2023-06-07,GOOGL,121.58136749267578,128.07231710182637,121.20421985419401,126.01784799150856,52539000
2023-06-07,MSFT,316.58941650390625,327.4661056210727,315.72789065764636,324.6857457660722,40717100
2023-06-07,NVDA,37.447750091552734,39.47028049803264,37.32883713586247,38.886705495226614,511998000
2023-06-07,TSLA,224.57000732421875,230.8300018310547,223.1999969482422,228.0,185710800
2023-06-08,AAPL,178.2376251220703,178.50412674833163,175.1677956906412,175.60209965770608,50214900
2023-06-08,AMZN,124.25,125.62999725341797,122.26000213623047,123.01000213623047,62159300
2023-06-08,GOOGL,121.22406768798828,122.30589768119812,120.33081530189335,121.31339671268852,29389200
2023-06-08,MSFT,318.42999267578125,319.7810193360927,316.5600964884988,317.1377037070702,23277700
2023-06-08,NVDA,38.48200607299805,38.83574884803621,37.47773933461828,37.69657810413266,417772000
2023-06-08,TSLA,234.86000061035156,235.22999572753906,223.00999450683594,224.22000122070312,164489700
2023-06-09,AAPL,178.62257385253906,179.8761586114367,178.29683460490384,179.15559212759166,48900000
2023-06-09,AMZN,123.43000030517578,125.80000305175781,123.19000244140625,124.08000183105469,51396000
2023-06-09,GOOGL,121.31339263916016,122.83191785844093,120.99579264278889,121.33323932610408,23778300
2023-06-09,MSFT,319.9278259277344,323.06061199262587,317.59779817919343,318.16560575678255,22529000
2023-06-09,NVDA,38.74181365966797,39.68212760699857,38.53896213031096,39.00861783598584,427717000
2023-06-09,TSLA,244.39999389648438,252.4199981689453,242.02000427246094,249.07000732421875,200242400
2023-06-12,AAPL,181.416015625,181.51472997018058,178.63244881890137,178.92857679274874,54274900
2023-06-12,AMZN,126.56999969482422,126.77999877929688,123.52999877929688,124.0199966430664,51338000
2023-06-12,GOOGL,122.71280670166016,123.11973569214682,120.74765922363488,121.86918247837939,28306400
2023-06-12,MSFT,324.8815612792969,325.1263115846336,318.33204071834683,321.68020816437513,24260300
2023-06-12,NVDA,39.45329284667969,39.50125828347373,38.58992260823452,39.17150019392895,388701000
2023-06-12,TSLA,249.8300018310547,250.97000122070312,244.58999633789062,247.94000244140625,150337900
2023-06-13,AAPL,180.94224548339844,181.77139187803073,180.08348779336475,180.43883839987808,54929100
2023-06-13,AMZN,126.66000366210938,128.41000366210938,125.18000030517578,128.1199951171875,50564800
2023-06-13,GOOGL,122.90139770507812,124.2214258208004,122.25627055608605,124.04277534219001,22278300
2023-06-13,MSFT,327.2703552246094,329.90387113011326,323.4522561033348,327.44656828941845,22951300
2023-06-13,NVDA,40.9921760559082,41.07112100095235,39.711110397236205,40.15678529799824,613208000
2023-06-13,TSLA,258.7099914550781,259.67999267578125,251.33999633789062,253.50999450683594,162384300
2023-06-14,AAPL,181.57395935058594,182.00827838693002,179.66889592317074,181.00144926283193,57462900
2023-06-14,AMZN,126.41999816894531,126.94999694824219,124.12000274658203,126.69999694824219,52422500
2023-06-14,GOOGL,122.74259185791016,123.11974706875885,120.53923851602217,122.17686661381849,30592300
2023-06-14,MSFT,330.25634765625,331.9206620825264,325.82147225464075,327.3193432875882,26003800
2023-06-14,NVDA,42.96574401855469,42.96874019088657,40.52251795887016,40.79432339392405,740465000
2023-06-14,TSLA,256.7900085449219,261.57000732421875,250.5,260.1700134277344,170575500
2023-06-15,AAPL,183.60736083984375,184.1107829667957,181.40616927858855,181.58385210624687,65433200
2023-06-15,AMZN,127.11000061035156,127.69000244140625,124.31999969482422,125.20999908447266,60458500
2023-06-15,GOOGL,124.15194702148438,124.51917511914434,121.48212446839356,122.21657309153177,35246300
2023-06-15,MSFT,340.7903747558594,342.49382753852854,330.11926605235976,330.3933852343611,38899100
2023-06-15,NVDA,42.62199783325195,43.25753714671118,42.11636509751025,42.57103621355931,568622000
2023-06-15,TSLA,255.89999389648438,258.95001220703125,247.2899932861328,248.39999389648438,160171200
2023-06-16,AAPL,182.53143310546875,184.57470266619666,181.88983501651188,184.31805138125782,101256200
2023-06-16,AMZN,125.48999786376953,127.9000015258789,125.30000305175781,127.70999908447266,84247100
2023-06-16,GOOGL,122.60364532470703,125.16429968039003,122.35552007874196,124.98564920040793,45535600
2023-06-16,MSFT,335.1415100097656,344.08959644957883,334.76951460321436,343.9427522263679,46552000
2023-06-16,NVDA,42.66096115112305,43.689212322344694,42.6299816471878,43.41840945055139,655709000
2023-06-16,TSLA,260.5400085449219,263.6000061035156,257.2099914550781,258.9200134277344,167915600
2023-06-20,AAPL,182.62026977539062,183.69620198313194,182.02802885230534,182.02802885230534,49799100
2023-06-20,AMZN,125.77999877929688,127.25,124.5,124.97000122070312,56930100
2023-06-20,GOOGL,122.17686462402344,123.63584222244113,121.22406462697502,122.00814128096077,26097500
2023-06-20,MSFT,330.9513854980469,334.89675963715365,328.8073702091856,332.1849367263642,26375400
2023-06-20,NVDA,43.77615737915039,43.95802811384507,42.642982740735306,42.966748556821585,451153000
2023-06-20,TSLA,274.45001220703125,274.75,261.1199951171875,261.5,165611200
2023-06-21,AAPL,181.58383178710938,183.015099412311,180.23151756348105,182.51167734169172,49515700
2023-06-21,AMZN,124.83000183105469,126.7300033569336,123.8499984741211,125.63999938964844,52137700
2023-06-21,GOOGL,119.64598846435547,121.74016600309444,119.19935850880321,121.48211364469854,30306300
2023-06-21,MSFT,326.55572509765625,330.638174337756,325.09702248062774,329.30671681424553,25117800
2023-06-21,NVDA,43.01370620727539,43.583295347445485,42.04941138244555,43.469375994641815,551603000
2023-06-21,TSLA,259.4599914550781,276.989990234375,257.7799987792969,275.1300048828125,211797100
2023-06-22,AAPL,184.5845184326172,184.63387559426894,181.2975302809329,181.36663331958354,51245300
2023-06-22,AMZN,130.14999389648438,130.3300018310547,125.13999938964844,125.30999755859375,90354600
2023-06-22,GOOGL,122.22649383544922,122.31581528654226,117.93889002281252,119.10011432011007,26952200
2023-06-22,MSFT,332.5765686035156,332.9779627764546,326.34033425250004,327.1039541755478,23556800
2023-06-22,NVDA,42.99372100830078,43.39442663272672,42.20329572401854,42.22227910485018,417737000
2023-06-22,TSLA,264.6099853515625,265.0,248.25,250.77000427246094,166875900
2023-06-23,AAPL,184.2686767578125,185.13731475683954,182.6202496908907,183.15328303090953,53117000
2023-06-23,AMZN,129.3300018310547,130.83999633789062,128.27999877929688,129.11000061035156,71927800
2023-06-23,GOOGL,121.42256164550781,121.86919161284854,120.15216165092147,120.46976164956806,34913600
2023-06-23,MSFT,327.98504638671875,330.8633129640672,326.4480368570244,327.3389018615229,23146900
2023-06-23,NVDA,42.178314208984375,42.77787649157712,41.98445500064074,42.4331298944521,358140000
2023-06-23,TSLA,256.6000061035156,262.45001220703125,252.8000030517578,259.2900085449219,177460800
2023-06-26,AAPL,182.8769073486328,185.6209974197008,182.83741558637178,184.4167547195407,48088700
2023-06-26,AMZN,127.33000183105469,131.49000549316406,127.0999984741211,129.3300018310547,59989300
2023-06-26,GOOGL,117.45256042480469,121.08511758706368,117.38308566022395,119.85441851212727,33969900
2023-06-26,MSFT,321.6998596191406,329.0521396707675,321.59215393137123,326.7123419071995,21520600
2023-06-26,NVDA,40.60245895385742,42.73290887794561,40.070844243899195,42.43012776772855,594322000
2023-06-26,TSLA,241.0500030517578,258.3699951171875,240.6999969482422,250.07000732421875,179990600
2023-06-27,AAPL,185.63084411621094,185.9565833444032,183.27171612569057,183.48887561115208,50730800
2023-06-27,AMZN,129.17999267578125,130.08999633789062,127.55000305175781,128.6300048828125,46801000
2023-06-27,GOOGL,117.44263458251953,118.18701026555762,115.22935421985997,116.20200844412273,39535900
2023-06-27,MSFT,327.5445251464844,329.0913343051698,322.38516833897705,324.89140968264053,24354100
2023-06-27,NVDA,41.845550537109375,41.90950317799757,40.418591274861775,40.76933398174648,462175000
2023-06-27,TSLA,250.2100067138672,250.38999938964844,240.85000610351562,243.24000549316406,164968200
2023-06-28,AAPL,186.8054962158203,187.44709427325768,185.17681495512898,185.50253915791174,51216800
2023-06-28,AMZN,129.0399932861328,131.47999572753906,128.44000244140625,128.94000244140625,52149500
2023-06-28,GOOGL,119.27876281738281,119.48718710532653,115.97373288245846,116.21193098693968,27091400
2023-06-28,MSFT,328.797607421875,330.8828850652817,326.80043631423547,327.63259343214776,20259500
2023-06-28,NVDA,41.08711624145508,41.8145877625639,40.48855257782623,40.63044766274905,582639000
2023-06-28,TSLA,256.239990234375,259.8800048828125,248.88999938964844,249.6999969482422,159770800
2023-06-29,AAPL,187.14109802246094,187.61490879718235,186.49949997485513,186.63769101872532,46347300
2023-06-29,AMZN,127.9000015258789,129.25999450683594,127.26000213623047,128.77000427246094,40761000
2023-06-29,GOOGL,118.20686340332031,119.15966342094775,117.41286717472148,118.34581293262964,24090900
2023-06-29,MSFT,328.014404296875,329.05214338180554,325.6354380857654,327.6815474089493,16997000
2023-06-29,NVDA,40.792320251464844,41.56975450915622,40.57048152757147,41.527785226902004,380514000
2023-06-29,TSLA,257.5,260.739990234375,253.61000061035156,258.0299987792969,131283400
2023-06-30,AAPL,191.46453857421875,191.96794560784363,188.78953634841974,189.1547673916645,85213200
2023-06-30,AMZN,130.36000061035156,131.25,128.9499969482422,129.47000122070312,54350700
2023-06-30,GOOGL,118.80236053466797,120.17201669011786,118.79244097715116,119.26883719212228,29532200
2023-06-30,MSFT,333.38916015625,335.53317570907825,330.1192989180002,330.6577377615813,26832800
2023-06-30,NVDA,42.271244049072266,42.51906484775984,41.470827697536826,41.649698416136715,501148000
2023-06-30,TSLA,261.7699890136719,264.45001220703125,259.8900146484375,260.6000061035156,112620800
2023-07-03,AAPL,189.97406005859375,191.37571654835668,189.28308969373236,191.27700219289193,31458200
2023-07-03,AMZN,130.22000122070312,131.85000610351562,130.07000732421875,130.82000732421875,28264800
2023-07-03,GOOGL,119.00086212158203,119.28868829776731,117.928959307964,118.34580787808842,14467900
2023-07-03,MSFT,330.89263916015625,333.74153652262953,329.5024740479347,332.0674526684901,12508700
2023-07-03,NVDA,42.382164001464844,42.8668120169638,42.171318861986485,42.48608848507777,198209000
2023-07-03,TSLA,279.82000732421875,284.25,275.1099853515625,276.489990234375,119685900
2023-07-05,AAPL,188.85862731933594,190.48730854754436,188.15779163185775,189.09553270560195,46920300
2023-07-05,AMZN,130.3800048828125,131.39999389648438,129.63999938964844,130.24000549316406,35895400
2023-07-05,GOOGL,120.83698272705078,121.69053409377197,118.33588382905948,118.3458033859375,27584800
2023-07-05,MSFT,331.04931640625,334.4758212956056,327.701148359632,328.05357452169636,18172400
2023-07-05,NVDA,42.28623962402344,43.14561125771648,42.05440601633571,42.10436890718979,323618000
2023-07-05,TSLA,282.4800109863281,283.8500061035156,277.6000061035156,278.82000732421875,131530900
2023-07-06,AAPL,189.33242797851562,189.53972207962792,186.756140199604,187.3878728511301,45094300
2023-07-06,AMZN,128.36000061035156,128.72999572753906,127.37000274658203,128.25,40639900
2023-07-06,GOOGL,119.20928192138672,119.39785951266347,117.51210631643842,118.90160907008745,24745200
2023-07-06,MSFT,334.1037902832031,335.78767385230776,328.45496307477555,330.21715360852994,28161200
2023-07-06,NVDA,42.07239532470703,42.14834029261051,41.31594563009927,41.81358472410437,303582000
2023-07-06,TSLA,276.5400085449219,279.9700012207031,272.8800048828125,278.0899963378906,120332100
2023-07-07,AAPL,188.21701049804688,190.1813114167851,187.7827065576724,188.9375920522482,46815000
2023-07-07,AMZN,129.77999877929688,130.97000122070312,128.1300048828125,128.58999633789062,41992300
2023-07-07,GOOGL,118.58401489257812,120.14224105563065,118.50461300055707,119.1993606252883,21709500
2023-07-07,MSFT,330.1387939453125,334.61283670931624,329.9234124809672,332.19470249101795,21214800
2023-07-07,NVDA,42.47209930419922,43.18258476591584,42.14933607210184,42.29123113247118,355881000
2023-07-07,TSLA,274.42999267578125,280.7799987792969,273.7699890136719,278.42999267578125,113879200
2023-07-10,AAPL,186.17376708984375,187.5359467558433,184.62403920180722,186.8153651594175,59922200
2023-07-10,AMZN,127.12999725341797,129.27999877929688,125.91999816894531,129.07000732421875,61889300
2023-07-10,GOOGL,115.57672882080078,117.42278113323385,115.26905595945563,117.41286157602863,35315200
2023-07-10,MSFT,324.86199951171875,328.1906279486803,320.7110434161663,327.5738523279874,32791400
2023-07-10,NVDA,42.14933395385742,42.77987571297271,41.618717966437515,42.625988347315335,353908000
2023-07-10,TSLA,269.6099853515625,277.5199890136719,265.1000061035156,276.4700012207031,119425400
2023-07-11,AAPL,185.65061950683594,186.85486227702734,184.18974051380027,186.71667122446578,46638100
2023-07-11,AMZN,128.77999877929688,129.77000427246094,127.3499984741211,127.75,49951500
2023-07-11,GOOGL,116.26155090332031,116.82727609437353,114.4849734435123,115.41792668117859,23078800
2023-07-11,MSFT,325.4885559082031,325.8703508704989,320.13341772549273,324.1081605217917,26698200
2023-07-11,NVDA,42.374168395996094,42.72691238917329,42.0364166991454,42.45011335397041,298244000
2023-07-11,TSLA,269.7900085449219,270.8999938964844,266.3699951171875,268.6499938964844,91972400
2023-07-12,AAPL,187.3187713623047,189.22383458950753,186.0355602702456,187.22992243297554,60750200
2023-07-12,AMZN,130.8000030517578,131.25999450683594,128.8300018310547,130.30999755859375,54022800
2023-07-12,GOOGL,118.03813171386719,119.4276344809341,117.52203458036395,117.90910932353661,30404400
2023-07-12,MSFT,330.1193542480469,334.4758934786444,328.6214829825154,329.5319473077534,29995300
2023-07-12,NVDA,43.870086669921875,43.903063626531846,42.745904468123335,43.00171889202097,481277000
2023-07-12,TSLA,271.989990234375,276.5199890136719,271.4599914550781,276.3299865722656,95672100
2023-07-13,AAPL,188.07884216308594,188.72045533421505,187.32866429002723,188.03936545890204,41342300
2023-07-13,AMZN,134.3000030517578,134.6699981689453,132.7100067138672,134.0399932861328,61170900
2023-07-13,GOOGL,123.60607147216797,123.89389766157021,119.54673857522506,120.02314237165878,44297900
2023-07-13,MSFT,335.4645690917969,336.5218772871451,331.9009902308977,332.4296592669453,20567200
2023-07-13,NVDA,45.94357681274414,46.12144500110187,44.459655768689124,44.485637843052004,478204000
2023-07-13,TSLA,277.8999938964844,279.45001220703125,270.6000061035156,274.5899963378906,112681500
2023-07-14,AAPL,188.2268829345703,188.71054402484233,187.1805772351739,187.7728180713282,41616200
2023-07-14,AMZN,134.67999267578125,136.64999389648438,134.05999755859375,134.05999755859375,54487100
2023-07-14,GOOGL,124.47945404052734,125.82925579417832,122.56392710866825,123.8641083634262,33283100
2023-07-14,MSFT,337.9904479980469,344.0504693091922,337.07998382815504,340.29110736020874,28352700
2023-07-14,NVDA,45.43593978881836,48.05303491082442,45.0272367895013,46.549128177642544,772075000
2023-07-14,TSLA,281.3800048828125,285.29998779296875,276.30999755859375,277.010009765625,120062400
2023-07-17,AAPL,191.48426818847656,191.81000743962883,189.33241906132668,189.421252931179,50520200
2023-07-17,AMZN,133.55999755859375,135.6199951171875,133.2100067138672,134.55999755859375,48450200
2023-07-17,GOOGL,123.71524810791016,126.14687246896142,123.26861812563564,124.99557527494002,25716200
2023-07-17,MSFT,338.47021484375,339.70373647401993,335.01434058563115,338.4212468404557,20363900
2023-07-17,NVDA,46.42721939086914,46.46219379188679,45.22909361606182,46.25534736982459,510488000
2023-07-17,TSLA,290.3800048828125,292.2300109863281,283.57000732421875,286.6300048828125,131569600
2023-07-18,AAPL,191.2276153564453,191.81987127398517,189.93453883356673,190.85253399958415,48288200
2023-07-18,AMZN,132.8300018310547,133.86000061035156,131.35000610351562,132.7100067138672,54882900
2023-07-18,GOOGL,122.83190155029297,123.74500047210738,122.03789787869249,123.66559859051128,26193600
2023-07-18,MSFT,351.9411926269531,359.0781209733801,334.98491162000175,338.56803033946636,64738600
2023-07-18,NVDA,47.45946502685547,47.86117314632472,45.70074645818257,46.66704237521412,569164000
2023-07-18,TSLA,293.3399963378906,295.260009765625,286.010009765625,290.1499938964844,112120300
2023-07-19,AAPL,192.57994079589844,195.66950100927124,190.16157487576123,190.6057743707706,80507300
2023-07-19,AMZN,135.36000061035156,135.99000549316406,132.52999877929688,133.38999938964844,54531000
2023-07-19,GOOGL,121.11488342285156,124.24126276731612,120.88661245663589,123.6656104289081,37224000
2023-07-19,MSFT,347.6238098144531,354.84884504828324,345.03926161088305,354.15376240808007,39732900
2023-07-19,NVDA,47.04276657104492,47.78322886465052,46.70801108864936,47.42948619218216,427502000
2023-07-19,TSLA,291.260009765625,299.2900085449219,289.5199890136719,296.0400085449219,142355400
2023-07-20,AAPL,190.6353759765625,193.93223012421538,190.01350876450033,192.57005054034346,59581200
2023-07-20,AMZN,129.9600067138672,134.7899932861328,129.3300018310547,134.07000732421875,59820600
2023-07-20,GOOGL,118.30611419677734,123.15944340000809,117.3334674734311,120.50946759155578,37906800
2023-07-20,MSFT,339.586181640625,350.4531022216543,338.11767966688456,346.1455024073654,33778400
2023-07-20,NVDA,45.48691177368164,47.052774056440455,45.029244512878805,46.473193831210935,537865000
2023-07-20,TSLA,262.8999938964844,280.92999267578125,261.20001220703125,279.55999755859375,175158300
2023-07-21,AAPL,189.4607391357422,192.4515998266043,188.75990348350925,191.59284231983003,71951700
2023-07-21,AMZN,130.0,131.3699951171875,128.4199981689453,131.33999633789062,133307300
2023-07-21,GOOGL,119.11996459960938,120.08269176427814,117.8396449955782,119.71547124691322,72937900
2023-07-21,MSFT,336.55126953125,342.9441468894957,332.694001980304,341.81830135851885,69405400
2023-07-21,NVDA,44.27678680419922,45.83265793125683,44.067939106833165,45.754711707343915,963769000
2023-07-21,TSLA,260.0199890136719,268.0,255.8000030517578,268.0,161796100
2023-07-24,AAPL,190.26028442382812,192.3923877240068,189.76674282999198,190.9117629424984,45377800
2023-07-24,AMZN,128.8000030517578,131.66000366210938,128.35000610351562,130.30999755859375,45591100
2023-07-24,GOOGL,120.61863708496094,122.07761466691946,120.0727661155314,120.74766705234958,29686100
2023-07-24,MSFT,337.8631286621094,339.63514852458513,335.1219369374352,338.5876099496475,26678100
2023-07-24,NVDA,44.579566955566406,45.076207287411634,44.00798419764258,44.69847992512501,382516000
2023-07-24,TSLA,269.05999755859375,269.8500061035156,254.1199951171875,255.85000610351562,136508500
2023-07-25,AAPL,191.11903381347656,191.92844922240585,190.4280786239598,190.83278632842445,37283200
2023-07-25,AMZN,129.1300048828125,129.5800018310547,128.52999877929688,129.30999755859375,39236700
2023-07-25,GOOGL,121.29354095458984,122.22649427656242,120.11246239355489,120.44991665621404,52509600
2023-07-25,MSFT,343.6099548339844,344.500849777994,337.82405242404576,339.8211939588815,41637700
2023-07-25,NVDA,45.64579772949219,46.14942918660317,44.890346731901275,44.90833520333714,348081000
2023-07-25,TSLA,265.2799987792969,272.8999938964844,265.0,272.3800048828125,112757300
2023-07-26,AAPL,191.98768615722656,193.11296042478057,190.8229351880455,191.1684052777898,47471900
2023-07-26,AMZN,128.14999389648438,129.0800018310547,126.11000061035156,126.51000213623047,53910100
2023-07-26,GOOGL,128.30059814453125,129.99776623656712,127.35772529958219,129.09460190925336,61682100
2023-07-26,MSFT,330.6772766113281,337.43240985586726,326.11512671611416,334.2702247265649,58383700
2023-07-26,NVDA,45.4189567565918,46.01952157703273,44.59755574079193,45.98754334626847,364237000
2023-07-26,TSLA,264.3500061035156,268.0400085449219,261.75,263.25,95856200
2023-07-27,AAPL,190.72422790527344,194.6528150463848,190.06288393124004,193.48806403406496,47460200
2023-07-27,AMZN,128.25,132.6300048828125,127.79000091552734,131.0,52610700
2023-07-27,GOOGL,128.4296112060547,132.24082619562287,127.82418504749104,130.6825925035767,44952100
2023-07-27,MSFT,323.77532958984375,334.1625196341891,322.1403841798644,333.33039238314757,39635300
2023-07-27,NVDA,45.866634368896484,47.36054650639366,45.71674188711987,46.48518386639015,455976000
2023-07-27,TSLA,255.7100067138672,269.1300048828125,255.3000030517578,268.30999755859375,103697300
2023-07-28,AAPL,193.30052185058594,194.09019149232068,191.63234868611636,192.15550162315532,48291400
2023-07-28,AMZN,132.2100067138672,133.00999450683594,129.3300018310547,129.69000244140625,46317400
2023-07-28,GOOGL,131.5857696533203,132.73707431896543,129.59084831881933,129.799265024623,36591200
2023-07-28,MSFT,331.2646789550781,332.8702554950669,326.1738899082172,326.66339057868936,28484900
2023-07-28,NVDA,46.71601104736328,46.9928100852104,46.34727984222391,46.63406993246034,331194000
2023-07-28,TSLA,266.44000244140625,267.25,258.2300109863281,259.8599853515625,111446000
2023-07-31,AAPL,193.91249084472656,193.95198260711592,192.7378594315981,193.52752900074864,38824100
2023-07-31,AMZN,133.67999267578125,133.8699951171875,132.3800048828125,133.1999969482422,41901500
2023-07-31,GOOGL,131.7247314453125,132.52865481704072,130.79177809982338,131.73465100315445,28055500
2023-07-31,MSFT,328.8661804199219,330.60880180685933,326.3599092198598,329.8451818704879,25446000
2023-07-31,NVDA,46.695030212402344,47.09573967930946,46.472192750297545,46.7200135632976,251055000
2023-07-31,TSLA,267.42999267578125,269.0799865722656,263.7799987792969,267.4800109863281,84582200
2023-08-01,AAPL,193.0833282470703,194.1888565133771,192.75758901252786,193.7051954277144,35175100
2023-08-01,AMZN,131.69000244140625,133.69000244140625,131.6199951171875,133.5500030517578,42098500
2023-08-01,GOOGL,130.5634765625,131.63537918876514,129.69999061268777,129.79924674533365,23166800
2023-08-01,MSFT,329.2773742675781,331.4311896055557,326.69282573876103,328.1515284723082,18311900
2023-08-01,NVDA,46.47318649291992,46.86590231278374,45.99353594015361,46.42621978047181,237858000
2023-08-01,TSLA,261.07000732421875,266.4700012207031,260.25,266.260009765625,83166000
2023-08-02,AAPL,190.09246826171875,192.65887532596588,189.37190180440743,192.52068429221174,50389300
2023-08-02,AMZN,128.2100067138672,130.22999572753906,126.81999969482422,130.14999389648438,51027600
2023-08-02,GOOGL,127.41727447509766,129.11444258769157,126.60341644169951,128.47924259709205,26273300
2023-08-02,MSFT,320.6229553222656,326.6242386250664,319.5068793964864,326.6242386250664,27761300
2023-08-02,NVDA,44.23681640625,45.80667339857495,43.35545767140817,45.79768107011527,530142000
2023-08-02,TSLA,254.11000061035156,259.5199890136719,250.49000549316406,255.57000732421875,101752900
2023-08-03,AAPL,188.70066833496094,189.8851650044284,188.22687267951244,189.095510599245,61235200
2023-08-03,AMZN,128.91000366210938,129.83999633789062,126.41000366210938,127.4800033569336,88585200
2023-08-03,GOOGL,127.48674011230469,128.41969339996243,126.46446537651686,127.01034391124875,20089500
2023-08-03,MSFT,319.80059814453125,322.9529838203489,319.1055155220307,319.154453640907,18253700
2023-08-03,NVDA,44.482635498046875,45.08519773730657,43.76815517445485,43.76815517445485,324176000
2023-08-03,TSLA,259.32000732421875,260.489990234375,252.0,252.0399932861328,97569100
2023-08-04,AAPL,179.63926696777344,184.9596445164711,179.57016391801557,183.12366926443607,115956800
2023-08-04,AMZN,139.57000732421875,143.6300048828125,139.32000732421875,141.05999755859375,153128500
2023-08-04,GOOGL,127.14928436279297,130.52378119142634,126.95078722187826,128.31050853872318,26147200
2023-08-04,MSFT,320.8971252441406,328.1025921516829,320.36845604431744,324.9110375542309,23741500
2023-08-04,NVDA,44.647518157958984,45.6088167758493,44.36072805590183,44.95229672936695,362666000
2023-08-04,TSLA,253.86000061035156,264.7699890136719,253.11000061035156,260.9700012207031,99539900
2023-08-07,AAPL,176.5398406982422,180.7645556934903,175.0592158617292,179.77747246914834,97576100
2023-08-07,AMZN,142.22000122070312,142.5399932861328,138.9499969482422,140.99000549316406,71213100
2023-08-07,GOOGL,130.5436553955078,130.6230572928783,128.05248333600815,128.19143287031562,22746300
2023-08-07,MSFT,323.1781005859375,324.15710187316535,320.64249083722723,321.4746479067205,17741500
2023-08-07,NVDA,45.38398361206055,45.506895294186684,44.53060434183165,45.07820630485827,322154000
2023-08-07,TSLA,251.4499969482422,253.64999389648438,242.75999450683594,251.4499969482422,111097900
2023-08-08,AAPL,177.47755432128906,177.94148460917899,175.2862285117603,177.36897457174686,67823000
2023-08-08,AMZN,139.94000244140625,140.83999633789062,138.4199981689453,140.6199951171875,51710500
2023-08-08,GOOGL,130.41461181640625,130.52378752085772,128.56855954209357,129.64046232824563,23535200
2023-08-08,MSFT,319.203369140625,321.84668466116545,316.21742705872686,320.09426392900343,22327600
2023-08-08,NVDA,44.63153076171875,45.209109671688076,44.02397106962369,44.82039253545294,353843000
2023-08-08,TSLA,249.6999969482422,250.9199981689453,245.00999450683594,247.4499969482422,96642200
2023-08-09,AAPL,175.88833618164062,178.59293417746048,174.7235703168388,178.53371160261662,60378500
2023-08-09,AMZN,137.85000610351562,140.32000732421875,137.10000610351562,139.97000122070312,50017300
2023-08-09,GOOGL,128.68768310546875,131.04982518382914,128.0326288117845,130.67268510255067,24912900
2023-08-09,MSFT,315.4635925292969,320.24109366891923,314.3083483150612,319.61454838698023,22373300
2023-08-09,NVDA,42.523067474365234,44.27978896852582,42.1033707988195,44.24181457881286,586449000
2023-08-09,TSLA,242.19000244140625,251.10000610351562,241.89999389648438,250.8699951171875,101596300
2023-08-10,AAPL,175.6711883544922,178.41527829006225,175.30597241092943,177.1616784798233,54686900
2023-08-10,AMZN,138.55999755859375,140.41000366210938,137.49000549316406,139.07000732421875,58928400
2023-08-10,GOOGL,128.7174530029297,131.0597558939105,128.47924731856517,130.33523442746744,20857800
2023-08-10,MSFT,316.14892578125,321.3670201533067,314.4356732724542,319.1740366258562,20113700
2023-08-10,NVDA,42.35718536376953,43.54232399177734,41.80458597956359,42.129350474246436,492705000
2023-08-10,TSLA,245.33999633789062,251.8000030517578,243.0,245.39999389648438,109498600
2023-08-11,AAPL,175.73046875,176.55085581531623,174.5048425991432,175.2659271193574,52036700
2023-08-11,AMZN,138.41000366210938,139.3300018310547,137.0,137.39999389648438,42905800
2023-08-11,GOOGL,128.58840942382812,128.95562989704715,127.20883382963942,127.6951647046181,19591100
2023-08-11,MSFT,314.2692565917969,315.63985260966695,312.5070361030333,313.53500552400016,24355500
2023-08-11,NVDA,40.82529067993164,41.98744698445807,40.609448146848464,41.72063903683801,533085000
2023-08-11,TSLA,242.64999389648438,243.7899932861328,238.02000427246094,241.77000427246094,99038600
2023-08-14,AAPL,177.38116455078125,177.60849603671858,175.2560608313475,175.90841909398483,43675600
2023-08-14,AMZN,140.57000732421875,140.58999633789062,137.75,138.3000030517578,47148700
2023-08-14,GOOGL,130.34515380859375,130.3848471837526,127.99293136308722,128.4196995095872,24695600
2023-08-14,MSFT,317.235595703125,317.2551649738709,313.35872896949473,314.64124818370647,18836100
2023-08-14,NVDA,43.721195220947266,43.76816194200566,40.28169960823156,40.45657164204001,690286000
2023-08-14,TSLA,239.75999450683594,240.66000366210938,233.75,235.6999969482422,98595300
2023-08-15,AAPL,175.3944091796875,177.40089237300145,174.99904882828764,176.8078518459017,43622600
2023-08-15,AMZN,137.6699981689453,141.27999877929688,137.22999572753906,140.0500030517578,42781500
2023-08-15,GOOGL,128.80677795410156,130.43447898056363,128.31052745646844,130.11688653714737,19770700
2023-08-15,MSFT,315.10137939453125,318.2635647035866,314.16154640668196,316.21745534246327,16966300
2023-08-15,NVDA,43.908058166503906,45.2350957564997,43.67822581342224,44.527610226384226,676512000
2023-08-15,TSLA,232.9600067138672,240.5,232.61000061035156,238.72999572753906,88197600
2023-08-16,AAPL,174.52464294433594,176.47180884084688,174.45544657600635,175.07815356283987,46964900
2023-08-16,AMZN,135.07000732421875,137.27000427246094,135.00999450683594,137.19000244140625,41675900
2023-08-16,GOOGL,127.73487091064453,129.30302424952546,126.91110086620327,127.73487091064453,25216100
2023-08-16,MSFT,314.3361511230469,318.2800883607637,313.7475006460735,314.72857479436016,20698900
2023-08-16,NVDA,43.45439529418945,44.6425303290732,43.3744516068871,44.487644199830925,527451000
2023-08-16,TSLA,225.60000610351562,233.97000122070312,225.3800048828125,228.02000427246094,112484500
2023-08-17,AAPL,171.98440551757812,175.4537406821077,171.47042491030345,175.08803154260252,66062900
2023-08-17,AMZN,133.97999572753906,136.08999633789062,133.52999877929688,135.4600067138672,48354100
2023-08-17,GOOGL,128.94570922851562,131.0001932670892,128.32042884384344,128.82661397214423,33446300
2023-08-17,MSFT,310.8828125,315.77836341676965,310.22547958022847,314.47354784052,21257200
2023-08-17,NVDA,43.3124885559082,44.02996504043604,42.9697356160732,43.93803287430319,452395000
2023-08-17,TSLA,219.22000122070312,226.74000549316406,218.8300018310547,226.05999755859375,120718400
2023-08-18,AAPL,172.46873474121094,173.07166917955516,169.96804315644715,170.30410101859755,61172200
2023-08-18,AMZN,133.22000122070312,134.07000732421875,131.14999389648438,131.6199951171875,48497700
2023-08-18,GOOGL,126.50416564941406,128.2807431949733,125.4322628444653,127.54628706629671,30504800
2023-08-18,MSFT,310.4903869628906,312.3544220351469,305.65366819423417,308.538028861624,24755000
2023-08-18,NVDA,43.26751708984375,43.54631355808522,41.6297088674994,42.603998420369834,583768000
2023-08-18,TSLA,215.49000549316406,217.5800018310547,212.36000061035156,214.1199951171875,136276600
2023-08-21,AAPL,173.80308532714844,174.08973444525807,171.7274205434044,173.0420157807921,46311900
2023-08-21,AMZN,134.67999267578125,135.19000244140625,132.7100067138672,133.74000549316406,41442500
2023-08-21,GOOGL,127.40733337402344,127.76463429731196,125.6109092007312,126.22626247354604,25248700
2023-08-21,MSFT,315.7882080078125,316.661348586836,311.0398118753366,311.91295245436015,24040000
2023-08-21,NVDA,46.93285369873047,47.030782025071126,44.18985040134457,44.46165201493228,692573000
2023-08-21,TSLA,231.27999877929688,232.1300048828125,220.5800018310547,221.5500030517578,135702700
2023-08-22,AAPL,175.17701721191406,175.6218015319945,174.20837345764443,175.00898825019638,42038900
2023-08-22,AMZN,134.25,135.64999389648438,133.72999572753906,135.0800018310547,32905400
2023-08-22,GOOGL,128.11203002929688,129.30302819235456,127.35773472637845,127.54629719383558,22054900
2023-08-22,MSFT,316.357177734375,319.9086615433213,315.3761035356602,319.33965168167043,16084600
2023-08-22,NVDA,45.634796142578125,48.15196569860594,45.30004062070193,48.10000155373569,755293000
2023-08-22,TSLA,233.19000244140625,240.82000732421875,229.5500030517578,240.25,130442800
2023-08-23,AAPL,179.02191162109375,179.44693836874362,176.26423745502308,176.45203891919172,52722800
2023-08-23,AMZN,135.52000427246094,135.9499969482422,133.22000122070312,134.5,42801000
2023-08-23,GOOGL,131.37734985351562,132.40955935337914,128.8960974039479,129.2037702845962,27819700
2023-08-23,MSFT,320.8112487792969,322.96962389693414,317.33823788637403,317.69144015108157,21166400
2023-08-23,NVDA,47.081748962402344,47.165687530536545,45.175135085824124,45.832657681466124,779046000
2023-08-23,TSLA,236.86000061035156,238.97999572753906,229.2899932861328,229.33999633789062,101077600
2023-08-24,AAPL,174.33680725097656,179.00213166563918,173.97108309964577,178.57710497139806,54945800
2023-08-24,AMZN,131.83999633789062,136.77999877929688,131.8300018310547,136.39999389648438,43646300
2023-08-24,GOOGL,128.80677795410156,133.24325861449066,128.59836122593913,132.94550528703812,28500700
2023-08-24,MSFT,313.9142761230469,326.67805954758404,313.9044558013969,326.5505151261544,23281400
2023-08-24,NVDA,47.12870788574219,50.22945246000163,47.124712989648934,50.179489575369686,1156044000
2023-08-24,TSLA,230.0399932861328,238.9199981689453,228.17999267578125,238.66000366210938,99777400
2023-08-25,AAPL,176.541015625,177.07475372946672,173.78334110152613,175.3252679389123,51449600
2023-08-25,AMZN,133.25999450683594,133.8699951171875,130.5800018310547,132.47000122070312,44147500
2023-08-25,GOOGL,128.906005859375,129.77939624562347,126.29572396771735,128.56854408522898,26762900
2023-08-25,MSFT,316.8673400878906,319.20227141780845,312.76642738205277,315.38590853898717,21684100
2023-08-25,NVDA,45.98454284667969,47.77024230669421,44.99126226942635,46.97781961200935,925341000
2023-08-25,TSLA,238.58999633789062,239.0,230.35000610351562,231.30999755859375,106612200
2023-08-28,AAPL,178.1027069091797,178.49806733287568,176.48170504077262,178.003859262239,43820700
2023-08-28,AMZN,133.13999938964844,133.9499969482422,131.85000610351562,133.77999877929688,34108400
2023-08-28,GOOGL,130.0275421142578,131.54606733409824,129.16407114652645,130.3252954237949,20543300
2023-08-28,MSFT,317.57366943359375,319.97728279727545,315.63113211282007,319.49656611253965,14808500
2023-08-28,NVDA,46.80094909667969,46.945844136189635,44.85536600768865,46.44820509438741,685192000
2023-08-28,TSLA,238.82000732421875,244.3800048828125,235.35000610351562,242.5800018310547,107673700
2023-08-29,AAPL,181.9871826171875,182.7581460326424,177.4207046822572,177.61838490226515,53003900
2023-08-29,AMZN,134.91000366210938,135.13999938964844,133.25,133.3800048828125,38646100
2023-08-29,GOOGL,133.56085205078125,135.54585383099212,131.24832315951218,131.24832315951218,43075600
2023-08-29,MSFT,322.194580078125,322.7537995550599,315.7881667802801,315.7881667802801,19284600
2023-08-29,NVDA,48.74852752685547,49.045312450204435,46.35726602113391,46.632067581998406,701397000
2023-08-29,TSLA,257.17999267578125,257.4800109863281,237.77000427246094,238.5800018310547,134047600
2023-08-30,AAPL,185.47630310058594,185.6739984160231,182.60002327821,182.7977035116121,60813900
2023-08-30,AMZN,135.07000732421875,135.67999267578125,133.9199981689453,134.92999267578125,36137000
2023-08-30,GOOGL,134.86105346679688,135.2580478465564,133.0646289101831,133.76929620591096,28315800
2023-08-30,MSFT,322.5673828125,323.5680676815254,320.2716728612012,322.4496587032038,15222100
2023-08-30,NVDA,49.228179931640625,49.89069606305402,48.389789269751844,49.008338674508195,735206000
2023-08-30,TSLA,256.8999938964844,260.510009765625,250.58999633789062,254.1999969482422,121988400
2023-08-31,AAPL,185.69375610351562,186.92927641629686,185.3082743692093,185.6641048225717,60794500
2023-08-31,AMZN,138.00999450683594,138.7899932861328,135.0,135.05999755859375,58781300
2023-08-31,GOOGL,135.1488494873047,136.9651280020466,134.77169428863934,134.99004570424955,30053800
2023-08-31,MSFT,321.556884765625,324.6472624633452,320.5954212849975,322.9696339885842,26411000
2023-08-31,NVDA,49.31911849975586,49.70783563609758,48.922407758819745,49.34410184954682,528570000
2023-08-31,TSLA,258.0799865722656,261.17999267578125,255.0500030517578,255.97999572753906,108861700
2023-09-01,AAPL,187.26531982421875,187.7199827815663,186.09898099052413,187.29497110047913,45766500
2023-09-01,AMZN,138.1199951171875,139.9600067138672,136.8800048828125,139.4600067138672,40991500
2023-09-01,GOOGL,134.64268493652344,136.4291897075704,133.83876157564302,136.4291897075704,21543700
2023-09-01,MSFT,322.4398193359375,325.7067829359754,320.5953952258838,325.0396597293619,14942000
2023-09-01,NVDA,48.47372817993164,49.76378986515655,48.10699444468978,49.72581929402613,463830000
2023-09-01,TSLA,245.00999450683594,259.0799865722656,242.00999450683594,257.260009765625,132541600
2023-09-05,AAPL,187.50254821777344,187.7793035443977,185.43676200045883,186.09899903788357,45280000
2023-09-05,AMZN,137.27000427246094,137.8000030517578,135.82000732421875,137.72999572753906,40636700
2023-09-05,GOOGL,134.75184631347656,135.39696581622027,133.57076786425418,134.42431921159766,19403100
2023-09-05,MSFT,327.23724365234375,328.512657905709,322.4398070250058,322.77336861557694,18553900
2023-09-05,NVDA,48.512699127197266,48.81548020646816,47.825199674195865,48.18793468541656,382653000
2023-09-05,TSLA,256.489990234375,258.0,244.86000061035156,245.0,129469600
2023-09-06,AAPL,180.79119873046875,186.66239298088038,179.3678770840619,186.21759365485326,81755800
2023-09-06,AMZN,135.36000061035156,137.4499969482422,134.61000061035156,136.32000732421875,41785500
2023-09-06,GOOGL,133.45169067382812,135.5061598618362,132.66760640562674,134.99998980551268,18684500
2023-09-06,MSFT,326.58001708984375,328.13010130698945,323.9311045093916,327.07055423881553,17535800
2023-09-06,NVDA,47.03066635131836,48.51770618274076,46.549977399633065,48.409777901490216,468670000
2023-09-06,TSLA,251.9199981689453,255.38999938964844,245.05999755859375,255.13999938964844,116959800
2023-09-07,AAPL,175.503173828125,176.1456533918577,171.52973657694065,173.15073850258275,112488800
2023-09-07,AMZN,137.85000610351562,138.02999877929688,133.16000366210938,133.89999389648438,48498900
2023-09-07,GOOGL,134.24566650390625,134.56327406172488,131.9529918442149,132.58819181549026,18844300
2023-09-07,MSFT,323.6661682128906,326.77615642313435,322.8028181923794,325.02005529596454,18381000
2023-09-07,NVDA,46.2111930847168,46.314127328933516,45.122894378455285,45.495655031746296,433330000
2023-09-07,TSLA,251.49000549316406,252.80999755859375,243.27000427246094,245.07000732421875,115312900
2023-09-08,AAPL,176.11598205566406,178.15213198996554,175.7305003611282,176.2840260730559,65551300
2023-09-08,AMZN,138.22999572753906,138.85000610351562,136.75,136.86000061035156,38348200
2023-09-08,GOOGL,135.3572540283203,135.6351530204011,133.83872912717914,133.89827674771655,23558300
2023-09-08,MSFT,327.94366455078125,329.7979091740935,323.2247000080773,323.84278154918144,19530100
2023-09-08,NVDA,45.54262161254883,46.575955463730146,45.241816956969146,45.912385845022,473069000
2023-09-08,TSLA,248.5,256.5199890136719,246.6699981689453,251.22000122070312,118367700
2023-09-11,AAPL,177.28231811523438,178.21143169284028,175.28571330476424,177.98410020535158,58953100
2023-09-11,AMZN,143.10000610351562,143.6199951171875,138.63999938964844,138.75,56764500
2023-09-11,GOOGL,135.8932342529297,136.4490323863561,134.77170328374638,135.51607902909177,20763400
2023-09-11,MSFT,331.544189453125,332.01511580762883,329.08168383895804,330.85742559530763,16583300
2023-09-11,NVDA,45.14887619018555,46.133237981165,44.28343335195331,46.1182482612765,473966000
2023-09-11,TSLA,273.5799865722656,274.8500061035156,260.6099853515625,264.2699890136719,174667900
2023-09-12,AAPL,174.25775146484375,178.04338672084478,172.79489994360574,177.4108010563609,90370200
2023-09-12,AMZN,141.22999572753906,143.0,140.61000061035156,142.32000732421875,42668500
2023-09-12,GOOGL,134.32508850097656,135.84361389625101,134.1762194011905,135.23818764984745,18405500
2023-09-12,MSFT,325.490966796875,330.41597829482106,325.2064768442106,329.46433515175244,17565500
2023-09-12,NVDA,44.8410758972168,45.643559689302776,44.50229371390593,44.70916101442447,349256000
2023-09-12,TSLA,267.4800109863281,278.3900146484375,266.6000061035156,270.760009765625,135999900
2023-09-13,AAPL,172.19198608398438,175.24618840249718,171.96463950783718,174.46533118918654,84267900
2023-09-13,AMZN,144.85000610351562,144.97999572753906,140.8699951171875,140.9499969482422,60465200
2023-09-13,GOOGL,135.684814453125,135.87337691641153,133.1439992452725,134.07695258141447,20749500
2023-09-13,MSFT,329.6997375488281,330.4747944190724,324.9023010902351,325.03963588622577,16544400
2023-09-13,NVDA,45.45568084716797,45.900393693899545,44.47431159036819,44.571249185878756,398355000
2023-09-13,TSLA,271.29998779296875,274.9800109863281,268.1000061035156,270.07000732421875,111673700
2023-09-14,AAPL,173.7042694091797,174.06009984649242,171.5692867853032,171.98441978182902,60895800
2023-09-14,AMZN,144.72000122070312,145.86000061035156,142.9499969482422,145.0800018310547,64033600
2023-09-14,GOOGL,137.06439208984375,137.65988359424148,135.21833965192076,136.56814159733074,24751000
2023-09-14,MSFT,332.289794921875,334.4088885367708,330.2001023910707,332.7312602833099,20267000
2023-09-14,NVDA,45.55162048339844,45.95735701328926,45.101909783891045,45.92038211332298,370097000
2023-09-14,TSLA,276.0400085449219,276.7099914550781,270.4200134277344,271.32000732421875,107709800
2023-09-15,AAPL,172.98269653320312,174.45544195430384,171.806494041059,174.43566940930017,109259500
2023-09-15,AMZN,140.38999938964844,143.57000732421875,140.08999633789062,142.69000244140625,102909300
2023-09-15,GOOGL,136.36962890625,137.48124030456012,135.45652981988454,136.94528129329058,38919600
2023-09-15,MSFT,323.9703369140625,331.01444277565355,323.4111174113431,330.54354630179284,37679800
2023-09-15,NVDA,43.871700286865234,45.56960248299807,43.77975673017383,45.31176938864075,506831000
2023-09-15,TSLA,274.3900146484375,278.9800109863281,271.0,277.54998779296875,133692300
2023-09-18,AAPL,175.90841674804688,177.30208708635865,174.1292647291417,174.43567131089117,67257600
2023-09-18,AMZN,139.97999572753906,141.75,139.22000122070312,140.47999572753906,42823500
2023-09-18,GOOGL,137.17356872558594,138.11644163882283,135.58556108112978,135.58556108112978,21861300
2023-09-18,MSFT,322.83221435546875,324.1468499483667,320.18330252768726,321.5960515105036,16834200
2023-09-18,NVDA,43.93765640258789,44.213479451862526,41.972924204170205,42.720443095064276,500271000
2023-09-18,TSLA,265.2799987792969,271.44000244140625,263.760009765625,271.1600036621094,101543300
2023-09-19,AAPL,176.99569702148438,177.54920768301113,175.07816717117066,175.4636488877364,51826900
2023-09-19,AMZN,137.6300048828125,138.83999633789062,135.55999755859375,138.6999969482422,61482500
2023-09-19,GOOGL,137.0048065185547,137.37204212009118,135.5954571715883,136.38946085639827,20353700
2023-09-19,MSFT,322.42999267578125,323.15600785929996,318.36836152476627,319.9969481018416,16505900
2023-09-19,NVDA,43.491939544677734,43.937651117962965,42.97427198636258,43.80473745342954,373064000
2023-09-19,TSLA,266.5,267.8500061035156,261.20001220703125,264.3500061035156,103704000
2023-09-20,AAPL,173.45713806152344,177.61836118650515,173.36816915467014,177.18345571133617,58436200
2023-09-20,AMZN,135.2899932861328,139.3699951171875,135.1999969482422,138.5500030517578,46263700
2023-09-20,GOOGL,132.73709106445312,137.0445418305698,132.61798064460575,137.0445418305698,29927500
2023-09-20,MSFT,314.6991271972656,323.3522079151342,314.4440682913458,323.2737351610063,21436500
2023-09-20,NVDA,42.211769104003906,43.874697872716084,42.1957805773011,43.571891798323115,367108000
2023-09-20,TSLA,262.5899963378906,273.92999267578125,262.4599914550781,267.0400085449219,122514600
2023-09-21,AAPL,171.91519165039062,174.25774788080986,171.84601037143327,172.52801984046553,63149100
2023-09-21,AMZN,129.3300018310547,132.24000549316406,129.30999755859375,131.94000244140625,70343300
2023-09-21,GOOGL,129.46182250976562,131.23839249416972,129.09460201532931,130.45432343039326,31503900
2023-09-21,MSFT,313.4826354980469,319.19249448338184,309.0383706041025,313.2177562445035,35560400
2023-09-21,NVDA,40.99055099487305,42.072852871721146,40.9535761024681,41.55618793535061,450736000
2023-09-21,TSLA,255.6999969482422,260.8599853515625,254.2100067138672,257.8500061035156,119951500
2023-09-22,AAPL,172.76522827148438,175.02870938713053,172.03381007438438,172.64662317617766,56725400
2023-09-22,AMZN,129.1199951171875,132.02999877929688,128.52000427246094,131.11000061035156,59904300
2023-09-22,GOOGL,129.27325439453125,131.03990495129133,128.62813480654572,129.77942444921084,26397300
2023-09-22,MSFT,311.0103454589844,315.3663173545135,310.166606068044,315.23877291658,21447900
2023-09-22,NVDA,41.58317565917969,42.087851165439716,41.204418374834624,41.54519814398996,479236000
2023-09-22,TSLA,244.8800048828125,257.7900085449219,244.47999572753906,257.3999938964844,127524100
2023-09-25,AAPL,174.0403289794922,174.92001880772483,172.13267784152856,172.18210166869468,46172700
2023-09-25,AMZN,131.27000427246094,131.77999877929688,128.77000427246094,129.36000061035156,46017800
2023-09-25,GOOGL,130.12681579589844,130.18636343695547,127.99294455474431,128.8564156388002,20094600
2023-09-25,MSFT,311.53033447265625,311.65787891913794,309.0383974245064,310.5983019329907,17836000
2023-09-25,NVDA,42.19477844238281,42.50857517454085,41.15045020013546,41.564184746897794,419091000
2023-09-25,TSLA,246.99000549316406,247.10000610351562,238.30999755859375,243.3800048828125,104636600
2023-09-26,AAPL,169.968017578125,173.17047568238368,169.6714897694264,172.79488786792757,64588900
2023-09-26,AMZN,125.9800033569336,130.38999938964844,125.27999877929688,130.1199951171875,73048200
2023-09-26,GOOGL,127.60586547851562,129.38243566958448,126.26598302205768,128.7968636929427,25718700
2023-09-26,MSFT,306.2325134277344,309.9017213341856,304.1526109858872,309.1659156883459,26297600
2023-09-26,NVDA,41.88397979736328,42.79239417282539,41.62814431891952,41.97392192797056,402282000
2023-09-26,TSLA,244.1199951171875,249.5500030517578,241.66000366210938,242.97999572753906,101993600
2023-09-27,AAPL,168.45578002929688,171.03554713361237,167.09177581326995,170.62041410420977,66921800
2023-09-27,AMZN,125.9800033569336,127.4800033569336,124.12999725341797,125.76000213623047,66553400
2023-09-27,GOOGL,129.5610809326172,129.918381917851,127.60586778894698,127.60586778894698,22746500
2023-09-27,MSFT,306.8702087402344,308.35161042949267,303.82887271896175,306.3894620209308,19410100
2023-09-27,NVDA,42.44062805175781,42.84437081668023,41.60217189464349,42.30272031647055,444935000
2023-09-27,TSLA,240.5,245.3300018310547,234.5800018310547,244.25999450683594,136597200
2023-09-28,AAPL,168.7127227783203,170.03719654623248,165.67827853899746,167.3783551982996,56294400
2023-09-28,AMZN,125.9800033569336,126.58000183105469,123.04000091552734,124.04000091552734,54555000
2023-09-28,GOOGL,131.3177947998047,132.30037616629912,128.81668823150392,128.86631630656447,22513100
2023-09-28,MSFT,307.7041015625,309.5092743516403,303.5933986019012,305.10423119085175,19683600
2023-09-28,NVDA,43.061222076416016,43.417990370192356,42.08785097086144,42.43262596387141,424663000
2023-09-28,TSLA,246.3800048828125,247.5500030517578,238.64999389648438,240.02000427246094,117058900
2023-09-29,AAPL,169.2267303466797,171.06518493104676,168.36679806748614,170.02734498983367,51861100
2023-09-29,AMZN,127.12000274658203,129.14999389648438,126.31999969482422,128.1999969482422,62411700
2023-09-29,GOOGL,129.878662109375,133.04474225061801,129.38241168333343,132.28051235409288,30859800
2023-09-29,MSFT,309.7742004394531,313.4237979177654,309.0187840307204,311.73634897747024,24147300
2023-09-29,NVDA,43.47095489501953,44.11553949357653,43.27907734367155,43.79874253504086,397830000
2023-09-29,TSLA,250.22000122070312,254.77000427246094,246.35000610351562,250.0,128522700
2023-10-02,AAPL,171.73731994628906,172.2809518891447,168.9499789385755,169.2366280911879,52164500
2023-10-02,AMZN,129.4600067138672,130.47000122070312,126.54000091552734,127.27999877929688,48029700
2023-10-02,GOOGL,133.1638641357422,133.41198939838114,130.18636098407492,130.2260695069411,22288000
2023-10-02,MSFT,315.7096252441406,315.79794825806266,309.21491966040423,310.29410713051254,20570000
2023-10-02,NVDA,44.75313186645508,45.145876254159724,43.83272417445268,44.00161394425031,433298000
2023-10-02,TSLA,251.60000610351562,254.27999877929688,242.6199951171875,244.80999755859375,123810400
2023-10-03,AAPL,170.4029541015625,171.61871693838452,168.84126971126884,170.26457643095287,49594600
2023-10-03,AMZN,124.72000122070312,128.52000427246094,124.25,128.05999755859375,51565000
2023-10-03,GOOGL,131.43690490722656,133.25318362014062,130.8513329307273,132.93559116374053,22989400
2023-10-03,MSFT,307.4588317871094,315.3074247202829,305.320067458415,314.75799567015525,21033500
2023-10-03,NVDA,43.48893737792969,45.100900048116756,43.21811221740107,44.77910527291115,470850000
2023-10-03,TSLA,246.52999877929688,250.02000427246094,244.4499969482422,248.61000061035156,101985300
2023-10-04,AAPL,171.64834594726562,172.19197782627828,168.98950418793981,169.10810929534875,53020300
2023-10-04,AMZN,127.0,127.36000061035156,125.68000030517578,126.05999755859375,44203900
2023-10-04,GOOGL,134.225830078125,134.55335719954957,131.53614591729064,131.79419070491505,26752300
2023-10-04,MSFT,312.9234313964844,313.9830083427308,308.0573115463436,308.086742575961,20720100
2023-10-04,NVDA,44.012611389160156,44.11454682903524,43.26409364811851,43.71380433905175,361821000
2023-10-04,TSLA,261.1600036621094,261.8599853515625,247.60000610351562,248.13999938964844,129721600
2023-10-05,AAPL,172.88388061523438,173.41761872545223,170.67970163713667,171.77684421895017,48527900
2023-10-05,AMZN,125.95999908447266,126.7300033569336,124.33000183105469,126.70999908447266,39660600
2023-10-05,GOOGL,134.05709838867188,134.4739469324216,132.4492366977958,134.05709838867188,19832600
2023-10-05,MSFT,313.31585693359375,313.92414811592056,308.9402741782087,313.0509776654909,16965600
2023-10-05,NVDA,44.6591911315918,44.87105626291606,43.859707622537925,44.021601937102886,393483000
2023-10-05,TSLA,260.04998779296875,263.6000061035156,256.25,260.0,119159200
2023-10-06,AAPL,175.43399047851562,175.92819856079907,171.17390414032383,171.78673241813826,57266700
2023-10-06,AMZN,127.95999908447266,128.4499969482422,124.12999725341797,124.16000366210938,46836700
2023-10-06,GOOGL,136.54827880859375,137.123931161278,133.00504324406194,133.00504324406194,27597600
2023-10-06,MSFT,321.06634521484375,322.9598111936179,310.3137506624104,310.55901920701876,25673600
2023-10-06,NVDA,45.732505798339844,45.75948882284909,43.99762465116315,44.164516830728815,434436000
2023-10-06,TSLA,260.5299987792969,261.6499938964844,250.64999389648438,253.97999572753906,118121800
2023-10-09,AAPL,176.9166259765625,176.97592853708252,173.7635757979471,174.76187075811515,42390800
2023-10-09,AMZN,128.25999450683594,128.7899932861328,124.76000213623047,126.22000122070312,38773700
2023-10-09,GOOGL,137.38194274902344,137.8980473446996,134.59301825237344,135.91304597833135,19278100
2023-10-09,MSFT,323.5779113769531,324.0488078481523,317.063564085275,318.60385781984473,19891200
2023-10-09,NVDA,45.243812561035156,45.575599261777526,44.339397209393,44.81309065878453,409675000
2023-10-09,TSLA,259.6700134277344,261.3599853515625,252.0500030517578,255.30999755859375,101377900
2023-10-10,AAPL,176.32357788085938,177.63817333039142,175.88867230873925,176.03694379852678,43698000
2023-10-10,AMZN,129.47999572753906,130.74000549316406,128.0500030517578,128.82000732421875,42178600
2023-10-10,GOOGL,137.02468872070312,138.6722440524293,136.3001672148192,137.46139159362946,27786600
2023-10-10,MSFT,322.17498779296875,324.83369063109717,321.46861313435045,324.6963258646944,20557100
2023-10-10,NVDA,45.768470764160156,46.229172057316305,45.058929471918596,45.28078645305619,368582000
2023-10-10,TSLA,263.6199951171875,268.94000244140625,257.6499938964844,257.75,122656000
2023-10-11,AAPL,177.7172393798828,177.7666632072918,175.54272671219826,176.13576739500243,47551100
2023-10-11,AMZN,131.8300018310547,132.0500030517578,129.61000061035156,129.74000549316406,40741800
2023-10-11,GOOGL,139.49603271484375,140.05183090806798,137.54080433515963,137.54080433515963,25884300
2023-10-11,MSFT,326.128662109375,326.5210857572993,322.91074029238723,324.9415409038971,20063200
2023-10-11,NVDA,46.77582931518555,46.82879655508957,46.02031610290556,46.16622190201643,378137000
2023-10-11,TSLA,262.989990234375,268.6000061035156,260.8999938964844,266.20001220703125,103706300
2023-10-12,AAPL,178.61669921875,180.2278073787141,176.96603088257305,177.98411345020415,56743100
2023-10-12,AMZN,132.3300018310547,134.47999572753906,131.22999572753906,132.1699981689453,55528600
2023-10-12,GOOGL,137.9278564453125,140.16098355386808,137.2231741164266,139.9922602118785,24765500
2023-10-12,MSFT,324.89251708984375,327.3157714229003,322.4986937835042,324.313686937738,19313100
2023-10-12,NVDA,46.91473388671875,47.57830726462998,46.30013251687724,46.746842929581085,481325000
2023-10-12,TSLA,258.8699951171875,265.4100036621094,256.6300048828125,262.9200134277344,111508100
2023-10-13,AAPL,176.7782440185547,179.82255265296823,176.0764618780152,179.31846581874476,51427100
2023-10-13,AMZN,129.7899932861328,133.30999755859375,128.9499969482422,132.97999572753906,45786600
2023-10-13,GOOGL,136.32992553710938,138.9501273324613,135.59546941209604,138.33478161475625,23420500
2023-10-13,MSFT,321.5274963378906,327.51202571304924,320.18339937545744,326.0894859189591,21072400
2023-10-13,NVDA,45.43169021606445,47.0856258439627,45.25080714920821,46.92972437247631,474115000
2023-10-13,TSLA,251.1199951171875,259.6000061035156,250.22000122070312,258.8999938964844,102073800
2023-10-16,AAPL,176.6497344970703,177.0055649122618,174.46532818230494,174.70255348644375,52517000
2023-10-16,AMZN,132.5500030517578,133.07000732421875,130.42999267578125,130.69000244140625,42832900
2023-10-16,GOOGL,138.056884765625,138.58290904447986,136.9552081327783,137.13385103003665,28501900
2023-10-16,MSFT,326.34454345703125,329.77830323276595,324.34314366168616,324.78460909741796,22158000
2023-10-16,NVDA,46.065284729003906,46.19519817588755,44.8830449142491,45.03394854361238,375099000
2023-10-16,TSLA,253.9199981689453,255.39999389648438,248.47999572753906,250.0500030517578,88917200
2023-10-17,AAPL,175.09791564941406,176.35320838797153,172.77514673671925,174.60370757241088,57549400
2023-10-17,AMZN,131.47000122070312,132.5800018310547,128.7100067138672,130.38999938964844,49344600
2023-10-17,GOOGL,138.6722412109375,138.85088412200298,136.1512801850149,137.59041875340512,23515800
2023-10-17,MSFT,325.7754211425781,327.1489187170451,321.21343315524064,323.35216723119646,18338500
2023-10-17,NVDA,43.90967559814453,44.72515146398081,42.452615298122,43.971635905037324,812333000
2023-10-17,TSLA,254.85000610351562,257.17999267578125,247.0800018310547,250.10000610351562,93562900
2023-10-18,AAPL,173.80308532714844,175.52293478970745,173.08154578913502,173.54610256783715,54764400
2023-10-18,AMZN,128.1300048828125,130.6699981689453,127.51000213623047,129.89999389648438,42699500
2023-10-18,GOOGL,136.92543029785156,139.66472731928488,136.34977796075492,138.40424694073948,23375000
2023-10-18,MSFT,323.86236572265625,329.2386627175147,322.0866239478229,326.1973269355328,23153600
2023-10-18,NVDA,42.168800354003906,43.19114356919589,41.79804111040275,42.56354620148906,627294000
2023-10-18,TSLA,242.67999267578125,254.6300048828125,242.0800018310547,252.6999969482422,125147800
2023-10-19,AAPL,173.427490234375,175.7799102245973,173.16061367257353,174.00075828264139,59302900
2023-10-19,AMZN,128.39999389648438,132.24000549316406,127.47000122070312,130.57000732421875,60961400
2023-10-19,GOOGL,136.7169952392578,138.6126755411059,136.34977476248778,137.46137089391803,26066000
2023-10-19,MSFT,325.0495300292969,330.5043005032586,324.64728599110776,325.86380848903855,25052100
2023-10-19,NVDA,42.0738639831543,43.26909220321944,41.855003378817976,42.78340541148184,501233000
2023-10-19,TSLA,220.11000061035156,230.61000061035156,216.77999877929688,225.9499969482422,170772700
2023-10-20,AAPL,170.8773956298828,173.3879661145723,170.64017031492207,173.27923973046956,64244000
2023-10-20,AMZN,125.16999816894531,128.1699981689453,124.97000122070312,128.0500030517578,56406400
2023-10-20,GOOGL,134.58314514160156,136.83611156598081,134.06704036781977,136.30016767562714,26335700
2023-10-20,MSFT,320.4875183105469,325.6381577998448,319.29060660305254,325.441930986154,25027700
2023-10-20,NVDA,41.360321044921875,42.44262307555848,41.05151831937694,41.86299514075664,477266000
2023-10-20,TSLA,211.99000549316406,218.86000061035156,210.4199981689453,217.00999450683594,138010100
2023-10-23,AAPL,170.99598693847656,171.99428177951037,167.96154224302492,168.93020088937016,55980100
2023-10-23,AMZN,126.55999755859375,127.87999725341797,123.9800033569336,124.62999725341797,48260000
2023-10-23,GOOGL,135.4763641357422,136.62766874033358,132.94548397466383,134.02730625143084,26317900
2023-10-23,MSFT,323.08734130859375,326.4328077015871,318.25065300887303,319.31019990102027,24374700
2023-10-23,NVDA,42.94729232788086,43.22011894655413,40.91860229657802,41.202419597162184,478530000
2023-10-23,TSLA,212.0800018310547,216.97999572753906,202.50999450683594,210.0,150683400
2023-10-24,AAPL,171.43089294433594,171.65822442721412,169.4639394511676,171.045411263789,43816600
2023-10-24,AMZN,128.55999755859375,128.8000030517578,126.33999633789062,127.73999786376953,46477400
2023-10-24,GOOGL,137.76907348632812,138.31495211314203,136.38949758094284,136.79642666132818,44814300
2023-10-24,MSFT,324.2744445800781,325.5596493490343,321.3999044443215,325.02986091343166,31153600
2023-10-24,NVDA,43.634849548339844,43.66882802570082,42.66347986731124,43.049228794577566,401463000
2023-10-24,TSLA,216.52000427246094,222.0500030517578,214.11000061035156,216.5,118231100
2023-10-25,AAPL,169.1179962158203,171.05528327402416,168.6731969171006,169.88895954662036,57157000
2023-10-25,AMZN,121.38999938964844,126.33999633789062,120.79000091552734,126.04000091552734,74577500
2023-10-25,GOOGL,124.66804504394531,127.34779458240867,124.13209362181638,127.19892549752396,84366200
2023-10-25,MSFT,334.2225646972656,339.64790388750646,331.2302703891526,338.4902135639039,55053800
2023-10-25,NVDA,41.75206756591797,43.62186366950043,41.52821293771827,43.37002340053755,398379000
2023-10-25,TSLA,212.4199981689453,220.10000610351562,212.1999969482422,215.8800048828125,107065100
2023-10-26,AAPL,164.95677185058594,169.39476582537458,163.75090293239452,168.3964558542296,70625300
2023-10-26,AMZN,119.56999969482422,121.63999938964844,118.3499984741211,120.62999725341797,100419500
2023-10-26,GOOGL,121.36302185058594,123.39765194257097,120.36059371391482,122.34559572670734,57061100
2023-10-26,MSFT,321.68438720703125,335.1643351813987,320.7523548760507,334.09496805111814,37828500
2023-10-26,NVDA,40.30000305175781,42.22875913409801,39.85429143072344,41.82601906009142,541001000
2023-10-26,TSLA,205.75999450683594,214.8000030517578,204.8800048828125,211.32000732421875,115112600
2023-10-27,AAPL,166.2713623046875,167.00279566914165,164.89746448966903,164.97653958977486,58499100
2023-10-27,AMZN,127.73999786376953,130.02000427246094,125.5199966430664,126.19999694824219,125309300
2023-10-27,GOOGL,121.25382995605469,122.38528034661036,119.30852915172775,121.9585046679144,44566500
2023-10-27,MSFT,323.56805419921875,330.3472799837888,322.1847360926127,324.1763153652428,29856500
2023-10-27,NVDA,40.47389221191406,41.17943837928563,39.98920425077625,41.10348715819275,416784000
2023-10-27,TSLA,207.3000030517578,212.41000366210938,205.77000427246094,210.60000610351562,94881200
2023-10-30,AAPL,168.31739807128906,169.18720920526536,166.91384879366788,167.06212028170575,51131000
2023-10-30,AMZN,132.7100067138672,133.0,128.55999755859375,129.72000122070312,72485500
2023-10-30,GOOGL,123.52667236328125,124.45962571740641,121.82949657826617,122.28604612521336,28940100
2023-10-30,MSFT,330.9261169433594,333.02562998161824,325.54981985866505,327.09993377177346,22828100
2023-10-30,NVDA,41.13446807861328,41.73907765520457,40.454906082459445,41.06051827775502,388028000
2023-10-30,TSLA,197.36000061035156,210.8800048828125,194.6699981689453,209.27999877929688,136448200
2023-10-31,AAPL,168.7918243408203,168.92030818010912,165.9550598323106,167.38827526603964,44846000
2023-10-31,AMZN,133.08999633789062,133.57000732421875,131.7100067138672,132.75,51589400
2023-10-31,GOOGL,123.14952087402344,124.42984802046038,121.76994514607122,124.12216757392719,26292300
2023-10-31,MSFT,331.71099853515625,332.5841689842252,328.3557413843758,332.4370138355085,20265300
2023-10-31,NVDA,40.75371170043945,40.852650720636724,39.204711603972164,40.42392640316341,517969000
2023-10-31,TSLA,200.83999633789062,202.8000030517578,194.07000732421875,196.1199951171875,118068300
2023-11-01,AAPL,171.95474243164062,172.2117251766134,168.14933458405196,169.01914553939386,56934900
2023-11-01,AMZN,137.0,137.35000610351562,133.7100067138672,133.9600067138672,61529400
2023-11-01,GOOGL,125.5017318725586,125.54143281598546,122.79220874025613,123.13958253001533,30082400
2023-11-01,MSFT,339.52032470703125,340.8447807446002,333.2218157421507,333.35918048886424,28158800
2023-11-01,NVDA,42.29772186279297,42.353685526231295,40.84265898891911,40.857648711306,437593000
2023-11-01,TSLA,205.66000366210938,205.99000549316406,197.85000610351562,204.0399932861328,121661700
2023-11-02,AAPL,175.51307678222656,175.72063574409248,173.4275179386151,173.4868204991482,77334800
2023-11-02,AMZN,138.07000732421875,138.80999755859375,136.47000122070312,138.72999572753906,52236700
2023-11-02,GOOGL,126.53394317626953,128.01276746198673,125.97814507096508,127.45696935668228,27124600
2023-11-02,MSFT,341.727783203125,342.22811070154637,338.2449517203371,340.6682062676254,24348100
2023-11-02,NVDA,43.47795104980469,43.855705696322225,42.86634611035468,43.300064408208144,409172000
2023-11-02,TSLA,218.50999450683594,219.1999969482422,211.4499969482422,212.97000122070312,125987600
2023-11-03,AAPL,174.6037139892578,174.77175801380423,171.34195262679097,172.2216424329047,79829200
2023-11-03,AMZN,138.60000610351562,139.49000549316406,137.4499969482422,138.99000549316406,44059800
2023-11-03,GOOGL,128.13189697265625,128.55866517271366,126.90119016720321,127.05999397649356,26393100
2023-11-03,MSFT,346.1229553222656,347.6828896003234,340.75647841286957,343.01296696867126,23637700
2023-11-03,NVDA,44.97598648071289,45.27978753454021,43.694811487819166,43.99162089726106,424610000
2023-11-03,TSLA,219.9600067138672,226.3699951171875,218.39999389648438,221.14999389648438,119534800
2023-11-06,AAPL,177.15382385253906,177.35150406781844,174.16881791314302,174.33684685023218,63841300
2023-11-06,AMZN,139.74000549316406,140.72999572753906,138.36000061035156,138.75999450683594,44970400
2023-11-06,GOOGL,129.27325439453125,129.36257584929294,127.70510100758493,128.08225623128538,19052700
2023-11-06,MSFT,349.7823486328125,350.7732430573265,346.66254017187435,346.76065357014403,23828300
2023-11-06,NVDA,45.72150421142578,45.90538750972343,44.87005229839821,45.25580503371784,400733000
2023-11-06,TSLA,219.27000427246094,226.32000732421875,215.0,223.97999572753906,117335800
2023-11-07,AAPL,179.71385192871094,180.32666518466948,176.896859550255,177.10441851925728,70530000
2023-11-07,AMZN,142.7100067138672,143.3699951171875,140.5,140.5500030517578,53553500
2023-11-07,GOOGL,129.9878692626953,130.92082271250268,128.90604670679733,129.72982443068332,29757300
2023-11-07,MSFT,353.70672607421875,355.60019234057427,350.8616165126462,352.59810729380996,25833900
2023-11-07,NVDA,45.925376892089844,46.18820402459903,45.128889794516326,45.68952896873558,343165000
2023-11-07,TSLA,222.17999267578125,223.1199951171875,215.72000122070312,219.97999572753906,116900100
2023-11-08,AAPL,180.77142333984375,181.32493395317235,179.4864793691692,180.23768527185777,49340300
2023-11-08,AMZN,142.0800018310547,143.1199951171875,141.22000122070312,142.97000122070312,44521700
2023-11-08,GOOGL,130.85133361816406,131.2185693015223,129.79928493774304,129.98786255864192,26425800
2023-11-08,MSFT,356.326171875,356.9834748418886,353.72630121668095,354.83491988562287,26767800
2023-11-08,NVDA,46.54397964477539,46.836790044608954,45.93836746742981,46.070282349544186,346719000
2023-11-08,TSLA,222.11000061035156,224.14999389648438,217.63999938964844,223.14999389648438,106584800
2023-11-09,AAPL,180.2969970703125,181.98718027395728,179.70394133589065,180.8406289798602,53763500
2023-11-09,AMZN,140.60000610351562,142.64999389648438,139.83999633789062,142.02000427246094,36235400
2023-11-09,GOOGL,129.26332092285156,131.55599554780142,129.09459758945283,130.97042365935377,23747800
2023-11-09,MSFT,353.86358642578125,357.8859958475487,353.5398152366619,355.4431012078397,24847300
2023-11-09,NVDA,46.91973114013672,48.198904678121394,46.719859321767146,47.43639611181253,540496000
2023-11-09,TSLA,209.97999572753906,220.8000030517578,206.67999267578125,219.75,142110500
2023-11-10,AAPL,184.48348999023438,184.65175539538808,181.6430032262288,182.07848170612579,66133400
2023-11-10,AMZN,143.55999755859375,143.64999389648438,139.91000366210938,140.4600067138672,49287800
2023-11-10,GOOGL,131.595703125,131.80413499720473,128.43955723420933,129.1243853429863,26913300
2023-11-10,MSFT,362.6737060546875,363.09556076737016,354.236462100994,354.64849649105355,28042100
2023-11-10,NVDA,48.3038330078125,48.440745708078595,47.25251319058575,47.46937232503573,421245000
2023-11-10,TSLA,214.64999389648438,215.3800048828125,205.69000244140625,210.02999877929688,130994000
2023-11-13,AAPL,182.89996337890625,184.11731278262945,182.3160331472403,183.9094803756521,43627500
2023-11-13,AMZN,142.58999633789062,143.22999572753906,140.6699981689453,142.0800018310547,35680600
2023-11-13,GOOGL,131.09945678710938,131.59570729972106,130.26575956056902,130.79178389238834,18324800
2023-11-13,MSFT,359.740234375,361.49636535118015,358.9749977946541,361.2510968326077,19986500
2023-11-13,NVDA,48.588653564453125,49.08433598855006,48.06798954522677,48.28884773723465,384136000
2023-11-13,TSLA,223.7100067138672,225.39999389648438,211.61000061035156,215.60000610351562,140447600
2023-11-14,AAPL,185.51280212402344,186.17591157835597,184.38452385663774,185.77012344749633,60108400
2023-11-14,AMZN,145.8000030517578,147.25999450683594,144.67999267578125,145.0,56674600
2023-11-14,GOOGL,132.61798095703125,134.68238488834018,132.32024276762044,133.1837138056391,32395200
2023-11-14,MSFT,363.2623291015625,364.9105564931209,360.39760923672634,363.98834436046604,27683900
2023-11-14,NVDA,49.623985290527344,49.801871937843956,49.00838510603704,49.64797189172138,416954000
2023-11-14,TSLA,237.41000366210938,238.13999938964844,230.72000122070312,235.02999877929688,149771600
2023-11-15,AAPL,186.0769500732422,187.55163591900057,185.84931907084464,185.91860660743325,53790500
2023-11-15,AMZN,143.1999969482422,147.2899932861328,142.58999633789062,147.05999755859375,63875700
2023-11-15,GOOGL,133.61045837402344,134.01738735349468,132.5683446064248,133.85858358428234,23861500
2023-11-15,MSFT,363.4098205566406,366.81121863639925,360.89314538692616,364.99254154145893,26860100
2023-11-15,NVDA,48.856483459472656,49.927790961524366,48.168927272564574,49.902809365822506,475497000
2023-11-15,TSLA,242.83999633789062,246.6999969482422,236.4499969482422,239.2899932861328,150354000
2023-11-16,AAPL,187.7594451904297,188.99659293267834,186.71033121940587,187.62088524737388,54412900
2023-11-16,AMZN,142.8300018310547,143.32000732421875,139.52000427246094,140.91000366210938,49653500
2023-11-16,GOOGL,135.9031524658203,136.1909862320152,133.3127394362453,134.17621044610362,28013200
2023-11-16,MSFT,369.79974365234375,369.97668823321743,363.9111612043172,364.6779510555463,27182300
2023-11-16,NVDA,49.44810104370117,49.49307401570829,48.29884470682521,48.64761873945954,339756000
2023-11-16,TSLA,233.58999633789062,240.8800048828125,230.9600067138672,239.49000549316406,136816800
2023-11-17,AAPL,187.7396697998047,188.42257785422723,186.63119011836693,188.29390964052354,50922700
2023-11-17,AMZN,145.17999267578125,145.22999572753906,142.5399932861328,142.66000366210938,49636700
2023-11-17,GOOGL,134.2952880859375,135.03966372618416,132.6477330342115,134.9801160980622,37240600
2023-11-17,MSFT,363.5867614746094,368.0302064935661,360.78501895126305,367.28306715379995,40157000
2023-11-17,NVDA,49.2662239074707,49.68495254819164,48.975411113822275,49.49207615888525,325205000
2023-11-17,TSLA,234.3000030517578,237.38999938964844,226.5399932861328,232.0,142532800
2023-11-20,AAPL,189.4815673828125,189.93684445013852,187.92771748948175,187.93760923589429,46505100
2023-11-20,AMZN,146.1300048828125,146.6300048828125,144.72999572753906,145.1300048828125,41951200
2023-11-20,GOOGL,135.228271484375,135.6352005598195,132.61798881062674,132.68747115517974,27815500
2023-11-20,MSFT,371.0482177734375,372.45399413615905,364.7172740131472,364.9335496074717,52465100
2023-11-20,NVDA,50.37650680541992,50.515417145162935,49.14929773253739,49.28021380853264,414120000
2023-11-20,TSLA,235.60000610351562,237.10000610351562,231.02000427246094,234.0399932861328,116320100
2023-11-21,AAPL,188.6798858642578,189.55084275358138,187.78914548337832,189.44197314241592,38134500
2023-11-21,AMZN,143.89999389648438,144.0500030517578,141.5,143.91000366210938,71226000
2023-11-21,GOOGL,135.94285583496094,136.15127255285424,134.9404353311043,135.2679473163652,22635300
2023-11-21,MSFT,366.7522277832031,369.848877892723,364.83523819118903,369.30820390562985,28423100
2023-11-21,NVDA,49.911800384521484,50.48442900851123,49.1902657498463,50.09368225266799,565747000
2023-11-21,TSLA,241.1999969482422,243.6199951171875,233.33999633789062,235.0399932861328,122288000
2023-11-22,AAPL,189.34300231933594,190.9463411053134,188.8679417719912,189.52115946327928,39617700
2023-11-22,AMZN,146.7100067138672,147.74000549316406,144.57000732421875,144.57000732421875,45669100
2023-11-22,GOOGL,137.45144653320312,138.3744650434286,136.43909143782605,136.43909143782605,17813900
2023-11-22,MSFT,371.4512634277344,373.35841268345206,368.62003030581224,371.5987172360064,23345300
2023-11-22,NVDA,48.68458938598633,50.302544998111564,47.65924993569592,49.81985852243295,899420000
2023-11-22,TSLA,234.2100067138672,244.00999450683594,231.39999389648438,242.0399932861328,117950600
2023-11-24,AAPL,188.0167999267578,188.93723076179566,187.30420149232032,188.90754041885276,24048300
2023-11-24,AMZN,146.74000549316406,147.1999969482422,145.32000732421875,146.6999969482422,22378400
2023-11-24,GOOGL,135.66494750976562,137.0941511979509,134.9701999236649,136.994895052353,12514300
2023-11-24,MSFT,371.03839111328125,371.56925486439644,368.7871927998492,370.9400785666633,10176600
2023-11-24,NVDA,47.74519729614258,48.88945951237367,47.7142152401005,48.438750082118126,294645000
2023-11-24,TSLA,235.4499969482422,238.75,232.3300018310547,233.75,65125200
2023-11-27,AAPL,187.83863830566406,188.70959528304604,186.95778958150402,187.96730652329646,40552600
2023-11-27,AMZN,147.72999572753906,149.25999450683594,146.8800048828125,147.52999877929688,53762400
2023-11-27,GOOGL,135.38705444335938,137.3819758451791,134.98012543057615,135.00989924669568,23436500
2023-11-27,MSFT,372.1983642578125,374.1940157538783,369.8292031236525,370.39936783626126,22179200
2023-11-27,NVDA,48.21089553833008,48.49870804491457,47.621275800712816,47.76917918519112,395662000
2023-11-27,TSLA,236.0800018310547,238.3300018310547,232.10000610351562,236.88999938964844,112031800
2023-11-28,AAPL,188.44236755371094,189.11538388382388,187.45264920500045,187.82874701011957,38415400
2023-11-28,AMZN,147.02999877929688,147.60000610351562,145.52999877929688,146.97999572753906,42711700
2023-11-28,GOOGL,136.17111206054688,136.22074013136128,134.40446177895313,135.0595159672369,18730000
2023-11-28,MSFT,376.2191467285156,376.51405435302496,371.75602133936184,371.9428061684763,20453100
2023-11-28,NVDA,47.79016876220703,48.291847835176796,47.442393546125054,48.20490212503735,401491000
2023-11-28,TSLA,246.72000122070312,247.0,234.00999450683594,236.67999267578125,148549900
2023-11-29,AAPL,187.4229736328125,190.11500896160672,187.02709230289176,188.93724161752115,43014200
2023-11-29,AMZN,146.32000732421875,148.5399932861328,145.97000122070312,147.85000610351562,40610900
2023-11-29,GOOGL,133.9777069091797,137.25294788509495,133.8288226820438,136.53836114342,23967200
2023-11-29,MSFT,372.4343566894531,377.79204546279357,371.0482307864117,377.2612117132878,28963400
2023-11-29,NVDA,48.108970642089844,48.730571377443304,47.8291523366515,48.34781882043628,382005000
2023-11-29,TSLA,244.13999938964844,252.75,242.75999450683594,249.2100067138672,135401300
2023-11-30,AAPL,187.9969940185547,188.36320007044645,186.2550951920731,187.88812439803064,48794400
2023-11-30,AMZN,146.08999633789062,146.92999267578125,144.3300018310547,144.75999450683594,65814000
2023-11-30,GOOGL,131.5361328125,134.533489537284,130.29550678420406,134.0372391259656,38988300
2023-11-30,MSFT,372.4932861328125,373.653296016865,369.1115390125993,372.0803854957098,30554400
2023-11-30,NVDA,46.739845275878906,48.07898145694806,46.392070077516905,47.993034557521675,526247000
2023-11-30,TSLA,240.0800018310547,245.22000122070312,236.91000366210938,245.13999938964844,132353200
2023-12-01,AAPL,189.27374267578125,189.5904446947665,187.28439912721964,188.37309535289532,45704800
2023-12-01,AMZN,147.02999877929688,147.25,145.5500030517578,146.0,39951800
2023-12-01,GOOGL,130.8711700439453,131.11929527039416,129.69009154295097,130.8711700439453,31442300
2023-12-01,MSFT,368.1678161621094,371.7559987121957,365.02199502186244,370.37971321362784,33040500
2023-12-01,NVDA,46.7348518371582,47.169572782203616,46.15722533542331,46.495008690555146,369317000
2023-12-01,TSLA,238.8300018310547,240.19000244140625,231.89999389648438,233.13999938964844,121331700
2023-12-04,AAPL,187.48233032226562,188.09596593756666,185.52269231677565,188.02667840765253,43389500
2023-12-04,AMZN,144.83999633789062,145.35000610351562,142.80999755859375,145.25,48294200
2023-12-04,GOOGL,128.30059814453125,129.05489339161807,126.94086915840347,128.90602431139112,36669900
2023-12-04,MSFT,362.88873291015625,363.26227251698964,356.7543851446723,362.84940189862635,32063300
2023-12-04,NVDA,45.48065948486328,46.04729530005155,44.98098181883111,46.04729530005155,437543000
2023-12-04,TSLA,235.5800018310547,239.3699951171875,233.2899932861328,235.75,104099800
2023-12-05,AAPL,191.4313201904297,192.40123993854135,188.22462732075607,188.25433276481266,66628400
2023-12-05,AMZN,146.8800048828125,148.57000732421875,143.1300048828125,143.5500030517578,46822400
2023-12-05,GOOGL,130.00770568847656,131.14907573021983,127.28824761685543,127.98299525723667,27384800
2023-12-05,MSFT,366.21148681640625,366.76200100247496,359.4283420231669,360.24430304947185,23065000
2023-12-05,NVDA,46.54007339477539,46.57405104711008,45.24579248346221,45.44068360016381,371718000
2023-12-05,TSLA,238.72000122070312,246.66000366210938,233.6999969482422,233.8699951171875,137971100
2023-12-06,AAPL,190.34263610839844,192.75753614335477,190.1347886146608,192.45072587794942,41089700
2023-12-06,AMZN,144.52000427246094,147.85000610351562,144.27999877929688,147.5800018310547,39679000
2023-12-06,GOOGL,129.04498291015625,130.85132683618656,128.9060333773847,130.45433249808588,23576200
2023-12-06,MSFT,362.55450439453125,367.8434010010659,361.7975548433351,367.2142547508921,21182100
2023-12-06,NVDA,45.4776611328125,47.36061475805966,45.38671220041947,47.188709647488736,380590000
2023-12-06,TSLA,239.3699951171875,246.57000732421875,239.1699981689453,242.9199981689453,126436200
2023-12-07,AAPL,192.2725830078125,192.99507315570867,191.59956669458757,191.63916388460834,47477700
2023-12-07,AMZN,146.8800048828125,147.9199981689453,145.33999633789062,146.14999389648438,52352800
2023-12-07,GOOGL,135.9031524658203,137.52093391588886,133.68987951198724,134.02732621189014,56767100
2023-12-07,MSFT,364.6681213378906,365.15965403682253,360.11652374565716,361.99418225567007,23118900
2023-12-07,NVDA,46.5700569152832,46.6030394870367,45.578608662273986,45.67455588233509,350823000
2023-12-07,TSLA,242.63999938964844,244.0800018310547,236.97999572753906,241.5500030517578,107142300
2023-12-08,AAPL,193.69776916503906,193.97488907234165,191.67873543823174,192.2032849129047,53406400
2023-12-08,AMZN,147.4199981689453,147.83999633789062,145.39999389648438,145.47999572753906,41906000
2023-12-08,GOOGL,133.9777069091797,135.37712172033739,133.02489934634232,133.19362268827305,32260100
2023-12-08,MSFT,367.892578125,368.11866396815253,361.99418568198814,362.94776032697274,20154400
2023-12-08,NVDA,47.47954559326172,47.71441533754204,46.52407668516983,46.5690536083124,359224000
2023-12-08,TSLA,243.83999633789062,245.27000427246094,239.27000427246094,240.27000427246094,103126800
2023-12-11,AAPL,191.1937713623047,191.5005967167582,189.4518726145205,191.12449893522992,60943700
2023-12-11,AMZN,145.88999938964844,146.19000244140625,143.63999938964844,145.66000366210938,50907300
2023-12-11,GOOGL,132.29043579101562,132.3400638639477,130.37491635960205,131.3872714988426,31138000
2023-12-11,MSFT,365.0121765136719,365.30711413857625,359.90025435719485,362.2399548445349,27708800
2023-12-11,NVDA,46.601036071777344,47.504532035793474,45.8044827851011,47.46455720613541,509728000
2023-12-11,TSLA,239.74000549316406,243.44000244140625,237.4499969482422,242.74000549316406,97913900
2023-12-12,AAPL,192.7080535888672,192.71794533501543,189.748790485074,191.09480795445688,52696900
2023-12-12,AMZN,147.47999572753906,147.5,145.3000030517578,145.52000427246094,44944300
2023-12-12,GOOGL,131.5262451171875,132.00264138703446,130.27568408533818,130.82156269889427,29032800
2023-12-12,MSFT,368.0400085449219,368.079339558926,364.1863791933993,364.5697890781994,24838300
2023-12-12,NVDA,47.630462646484375,47.63945650611494,46.02035970624614,46.02035970624614,372387000
2023-12-12,TSLA,237.00999450683594,238.99000549316406,233.8699951171875,238.5500030517578,95328300
2023-12-13,AAPL,195.92465209960938,195.96423418895137,192.8466274130704,193.08415015292962,70404200
2023-12-13,AMZN,148.83999633789062,149.4600067138672,146.82000732421875,148.1199951171875,52766200
2023-12-13,GOOGL,131.57586669921875,132.49888537297187,130.583365685189,132.37979009748466,30104800
2023-12-13,MSFT,368.03021240234375,371.2448556652715,364.49117073712733,369.65226441534134,30955500
2023-12-13,NVDA,48.06123352050781,48.566952378907466,47.58150116547317,47.602489384520176,447792000
2023-12-13,TSLA,239.2899932861328,240.3000030517578,228.1999969482422,234.19000244140625,146286300
2023-12-14,AAPL,196.07310485839844,197.567574144968,194.14315707722483,195.98403383047588,66831600
2023-12-14,AMZN,147.4199981689453,150.5399932861328,145.52000427246094,149.92999267578125,58400800
2023-12-14,GOOGL,130.95057678222656,132.71722724840416,128.71744966150473,132.37978056258655,38722400
2023-12-14,MSFT,359.7330627441406,367.4304805165179,357.96355727963385,366.9880891500058,43277500
2023-12-14,NVDA,48.323081970214844,48.64290352081347,47.395600998508286,48.36306061718308,391232000
2023-12-14,TSLA,251.0500030517578,253.8800048828125,240.7899932861328,241.22000122070312,160829200
2023-12-15,AAPL,195.53866577148438,196.36011872958818,194.9745190512041,195.4990685795855,128538400
2023-12-15,AMZN,149.97000122070312,150.57000732421875,147.8800048828125,148.3800048828125,110089300
2023-12-15,GOOGL,131.60562133789062,132.5087856193142,130.19625677632916,130.63295958195536,50847100
2023-12-15,MSFT,364.4518127441406,366.09351500946013,360.0771601195224,360.6375145457429,78502300
2023-12-15,NVDA,48.86277770996094,49.37649145661912,48.09320598416868,48.16716609290554,479948000
2023-12-15,TSLA,253.5,254.1300048828125,248.3000030517578,251.2100067138672,135932800
2023-12-18,AAPL,193.8759307861328,194.6083278162061,192.39135323196817,194.07387143964067,55751900
2023-12-18,AMZN,154.07000732421875,154.85000610351562,150.0500030517578,150.55999755859375,62512800
2023-12-18,GOOGL,134.78164672851562,136.1215140704281,131.4369078643111,131.6354201914368,32258000
2023-12-18,MSFT,366.33929443359375,366.68337330414107,362.4365238179664,363.1935033333252,21802900
2023-12-18,NVDA,50.04911804199219,50.40491882356695,49.12263603296827,49.37249683921415,412587000
2023-12-18,TSLA,252.0800018310547,258.739990234375,251.36000061035156,253.77999877929688,116416500
2023-12-19,AAPL,194.9151153564453,194.92500710230044,193.87590816937887,194.14313632648785,40714100
2023-12-19,AMZN,153.7899932861328,155.1199951171875,152.69000244140625,154.39999389648438,43171300
2023-12-19,GOOGL,135.625244140625,136.43910216120065,135.05952649346082,135.81382173780045,25476800
2023-12-19,MSFT,366.93896484375,366.93896484375,363.5768683048988,365.1989200557806,20603700
2023-12-19,NVDA,49.57637405395508,49.67232125952952,48.86776928450163,49.396473996646186,464444000
2023-12-19,TSLA,257.2200012207031,258.3399963378906,253.00999450683594,253.47999572753906,106737400
2023-12-20,AAPL,192.8268280029297,195.6475162401682,192.8268280029297,194.87553713507947,52242800
2023-12-20,AMZN,152.1199951171875,155.6300048828125,151.55999755859375,152.89999389648438,50322100
2023-12-20,GOOGL,137.3025665283203,140.63737005261123,137.03460219773686,137.9278469217378,49107200
2023-12-20,MSFT,364.3436584472656,369.6620453460696,364.2551861699306,368.64948928220537,26316700
2023-12-20,NVDA,48.084205627441406,49.97115463261809,48.07121237951516,49.62734444732078,397894000
2023-12-20,TSLA,247.13999938964844,259.8399963378906,247.0,256.4100036621094,125097000
2023-12-21,AAPL,192.67837524414062,195.0537085192927,191.5105147545003,194.08378869377222,46482500
2023-12-21,AMZN,153.83999633789062,153.97000122070312,152.10000610351562,153.3000030517578,36305700
2023-12-21,GOOGL,139.36697387695312,139.63495335905975,138.1362673150206,138.44395531377506,27488300
2023-12-21,MSFT,367.21429443359375,368.0695566165207,363.7735651914328,366.2508794455086,17708000
2023-12-21,NVDA,48.96271896362305,49.067660031222275,48.3920339970984,48.78381779537504,300425000
2023-12-21,TSLA,254.5,254.8000030517578,248.5500030517578,251.89999389648438,109594200
2023-12-22,AAPL,191.60946655273438,193.40085423729087,190.98593919883143,193.17320815773428,37149600
2023-12-22,AMZN,153.4199981689453,154.35000610351562,152.7100067138672,153.77000427246094,29514100
2023-12-22,GOOGL,140.428955078125,140.92520551853121,139.6548056026402,139.7143532323911,26532200
2023-12-22,MSFT,368.2366027832031,368.8264479888416,366.39827539290235,367.3518499751321,17107500
2023-12-22,NVDA,48.80281448364258,49.35550417725914,48.440013817586234,49.16760912555352,252507000
2023-12-22,TSLA,252.5399932861328,258.2200012207031,251.3699951171875,256.760009765625,93370100
2023-12-26,AAPL,191.0651397705078,191.8964996004414,190.84740051477698,191.6193796571302,28919300
2023-12-26,AMZN,153.41000366210938,153.97999572753906,153.02999877929688,153.55999755859375,25067200
2023-12-26,GOOGL,140.45872497558594,141.61001445550394,140.1311978767292,140.52819216023732,16780300
2023-12-26,MSFT,368.31524658203125,370.5566342519059,367.17488724110945,368.6494851818368,12673100
2023-12-26,NVDA,49.251556396484375,49.572376781102484,48.93273380006729,48.9407287654443,244200000
2023-12-26,TSLA,256.6099853515625,257.9700012207031,252.91000366210938,254.49000549316406,86892400
2023-12-27,AAPL,191.16409301757812,191.5105004803971,189.12527563548673,190.5108903848591,48087700
2023-12-27,AMZN,153.33999633789062,154.77999877929688,153.1199951171875,153.55999755859375,31434700
2023-12-27,GOOGL,139.3173370361328,141.01452012352266,138.84094087687075,140.5281892635429,19628600
2023-12-27,MSFT,367.7353515625,368.70857689399736,366.4966793218445,367.3617818390781,14905400
2023-12-27,NVDA,49.389488220214844,49.65234228998856,49.05767232034617,49.483437657255976,233648000
2023-12-27,TSLA,261.44000244140625,263.3399963378906,257.5199890136719,258.3500061035156,106494400
2023-12-28,AAPL,191.5896759033203,192.65857351066379,191.18388776405135,192.14391575114956,34049900
2023-12-28,AMZN,153.3800048828125,154.0800018310547,152.9499969482422,153.72000122070312,27057000
2023-12-28,GOOGL,139.17840576171875,140.0815852724405,138.70200954003505,139.72428432008698,16045700
2023-12-28,MSFT,368.92474365234375,370.08475350322914,367.82371531924764,369.0132159290277,14327000
2023-12-28,NVDA,49.49442672729492,49.85622468658464,49.38448736257904,49.615361553511725,246587000
2023-12-28,TSLA,253.17999267578125,265.1300048828125,252.7100067138672,263.6600036621094,113619900
2023-12-29,AAPL,190.5504608154297,192.40122918172025,189.758683164504,191.9063700376295,42672100
2023-12-29,AMZN,151.94000244140625,153.88999938964844,151.02999877929688,153.10000610351562,39823200
2023-12-29,GOOGL,138.64244079589844,139.30741452234906,137.73926142269332,138.58289317029994,18733000
2023-12-29,MSFT,369.67193603515625,370.77296452657316,367.1552909116957,369.6326050173838,18730800
2023-12-29,NVDA,49.49442672729492,49.96916454651592,48.72385609264306,49.78526507165566,389293000
2023-12-29,TSLA,248.47999572753906,255.19000244140625,247.42999267578125,255.10000610351562,100891600
2024-01-02,AAPL,183.73129272460938,186.50250680575422,181.99928581163158,185.2257618242656,82488700
2024-01-02,AMZN,149.92999267578125,152.3800048828125,148.38999938964844,151.5399932861328,47339400
2024-01-02,GOOGL,137.13385009765625,138.4042500618413,135.45652112222194,137.51100529289818,23711200
2024-01-02,MSFT,364.5894775390625,369.5342955375811,360.55890320609336,367.528833625427,25258600
2024-01-02,NVDA,48.14117431640625,49.26754558758411,47.568495374432075,49.216575301212856,411254000
2024-01-02,TSLA,248.4199981689453,251.25,244.41000366210938,250.0800018310547,104654200
2024-01-03,AAPL,182.3555908203125,183.96883642924203,181.5440145919006,182.32590048043423,58414500
2024-01-03,AMZN,148.47000122070312,151.0500030517578,148.3300018310547,149.1999969482422,49425500
2024-01-03,GOOGL,137.8782196044922,138.58290188858055,136.05202163090297,136.2207449621666,24212100
2024-01-03,MSFT,364.32403564453125,366.93899315410624,362.26943260145976,362.760965291212,23083500
2024-01-03,NVDA,47.54250717163086,48.157162518574,47.29364530064644,47.45855432058639,320896000
2024-01-03,TSLA,238.4499969482422,245.67999267578125,236.32000732421875,244.97999572753906,121082600
2024-01-04,AAPL,180.0396728515625,181.2075332827541,179.02026413555495,180.277195595857,71983600
2024-01-04,AMZN,144.57000732421875,147.3800048828125,144.0500030517578,145.58999633789062,56039800
2024-01-04,GOOGL,135.36720275878906,138.11643460621872,135.32750938466225,137.38197845779115,27137700
2024-01-04,MSFT,361.7090759277344,366.7816968551165,360.95212639041375,364.3928551976836,20901500
2024-01-04,NVDA,47.971275329589844,48.47299471292731,47.48154648897857,47.74040114665584,306535000
2024-01-04,TSLA,237.92999267578125,242.6999969482422,237.72999572753906,239.25,102629300
2024-01-05,AAPL,179.317138671875,180.8808952614232,178.31752871293088,180.1188231104021,62379700
2024-01-05,AMZN,145.24000549316406,146.58999633789062,144.52999877929688,144.69000244140625,45153100
2024-01-05,GOOGL,134.712158203125,136.13144252624735,134.13650579847908,135.72451347642397,22513900
2024-01-05,MSFT,361.52227783203125,365.75928703620065,360.29344616027043,362.72161874370073,21004600
2024-01-05,NVDA,49.069664001464844,49.51941421396134,48.27910404671196,48.43501923291163,415039000
2024-01-05,TSLA,237.49000549316406,240.1199951171875,234.89999389648438,236.86000061035156,92488900
2024-01-08,AAPL,183.65213012695312,183.6917273170526,179.63387614033877,180.21780632812883,59144500
2024-01-08,AMZN,149.10000610351562,149.39999389648438,146.14999389648438,146.74000549316406,46757100
2024-01-08,GOOGL,137.798828125,137.96755146900708,135.23817385924744,135.26794767616852,21404000
2024-01-08,MSFT,368.34478759765625,368.8461605661577,362.76098316710153,363.04605054064757,23134000
2024-01-08,NVDA,52.22390365600586,52.24589457837139,49.45144996976697,49.48443254074205,642510000
2024-01-08,TSLA,240.4499969482422,241.25,235.3000030517578,236.13999938964844,85166600
2024-01-09,AAPL,183.23643493652344,183.24632668227045,180.8512103460259,182.0289774717032,42841800
2024-01-09,AMZN,151.3699951171875,151.7100067138672,148.2100067138672,148.3300018310547,43812600
2024-01-09,GOOGL,139.8930206298828,140.42897968026014,137.11401464787397,137.46139607476167,24759600
2024-01-09,MSFT,369.4261474609375,369.62274253642516,364.9040407138779,365.71016152546855,20830000
2024-01-09,NVDA,53.11041259765625,54.29475419696261,51.66121915258384,52.37182563719699,773100000
2024-01-09,TSLA,234.9600067138672,238.9600067138672,232.0399932861328,238.11000061035156,96705700
2024-01-10,AAPL,184.27566528320312,184.48349768333688,182.02900036017593,182.4545871112419,46792900
2024-01-10,AMZN,153.72999572753906,154.4199981689453,151.8800048828125,152.05999755859375,44421800
2024-01-10,GOOGL,141.21302795410156,141.9276298192861,139.85330655657418,139.94262800363174,21320200
2024-01-10,MSFT,376.2879333496094,377.6642489138574,369.94717950336036,369.99632077317983,25514200
2024-01-10,NVDA,54.31973648071289,54.569597281107285,53.45921582315341,53.58614782430592,533796000
2024-01-10,TSLA,233.94000244140625,235.5,231.2899932861328,235.10000610351562,91628500
2024-01-11,AAPL,183.68182373046875,185.12681915669637,181.73207738578324,184.62205313633504,49128400
2024-01-11,AMZN,155.17999267578125,157.1699981689453,153.1199951171875,155.0399932861328,49072700
2024-01-11,GOOGL,141.0145263671875,144.13097851399309,139.58532268175995,142.41395623786542,24008700
2024-01-11,MSFT,378.1164245605469,384.0639578363486,373.9383968872458,379.4632192692285,27850800
2024-01-11,NVDA,54.791473388671875,55.315183696465496,53.530178853161665,54.9683767860804,596759000
2024-01-11,TSLA,227.22000122070312,230.92999267578125,225.3699951171875,230.57000732421875,105873600
2024-01-12,AAPL,184.00843811035156,184.82001442518902,183.28594792653803,184.14699807850627,40477800
2024-01-12,AMZN,154.6199951171875,156.1999969482422,154.00999450683594,155.38999938964844,40484200
2024-01-12,GOOGL,141.5802459716797,142.12612449032548,140.75648355960536,141.6001002299109,18785500
2024-01-12,MSFT,381.8913879394531,382.0978232574525,378.13607119839037,378.9618424711607,21661200
2024-01-12,NVDA,54.679534912109375,54.93939227133335,54.29974925258684,54.58958487431233,352994000
2024-01-12,TSLA,218.88999938964844,225.33999633789062,217.14999389648438,220.0800018310547,123043800
2024-01-16,AAPL,181.74197387695312,182.36548612847807,179.0697224204938,180.28708678689063,65603000
2024-01-16,AMZN,153.16000366210938,154.99000549316406,152.14999389648438,153.52999877929688,41384600
2024-01-16,GOOGL,141.42147827148438,143.267530806828,140.38926871174172,140.93514731118603,22670500
2024-01-16,MSFT,383.6609191894531,387.3572546583597,381.0558019045163,386.9935252639614,27202300
2024-01-16,NVDA,56.350608825683594,56.803355729677996,54.86943549694436,54.98736982997111,449580000
2024-01-16,TSLA,219.91000366210938,223.49000549316406,212.17999267578125,215.10000610351562,115355000
2024-01-17,AAPL,180.8017120361328,181.0491415840924,178.4461930088501,179.40622086308548,47317400
2024-01-17,AMZN,151.7100067138672,152.14999389648438,149.91000366210938,151.49000549316406,34953400
2024-01-17,GOOGL,140.40911865234375,140.77633917868644,137.85838379541343,140.2900233777166,20968600
2024-01-17,MSFT,382.8744812011719,383.50362745457204,378.29339285307435,381.4097233605343,22234100
2024-01-17,NVDA,56.02178955078125,56.439556064869315,54.709520939803106,56.31562456246964,474394000
2024-01-17,TSLA,215.5500030517578,215.6699981689453,212.00999450683594,214.86000061035156,103164400
2024-01-18,AAPL,186.69056701660156,187.1953179109023,183.91935276727983,184.17667408756796,78005800
2024-01-18,AMZN,153.5,153.77999877929688,151.82000732421875,152.77000427246094,37850200
2024-01-18,GOOGL,142.40402221679688,143.12855876412843,140.92520559596517,140.98475322574876,25746400
2024-01-18,MSFT,387.1999816894531,387.31794474262756,383.51348627386955,385.08639698467385,23392100
2024-01-18,NVDA,57.0752067565918,57.5679323320847,56.075763460461346,57.228121458897405,491650000
2024-01-18,TSLA,211.8800048828125,217.4499969482422,208.74000549316406,216.8800048828125,108595400
2024-01-19,AAPL,189.59042358398438,189.97641309339812,186.87860527237555,187.3833561379468,68903000
2024-01-19,AMZN,155.33999633789062,155.75999450683594,152.74000549316406,153.8300018310547,51651600
2024-01-19,GOOGL,145.28228759765625,145.35175478607076,143.29728578386394,143.65458671612103,34271900
2024-01-19,MSFT,391.91864013671875,391.91864013671875,386.83617954565267,389.05791663198113,29331100
2024-01-19,NVDA,59.4578742980957,59.46686815803494,57.1931334387279,57.95670795373914,543501000
2024-01-19,TSLA,212.19000244140625,213.19000244140625,207.55999755859375,209.99000549316406,102260300
2024-01-22,AAPL,191.896484375,193.32168117146784,190.2832386815117,190.32283587135973,60133900
2024-01-22,AMZN,154.77999877929688,157.0500030517578,153.89999389648438,156.88999938964844,43687500
2024-01-22,GOOGL,144.8952178955078,147.2772140972634,144.7463336676715,145.99689454630132,32200400
2024-01-22,MSFT,389.7952880859375,393.8356726529961,386.9247237943795,393.2458273875224,27016900
2024-01-22,NVDA,59.620784759521484,60.29740976678535,59.037110289114665,60.01556528618006,452955000
2024-01-22,TSLA,208.8000030517578,217.8000030517578,206.27000427246094,212.25999450683594,117952500
2024-01-23,AAPL,193.17323303222656,193.73737977781175,191.83712223283266,193.01488956324005,42355600
2024-01-23,AMZN,156.02000427246094,156.2100067138672,153.92999267578125,154.85000610351562,37986000
2024-01-23,GOOGL,145.9373321533203,146.07628167971635,144.40888736296378,144.79596212537868,21636100
2024-01-23,MSFT,392.1447448730469,392.61662702057765,387.25890909833606,389.0480951568549,20525900
2024-01-23,NVDA,59.839664459228516,59.876642607504685,58.55237959065836,59.536831763324194,294654000
2024-01-23,TSLA,209.13999938964844,215.64999389648438,207.75,211.3000030517578,106605900
2024-01-24,AAPL,192.50022888183594,194.36090430723632,192.34187031331157,193.4107679979945,53631300
2024-01-24,AMZN,156.8699951171875,158.50999450683594,156.47999572753906,157.8000030517578,48547300
2024-01-24,GOOGL,147.5848846435547,148.7262697948882,146.98939317466798,147.4260808607733,25233500
2024-01-24,MSFT,395.7428283691406,398.7608465253621,393.66857465315076,394.7401124022686,24867000
2024-01-24,NVDA,61.32783126831055,62.81400277309229,59.90462440869122,60.27042173718701,560271000
2024-01-24,TSLA,207.8300018310547,212.72999572753906,206.77000427246094,211.8800048828125,123369900
2024-01-25,AAPL,192.17359924316406,194.2520137003454,191.124500268323,193.21280647175473,54822100
2024-01-25,AMZN,157.75,158.50999450683594,154.5500030517578,156.9499969482422,43638600
2024-01-25,GOOGL,150.73110961914062,151.90226857782716,148.41858066213035,148.94462008165343,29149100
2024-01-25,MSFT,398.013671875,400.11744616888006,395.71330250742477,397.4729979213706,21021200
2024-01-25,NVDA,61.58269119262695,62.68407876992676,60.81611616664833,62.31528094129938,482777000
2024-01-25,TSLA,182.6300048828125,193.0,180.05999755859375,189.6999969482422,198076800
2024-01-26,AAPL,190.4415740966797,192.75751105858055,189.966513589549,192.27255880614135,44594000
2024-01-26,AMZN,159.1199951171875,160.72000122070312,157.91000366210938,158.4199981689453,51047400
2024-01-26,GOOGL,151.0487060546875,151.39607226389228,149.8775471822791,149.96688376806185,26115500
2024-01-26,MSFT,397.0895690917969,399.2916558179086,395.61497110591324,397.52212023438454,17803300
2024-01-26,NVDA,60.99701690673828,61.748600916766215,60.53927554518053,60.926057292697806,390309000
2024-01-26,TSLA,183.25,186.77999877929688,182.10000610351562,185.5,107343200
2024-01-29,AAPL,189.75869750976562,190.22386634852867,187.63080907007364,190.03581744325376,47145600
2024-01-29,AMZN,161.25999450683594,161.2899932861328,158.89999389648438,159.33999633789062,45270400
2024-01-29,GOOGL,152.3588104248047,152.62678991300623,150.29440669865645,150.919687123006,27784300
2024-01-29,MSFT,402.7815246582031,403.037131241998,397.4827881758261,399.18350198201716,24510200
2024-01-29,NVDA,62.430213928222656,62.45419882429467,60.87308290712382,61.197898867345,348733000
2024-01-29,TSLA,190.92999267578125,191.47999572753906,183.6699981689453,185.6300048828125,125013100
2024-01-30,AAPL,186.1066436767578,189.82799457367844,185.54251203451676,188.97683613469175,55859400
2024-01-30,AMZN,159.0,161.72999572753906,158.49000549316406,160.6999969482422,45207400
2024-01-30,GOOGL,150.32418823242188,152.46797859903648,150.05620875745953,151.6541357617942,36331800
2024-01-30,MSFT,401.67071533203125,406.0551789121295,399.5669708342569,405.27857879420264,33477600
2024-01-30,NVDA,62.739044189453125,63.457645602005435,62.225330458008614,62.86497729318725,410735000
2024-01-30,TSLA,191.58999633789062,196.36000061035156,190.61000061035156,195.3300018310547,109982300
2024-01-31,AAPL,182.50405883789062,185.17631048108575,182.45458500160478,185.11691469411622,55467800
2024-01-31,AMZN,155.1999969482422,159.00999450683594,154.80999755859375,157.0,50284400
2024-01-31,GOOGL,139.0493927001953,142.9201404462014,138.82110657193016,142.5429852293833,71910000
2024-01-31,MSFT,390.8471374511719,408.28673844568766,390.48340804499526,400.06829591373173,47871100
2024-01-31,NVDA,61.49273681640625,62.234324185472055,60.66619769778631,61.40578346607499,453795000
2024-01-31,TSLA,187.2899932861328,193.97000122070312,185.85000610351562,187.0,103221400
2024-02-01,AAPL,184.93875122070312,185.02782223798647,181.93001441121828,182.0982647000541,64885400
2024-02-01,AMZN,159.27999877929688,159.75999450683594,155.6199951171875,155.8699951171875,76542400
2024-02-01,GOOGL,140.1014404296875,141.9871862131904,139.73420477296187,141.0542328791591,40466500
2024-02-01,MSFT,396.942138671875,401.0906757831929,394.9956584155895,395.02514917701313,30657700
2024-02-01,NVDA,62.99190902709961,63.15581918121957,61.6156767942891,62.06542319875055,369146000
2024-02-01,TSLA,188.86000061035156,189.8800048828125,184.27999877929688,188.5,91843300
2024-02-02,AAPL,183.9391632080078,185.40394215196616,177.40701599262258,178.01074479617154,102551700
2024-02-02,AMZN,171.80999755859375,172.5,167.3300018310547,169.19000244140625,117218300
2024-02-02,GOOGL,141.3123016357422,141.55049219078217,135.47639072744062,138.21568812094753,62499600
2024-02-02,MSFT,404.2561340332031,405.66191028214797,396.7258498594463,396.9716161967069,28256700
2024-02-02,NVDA,66.12316131591797,66.56291110918288,63.654531745686434,63.93837399186544,476578000
2024-02-02,TSLA,187.91000366210938,188.69000244140625,182.0,185.0399932861328,110612700
2024-02-05,AAPL,185.75030517578125,187.30417000412038,183.92922730587782,186.21547393955785,69668800
2024-02-05,AMZN,170.30999755859375,170.5500030517578,167.6999969482422,170.1999969482422,55081300
2024-02-05,GOOGL,142.60252380371094,144.37910891749272,141.70927904042497,141.74898755775797,38505400
2024-02-05,MSFT,398.78045654296875,404.197156266753,397.1485644483077,402.9584843152066,25352300
2024-02-05,NVDA,69.29339599609375,69.45830503749701,67.16758142852466,68.18701012748092,680078000
2024-02-05,TSLA,181.05999755859375,184.67999267578125,175.00999450683594,184.25999450683594,134294400
2024-02-06,AAPL,187.3536834716797,187.36357521832525,184.8496972971495,184.93876832266957,43490800
2024-02-06,AMZN,169.14999389648438,170.7100067138672,167.64999389648438,169.38999938964844,42505500
2024-02-06,GOOGL,143.0194091796875,144.26995506660353,142.11622957806597,143.5652726486309,29128200
2024-02-06,MSFT,398.6231689453125,401.06118187336995,396.0868734804641,399.0065788415849,18382600
2024-02-06,NVDA,68.18501281738281,69.71515858330277,66.26308702618283,69.59122707783612,683111000
2024-02-06,TSLA,185.10000610351562,186.49000549316406,177.11000061035156,177.2100067138672,122676000
2024-02-07,AAPL,187.46253967285156,189.08567701882757,186.6707620426896,188.67988890685803,53439000
2024-02-07,AMZN,170.52999877929688,170.8800048828125,168.94000244140625,169.47999572753906,47174100
2024-02-07,GOOGL,144.44859313964844,144.52799503931547,142.85066587671363,143.67444354834973,25208900
2024-02-07,MSFT,407.0382385253906,407.28400488846614,400.50085926773676,400.5401902860463,22340500
2024-02-07,NVDA,70.0599594116211,70.18089422020962,67.56235060844563,68.28095195120673,495575000
2024-02-07,TSLA,187.5800018310547,189.7899932861328,182.67999267578125,188.17999267578125,111535200
2024-02-08,AAPL,186.38372802734375,187.59117026862984,185.42370022002498,187.44271858786936,40962000
2024-02-08,AMZN,169.83999633789062,171.42999267578125,168.8800048828125,169.64999389648438,42316500
2024-02-08,GOOGL,144.8158416748047,145.2326903267898,144.01191819280734,144.7364397680887,22563800
2024-02-08,MSFT,407.09716796875,408.5226246925269,405.5439379531735,407.03818644922006,21225300
2024-02-08,NVDA,69.60221862792969,70.75457644757603,69.41632519274872,70.0349761659854,414422000
2024-02-08,TSLA,189.55999755859375,191.6199951171875,185.5800018310547,189.0,83034000
2024-02-09,AAPL,187.1468048095703,188.2765227675386,186.30446474496694,186.9485964735415,45155200
2024-02-09,AMZN,174.4499969482422,175.0,170.5800018310547,170.89999389648438,56986000
2024-02-09,GOOGL,147.8826446533203,148.31934750358255,145.08378464629212,145.58003513170593,26829500
2024-02-09,MSFT,413.4281311035156,413.693577955035,408.060602560808,408.2178966207668,22032800
2024-02-09,NVDA,72.09284973144531,72.14481511205457,70.17291382776136,70.49373428612587,436637000
2024-02-09,TSLA,193.57000732421875,194.1199951171875,189.47999572753906,190.17999267578125,84476300
2024-02-12,AAPL,185.462158203125,186.96845412640727,185.10540430343121,186.7207087827637,41781900
2024-02-12,AMZN,172.33999633789062,175.38999938964844,171.5399932861328,174.8000030517578,51050400
2024-02-12,GOOGL,146.42367553710938,148.2200999757686,146.2648717378868,147.3070008467846,21564100
2024-02-12,MSFT,408.2276611328125,413.6148391831957,407.72628828476604,413.4378946488624,21202900
2024-02-12,NVDA,72.20777130126953,74.56945447682682,71.21032591879988,72.55957267433736,613710000
2024-02-12,TSLA,188.1300048828125,194.72999572753906,187.27999877929688,192.11000061035156,95498600
2024-02-13,AAPL,183.3711395263672,184.53060074172208,181.85493962465304,184.094566630165,56529500
2024-02-13,AMZN,168.63999938964844,170.9499969482422,165.75,167.72999572753906,56345100
2024-02-13,GOOGL,144.05157470703125,145.57009981647306,142.61245148398422,143.83322330553597,27837700
2024-02-13,MSFT,399.43914794921875,403.12564326770877,396.55877347389134,398.0825128718903,27824900
2024-02-13,NVDA,72.08784484863281,73.40910749101484,69.58124543898839,70.36080999462226,602580000
2024-02-13,TSLA,184.02000427246094,187.25999450683594,182.11000061035156,183.99000549316406,86759500
2024-02-14,AAPL,182.4892120361328,183.8567711565096,180.79464237244255,183.6486735380374,54630500
2024-02-14,AMZN,170.97999572753906,171.2100067138672,168.27999877929688,169.2100067138672,42815500
2024-02-14,GOOGL,144.8455810546875,145.42123338322318,143.00944836635193,144.9845305723091,22704200
2024-02-14,MSFT,403.29986572265625,403.6445808998677,398.454256564083,401.9013482236895,20401200
2024-02-14,NVDA,73.85885620117188,74.19466766232887,71.89795059750436,73.16124677886643,504917000
2024-02-14,TSLA,188.7100067138672,188.88999938964844,183.35000610351562,185.3000030517578,81203000
2024-02-15,AAPL,182.20179748535156,182.82612045767794,179.71444020641266,181.89459574378543,65434500
2024-02-15,AMZN,169.8000030517578,171.1699981689453,167.58999633789062,170.5800018310547,49855200
2024-02-15,GOOGL,141.6993408203125,142.4437164064645,139.40666643806202,142.0665612632856,37590700
2024-02-15,MSFT,400.4141845703125,402.94534207042653,398.17851011795324,401.9703171422234,21825500
2024-02-15,NVDA,72.6175308227539,73.93379867183279,72.35967890593884,73.82786252680346,420122000
2024-02-15,TSLA,200.4499969482422,200.8800048828125,188.86000061035156,189.16000366210938,120831800
2024-02-16,AAPL,180.66580200195312,183.18290302222294,180.03157456209792,181.76579187183052,49752500
2024-02-16,AMZN,169.50999450683594,170.4199981689453,167.1699981689453,168.74000549316406,48107700
2024-02-16,GOOGL,139.4662322998047,142.1162079157189,139.08907710730534,141.9177107623263,31468900
2024-02-16,MSFT,397.95196533203125,402.11803273676423,397.3413424619827,401.7930043986709,22296500
2024-02-16,NVDA,72.57256317138672,74.36056840015162,72.46062602851259,74.05873462198204,495327000
2024-02-16,TSLA,199.9499969482422,203.1699981689453,197.39999389648438,202.05999755859375,111346700
2024-02-20,AAPL,179.92254638671875,180.78469520216953,178.3766181157698,180.15046783149373,53665600
2024-02-20,AMZN,167.0800018310547,168.7100067138672,165.74000549316406,167.8300018310547,41980300
2024-02-20,GOOGL,140.0617218017578,141.01452932682773,138.44395563708255,138.6126789723254,25144700
2024-02-20,MSFT,396.701171875,398.3754555316585,391.99343067715284,397.1443513475326,24307900
2024-02-20,NVDA,69.41332244873047,71.91592565937303,67.696276964279,71.90692798783778,704833000
2024-02-20,TSLA,193.75999450683594,198.60000610351562,189.1300048828125,196.1300048828125,104545800
2024-02-21,AAPL,180.67568969726562,181.24054108716462,179.03065736673128,180.29911202321813,41371400
2024-02-21,AMZN,168.58999633789062,170.22999572753906,167.13999938964844,168.94000244140625,44420100
2024-02-21,GOOGL,141.48101806640625,141.6199675981642,139.62503093119838,140.38926092804869,23223300
2024-02-21,MSFT,396.1003723144531,396.20872511051635,391.2153593903598,394.12077725006736,18518900
2024-02-21,NVDA,67.43444061279297,68.84965273678795,66.21112295055113,67.9681399359681,673755000
2024-02-21,TSLA,194.77000427246094,199.44000244140625,191.9499969482422,193.36000061035156,103500300
2024-02-22,AAPL,182.7071990966797,183.29188949706392,180.8144364958238,181.82522643308513,52292200
2024-02-22,AMZN,174.5800018310547,174.8000030517578,171.77000427246094,173.10000610351562,55392400
2024-02-22,GOOGL,143.00946044921875,143.9126399622496,141.72914086755702,143.84315762538745,27191900
2024-02-22,MSFT,405.42724609375,406.5894012936675,402.3938184427991,403.9893247437461,27009900
2024-02-22,NVDA,78.49427795410156,78.53125229218321,74.17868109913526,74.98323324060954,865100000
2024-02-22,TSLA,197.41000366210938,198.32000732421875,191.36000061035156,194.0,92739500
2024-02-23,AAPL,180.87388610839844,183.37114775196545,180.58649310326592,183.34141952676862,45119700
2024-02-23,AMZN,174.99000549316406,175.75,173.6999969482422,174.27999877929688,59715200
2024-02-23,GOOGL,142.88046264648438,143.5950494938004,142.35442313940538,142.5926288514205,19493800
2024-02-23,MSFT,404.1370544433594,409.57360004080124,402.7877689820269,409.3864998448466,16295900
2024-02-23,NVDA,78.77311706542969,82.34812129044985,77.52680973171769,80.7450180977802,829388000
2024-02-23,TSLA,191.97000122070312,197.57000732421875,191.5,195.30999755859375,78841900
2024-02-26,AAPL,179.5261688232422,181.11172976770854,179.02075870271764,180.59643039937333,40867400
2024-02-26,AMZN,174.72999572753906,176.3699951171875,174.25999450683594,175.6999969482422,44368600
2024-02-26,GOOGL,136.5383758544922,141.37185109123465,136.35971779155244,141.07409774924443,53641800
2024-02-26,MSFT,401.37933349609375,405.92948936303003,401.20203166596815,405.24005905629645,16193500
2024-02-26,NVDA,79.04796600341797,80.60110162092384,78.46128722131758,79.65562156391138,503973000
2024-02-26,TSLA,199.39999389648438,201.77999877929688,192.0,192.2899932861328,111747100
2024-02-27,AAPL,180.98292541503906,182.2612846793882,177.94060546909574,179.46672518750105,54318900
2024-02-27,AMZN,173.5399932861328,174.6199951171875,172.86000061035156,174.0800018310547,31141700
2024-02-27,GOOGL,137.83853149414062,138.20575198535647,136.06194638095468,136.98498010411188,33099200
2024-02-27,MSFT,401.3202819824219,402.14758039730725,397.74515057992284,401.82255205730473,14835800
2024-02-27,NVDA,78.65718078613281,79.43575404356761,77.11904376268178,79.3368025112215,391705000
2024-02-27,TSLA,199.72999572753906,205.60000610351562,198.25999450683594,204.0399932861328,108645400
2024-02-28,AAPL,179.78379821777344,181.46846314665845,178.50543918901624,180.86396404098633,48953900
2024-02-28,AMZN,173.16000366210938,174.0500030517578,172.27000427246094,172.44000244140625,28180500
2024-02-28,GOOGL,135.3572540283203,136.97501991557078,134.39452711134072,136.8658442297991,37328600
2024-02-28,MSFT,401.556640625,403.1127430930959,399.1929265964819,402.00967855020446,13183100
2024-02-28,NVDA,77.61975860595703,78.88904810428491,77.08205615581203,77.57678328073024,393110000
2024-02-28,TSLA,202.0399932861328,205.3000030517578,198.44000244140625,200.4199981689453,99806200
2024-02-29,AAPL,179.11984252929688,180.9234354771045,177.9108443188521,179.63515696026653,136682600
2024-02-29,AMZN,176.75999450683594,177.22000122070312,172.85000610351562,173.00999450683594,53805400
2024-02-29,GOOGL,137.4216766357422,137.8186709245879,135.37711212953872,136.25051773823296,42133000
2024-02-29,MSFT,407.3871765136719,407.9387088030321,399.7838756031993,402.46275960420144,31947300
2024-02-29,NVDA,79.06795501708984,79.94546455588929,78.30637821286784,79.04996729538055,507289000
2024-02-29,TSLA,201.8800048828125,205.27999877929688,198.4499969482422,204.17999267578125,85907000
2024-03-01,AAPL,178.03970336914062,178.90185225837237,175.78026722267666,177.93069482167198,73563100
2024-03-01,AMZN,178.22000122070312,178.72999572753906,176.07000732421875,176.75,31981200
2024-03-01,GOOGL,136.111572265625,137.8285945752075,135.89322085696574,137.39189175788897,31151100
2024-03-01,MSFT,409.21905517578125,409.5834572269849,404.6688986492537,405.05298754832427,17823400
2024-03-01,NVDA,82.2331771850586,82.2541692109824,79.39075927311268,79.95544705800646,479135000
2024-03-01,TSLA,202.63999938964844,204.52000427246094,198.5,200.52000427246094,82243100
2024-03-04,AAPL,173.5208282470703,175.30458245485661,172.2226300679557,174.56134649455421,81510100
2024-03-04,AMZN,177.5800018310547,180.13999938964844,177.49000549316406,177.52999877929688,37381500
2024-03-04,GOOGL,132.34999084472656,134.6426653234506,130.92078723607764,134.6426653234506,55999400
2024-03-04,MSFT,408.6478576660156,411.0411172557343,406.0871546636639,407.19021932775195,17596000
2024-03-04,NVDA,85.18952178955078,87.64615284598061,83.67236958529944,84.08313614077356,615616000
2024-03-04,TSLA,188.13999938964844,199.75,186.72000122070312,198.72999572753906,134334900
2024-03-05,AAPL,168.585693359375,170.48837518309247,168.09020282857864,169.21992063394748,95132400
2024-03-05,AMZN,174.1199951171875,176.92999267578125,173.3000030517578,176.92999267578125,37228300
2024-03-05,GOOGL,131.6750946044922,132.2408273954596,129.69009277405854,130.89102554499024,40194800
2024-03-05,MSFT,396.5632019042969,407.9878526735756,394.58360717326707,407.70222813887517,26919200
2024-03-05,NVDA,85.920166015625,86.05310143549691,83.37446759481172,85.22651962468665,520639000
2024-03-05,TSLA,180.74000549316406,184.58999633789062,177.57000732421875,183.0500030517578,119660800
2024-03-06,AAPL,167.5947265625,169.6956168742887,167.1586924388991,169.51723240501005,68587700
2024-03-06,AMZN,173.50999450683594,176.4600067138672,173.25999450683594,175.5399932861328,32090900
2024-03-06,GOOGL,130.41461181640625,132.57827164707297,129.86874843851078,132.12171457090452,35318600
2024-03-06,MSFT,396.01171875,399.03531766594347,392.36766860816914,396.87842085481464,22344100
2024-03-06,NVDA,88.65476989746094,89.67824984643924,86.9856232402923,87.97712182383515,582520000
2024-03-06,TSLA,176.5399932861328,181.5800018310547,173.6999969482422,179.99000549316406,107920900
2024-03-07,AAPL,167.475830078125,169.1902233947002,166.97043508778398,167.62447121611535,71765100
2024-03-07,AMZN,176.82000732421875,177.99000549316406,173.72000122070312,174.8300018310547,34063300
2024-03-07,GOOGL,133.37228393554688,133.92808205040117,130.62305203418242,131.79419589843073,37738200
2024-03-07,MSFT,402.9552001953125,403.58550992875143,396.15948083378726,399.98083315410713,18718500
2024-03-07,NVDA,92.62173461914062,92.71968420903526,89.55629754335479,90.11201372188047,608119000
2024-03-07,TSLA,178.64999389648438,180.0399932861328,173.6999969482422,174.35000610351562,102129000
2024-03-08,AAPL,169.19021606445312,172.13343143853632,167.41636636953461,167.4758228221548,76267000
2024-03-08,AMZN,175.35000610351562,178.7899932861328,174.3300018310547,176.44000244140625,37893200
2024-03-08,GOOGL,134.39454650878906,137.0544415724304,132.99511664674006,133.20354849306366,39370400
2024-03-08,MSFT,400.0793151855469,404.21583727335775,398.2178712291556,401.793002594602,18002200
2024-03-08,NVDA,87.48336791992188,97.35033567284756,86.46188588221935,95.08948806655721,1142269000
2024-03-08,TSLA,175.33999633789062,182.72999572753906,174.6999969482422,181.5,85544600
2024-03-11,AAPL,171.1920166015625,172.80732093128213,170.49833272784605,171.38030546468005,60139500
2024-03-11,AMZN,171.9600067138672,174.47000122070312,171.47000122070312,174.30999755859375,28484800
2024-03-11,GOOGL,136.63760375976562,138.05688799115902,135.10915896262767,135.10915896262767,32437800
2024-03-11,MSFT,398.40496826171875,399.54743645794565,395.19426925023413,397.6564774172096,16120800
2024-03-11,NVDA,85.73025512695312,88.75170831683343,84.12307354021831,86.38491984001777,678364000
2024-03-11,TSLA,177.77000427246094,182.8699951171875,174.8000030517578,175.4499969482422,85391500
2024-03-12,AAPL,171.66766357421875,172.46045153320196,169.4676841705973,171.58838326620315,59825400
2024-03-12,AMZN,175.38999938964844,176.75999450683594,171.97999572753906,173.5,36610600
2024-03-12,GOOGL,137.46136474609375,138.33477032136187,136.00238731666215,136.00238731666215,27563400
2024-03-12,MSFT,409.0022888183594,409.2879133584253,400.6406401762095,401.458079996916,22457000
2024-03-12,NVDA,91.86614227294922,91.91311538288066,86.10607991861596,88.00411383105026,668075000
2024-03-12,TSLA,177.5399932861328,179.42999267578125,172.41000366210938,177.77000427246094,87391700
2024-03-13,AAPL,169.58663940429688,171.62805851944387,169.2199660307435,171.21184817645832,52488700
2024-03-13,AMZN,176.55999755859375,177.6199951171875,175.5500030517578,175.89999389648438,30772600
2024-03-13,GOOGL,138.74169921875,140.03195346478358,137.94771058521772,137.95763014261004,23347200
2024-03-13,MSFT,408.8250732421875,411.85850065118984,405.2302551257752,411.7797232101297,17115900
2024-03-13,NVDA,90.84165954589844,91.45734278263059,88.3899073255105,91.00857421482128,635713000
2024-03-13,TSLA,169.47999572753906,176.0500030517578,169.14999389648438,173.0500030517578,106524500
2024-03-14,AAPL,171.4397735595703,172.73795670875472,170.49834430125284,171.35058886714742,72913500
2024-03-14,AMZN,178.75,179.52999877929688,176.47000122070312,177.69000244140625,43705800
2024-03-14,GOOGL,142.02688598632812,142.51320173883516,139.40668419509728,140.13120561748423,42753400
2024-03-14,MSFT,418.7921142578125,421.3528170705886,411.6713965625505,413.88738417925487,34157300
2024-03-14,NVDA,87.89915466308594,90.59978030033041,86.55583824442805,89.53132517509458,602318000
2024-03-14,TSLA,162.5,171.1699981689453,160.50999450683594,167.77000427246094,126325700
2024-03-15,AAPL,171.06317138671875,171.06317138671875,168.75418335618096,169.62625165850892,121752700
2024-03-15,AMZN,174.4199981689453,177.92999267578125,173.89999389648438,176.63999938964844,72147400
2024-03-15,GOOGL,140.1212921142578,142.1062942304719,138.97992195518043,141.43140078025397,49475400
2024-03-15,MSFT,410.1251525878906,416.2117246963819,406.55002108975805,412.9517630950902,45079900
2024-03-15,NVDA,87.79219818115234,89.50032616800947,86.21300982934207,86.88566309961936,642086000
2024-03-15,TSLA,163.57000732421875,165.17999267578125,160.75999450683594,163.16000366210938,97146800
2024-03-18,AAPL,172.15325927734375,176.107279800922,171.95506605696912,173.98658058844927,75604200
2024-03-18,AMZN,174.47999572753906,176.69000244140625,174.27999877929688,175.8000030517578,31250700
2024-03-18,GOOGL,146.57252502441406,151.00900524024846,146.06635501951953,147.4955587325886,69273700
2024-03-18,MSFT,411.0115051269531,414.3699607798189,407.52500983634934,407.9879061886506,20106000
2024-03-18,NVDA,88.40989685058594,92.35787961611925,87.04059269589636,90.3419098330075,668976000
2024-03-18,TSLA,173.8000030517578,174.72000122070312,165.89999389648438,170.02000427246094,108214400
2024-03-19,AAPL,174.49195861816406,175.0171774056643,171.4694631572472,172.76764601394297,55215200
2024-03-19,AMZN,175.89999389648438,176.08999633789062,173.52000427246094,174.22000122070312,26880900
2024-03-19,GOOGL,145.92738342285156,147.67417928324386,144.98451074334642,147.0489141116425,24070400
2024-03-19,MSFT,415.03973388671875,415.295813199016,409.268301301435,411.51383434146254,19837900
2024-03-19,NVDA,89.35242462158203,90.49783644933297,84.96666127835144,86.65579447616338,672171000
2024-03-19,TSLA,171.32000732421875,172.82000732421875,167.4199981689453,172.36000061035156,77271400
2024-03-20,AAPL,177.05860900878906,177.05860900878906,173.51089450186836,174.1352174960067,53423100
2024-03-20,AMZN,178.14999389648438,178.52999877929688,174.63999938964844,176.13999938964844,29947200
2024-03-20,GOOGL,147.6245880126953,147.7436832734465,145.6395862302464,146.89013190121898,21311500
2024-03-20,MSFT,418.8018798828125,419.52082535865304,414.3009565965617,415.62069643346314,17860100
2024-03-20,NVDA,90.32592010498047,90.36390274155225,88.17801382637771,89.75120872764549,479063000
2024-03-20,TSLA,175.66000366210938,176.25,170.82000732421875,173.0,83846700
2024-03-21,AAPL,169.82443237304688,175.88924720546055,169.2992135808601,175.4532130863986,106181300
2024-03-21,AMZN,178.14999389648438,181.4199981689453,178.14999389648438,179.99000549316406,32824300
2024-03-21,GOOGL,146.49314880371094,149.24236557867428,145.7983860112411,148.34912076601722,24755600
2024-03-21,MSFT,422.8793640136719,424.30745690999566,420.70278020104655,423.3324019440985,21296200
2024-03-21,NVDA,91.38837432861328,92.60076087628697,90.3589007516049,92.2529387505123,480372000
2024-03-21,TSLA,172.82000732421875,178.17999267578125,171.8000030517578,176.38999938964844,73178000
2024-03-22,AAPL,170.72625732421875,171.48931715990707,168.5262776263353,170.210942813777,71160100
2024-03-22,AMZN,178.8699951171875,179.25999450683594,176.75,177.75,27995400
2024-03-22,GOOGL,149.63938903808594,150.44331247348805,147.86280366006199,148.0017532026702,29211800
2024-03-22,MSFT,422.25885009765625,423.3619145681295,419.62922855755534,423.2043596919927,17648500
2024-03-22,NVDA,94.24092102050781,94.72967008042832,90.78768098585184,91.09452364541656,586719000
2024-03-22,TSLA,170.8300018310547,171.1999969482422,166.3000030517578,166.69000244140625,75580600
2024-03-25,AAPL,169.30914306640625,170.3893089389317,167.92176032191367,169.03166954174233,54288300
2024-03-25,AMZN,179.7100067138672,180.99000549316406,177.24000549316406,178.00999450683594,29815500
2024-03-25,GOOGL,148.9446258544922,149.25229872799846,146.71149870171885,148.81559588391366,19229300
2024-03-25,MSFT,416.4677734375,420.94901086959675,415.23666920718586,418.81180070101897,18060500
2024-03-25,NVDA,94.95354461669922,96.71664485506633,93.46230882119279,93.89308875236317,552136000
2024-03-25,TSLA,172.6300048828125,175.24000549316406,168.72999572753906,168.75999450683594,74228600
2024-03-26,AAPL,168.17942810058594,169.87399750483326,168.0505957042821,168.4668059986792,57388400
2024-03-26,AMZN,178.3000030517578,180.4499969482422,177.9499969482422,180.14999389648438,29659000
2024-03-26,GOOGL,149.5401153564453,151.1181882221387,148.85528728225617,149.09349296069317,22149100
2024-03-26,MSFT,415.2760009765625,419.5503905165624,414.9805480350016,419.1761300864183,16725600
2024-03-26,NVDA,92.51380157470703,96.32585986372577,92.4548335490284,95.8021249691622,513648000
2024-03-26,TSLA,177.6699981689453,184.25,177.3800048828125,178.5800018310547,113186200
2024-03-27,AAPL,171.7469482421875,172.0343412561863,168.575811446925,168.87310882923745,60273300
2024-03-27,AMZN,179.8300018310547,180.0,177.30999755859375,179.8800048828125,33272600
2024-03-27,GOOGL,149.7386016845703,150.50283159628924,147.78337375554537,150.0462745317352,22879200
2024-03-27,MSFT,415.0594177246094,418.03378492661795,412.6760166495803,418.0239264742912,16705000
2024-03-27,NVDA,90.20397186279297,93.1924448065412,89.07754773882262,93.0645117345537,586067000
2024-03-27,TSLA,179.8300018310547,181.91000366210938,176.0,181.41000366210938,81804000
2024-03-28,AAPL,169.93345642089844,170.67669234048742,168.97220342186947,170.20102558587905,65672700
2024-03-28,AMZN,180.3800048828125,181.6999969482422,179.25999450683594,180.1699981689453,38051600
2024-03-28,GOOGL,149.7981719970703,150.294422508123,149.04387667224117,149.71878524234197,24485400
2024-03-28,MSFT,414.360107421875,415.4927172172239,412.78428811448583,414.5964697982947,21871200
2024-03-28,NVDA,90.30992889404297,91.25344777796057,89.14751991247192,89.95410761772509,435212000
2024-03-28,TSLA,175.7899932861328,179.57000732421875,175.3000030517578,177.4499969482422,77654800
2024-04-01,AAPL,168.4965362548828,169.70553455748254,167.9514935576168,169.6460781034487,46240500
2024-04-01,AMZN,180.97000122070312,183.0,179.9499969482422,180.7899932861328,29174500
2024-04-01,GOOGL,154.32398986816406,154.57211512447668,149.48058001874543,149.55998191808914,31730800
2024-04-01,MSFT,418.1518859863281,421.4217055688743,415.83740435240986,417.5412631842415,16316000
2024-04-01,NVDA,90.3169174194336,92.17796738530402,89.15851187965868,90.25295469319977,452441000
2024-04-01,TSLA,175.22000122070312,176.75,170.2100067138672,176.1699981689453,81562100
2024-04-02,AAPL,167.3172607421875,167.81275133793278,166.71276161053132,167.55510167176752,49329500
2024-04-02,AMZN,180.69000244140625,180.7899932861328,178.3800048828125,179.07000732421875,32611500
2024-04-02,GOOGL,153.40093994140625,153.53988946458512,151.0090090869194,152.34889138814307,24586000
2024-04-02,MSFT,415.0692138671875,415.9950065592136,411.5236280313696,413.7593022671653,17912000
2024-04-02,NVDA,89.40638732910156,90.04805823236576,87.57532082751612,88.40289389067334,433064000
2024-04-02,TSLA,166.6300048828125,167.69000244140625,163.42999267578125,164.75,116650600
2024-04-03,AAPL,168.11996459960938,169.14067408704202,167.05962251511946,167.2677201117247,47691700
2024-04-03,AMZN,182.41000366210938,182.8699951171875,179.8000030517578,179.89999389648438,31046600
2024-04-03,GOOGL,153.7582244873047,153.91702825239753,151.5846452787233,152.44813128619023,24705000
2024-04-03,MSFT,414.0942077636719,416.8617275140834,412.75475080677563,413.3850905644336,16502300
2024-04-03,NVDA,88.91863250732422,90.32791718260744,88.35492473761427,88.43888153844358,370067000
2024-04-03,TSLA,168.3800048828125,168.82000732421875,163.27999877929688,164.02000427246094,82950100
2024-04-04,AAPL,167.29747009277344,170.3695030458197,167.29747009277344,168.75419869027797,53704400
2024-04-04,AMZN,180.0,185.10000610351562,180.0,184.0,41624300
2024-04-04,GOOGL,149.4011688232422,153.60937836042848,149.3217669288391,152.34889789636918,34724700
2024-04-04,MSFT,411.56304931640625,422.1899488258563,411.2577378896696,418.5655553413228,19370900
2024-04-04,NVDA,85.8611831665039,90.58777505707383,85.83619439258581,90.35988689456467,434965000
2024-04-04,TSLA,171.11000061035156,177.19000244140625,168.00999450683594,170.07000732421875,123162000
2024-04-05,AAPL,168.0505828857422,168.85327518664994,167.4262599311819,168.0604872534819,42104800
2024-04-05,AMZN,185.07000732421875,186.27000427246094,181.97000122070312,182.3800048828125,42374000
2024-04-05,GOOGL,151.35638427734375,152.26948327008697,148.4781377816176,148.9049058909421,23459200
2024-04-05,MSFT,419.0875549316406,420.0626098925823,411.99641280038685,413.6608680769513,16554800
2024-04-05,NVDA,87.96311950683594,88.43587785170828,85.88218058642197,86.82169600485652,399678000
2024-04-05,TSLA,164.89999389648438,170.86000061035156,160.50999450683594,169.0800018310547,143157600
2024-04-08,AAPL,166.9307861328125,167.67402205960258,166.72268854116854,167.50555706407098,37425500
2024-04-08,AMZN,185.19000244140625,187.2899932861328,184.80999755859375,186.89999389648438,39221300
2024-04-08,GOOGL,153.6887969970703,154.10564562982418,151.46558914468523,151.63431250953576,20702000
2024-04-08,MSFT,418.1716003417969,420.8209388461148,416.9010924581036,418.7428494922185,14272400
2024-04-08,NVDA,87.08856201171875,88.7846950725735,86.68776556126254,88.65475649731144,283220000
2024-04-08,TSLA,172.97999572753906,174.5,167.7899932861328,169.33999633789062,104423300
2024-04-09,AAPL,168.13978576660156,168.5460917055098,166.83169838821917,167.17853275073267,42373800
2024-04-09,AMZN,185.6699981689453,187.33999633789062,184.1999969482422,187.24000549316406,36520100
2024-04-09,GOOGL,155.4256591796875,157.37095261531294,154.02622916635622,154.91947398862214,31079500
2024-04-09,MSFT,419.8360290527344,421.2739501766581,415.2464695179833,419.9936139789009,12496900
2024-04-09,NVDA,85.31045532226562,87.59029759028141,82.97965182031417,87.39739525078261,501700000
2024-04-09,TSLA,176.8800048828125,179.22000122070312,171.9199981689453,172.91000366210938,102951700
2024-04-10,AAPL,166.26683044433594,167.5650134431552,165.60287483124418,167.27763553824258,49709300
2024-04-10,AMZN,185.9499969482422,186.27000427246094,182.6699981689453,182.77000427246094,35879200
2024-04-10,GOOGL,154.96910095214844,155.43557761990488,153.52004287147383,155.03858328938844,22838600
2024-04-10,MSFT,416.8617248535156,417.6200741918698,413.3555426286193,415.80789248455,16216600
2024-04-10,NVDA,86.99461364746094,87.35542960706438,83.66631003801581,83.88320224037439,431929000
2024-04-10,TSLA,171.75999450683594,174.92999267578125,170.00999450683594,173.0399932861328,84532400
2024-04-11,AAPL,173.46133422851562,173.87755961907308,166.6433941837476,166.82176353298163,91070300
2024-04-11,AMZN,189.0500030517578,189.77000427246094,185.50999450683594,186.74000549316406,40020700
2024-04-11,GOOGL,158.21458435058594,158.48254871038773,155.28670949781988,155.73333190851926,27166400
2024-04-11,MSFT,421.4610900878906,422.8793243997448,415.9752830660833,419.3830008173104,17966400
2024-04-11,NVDA,90.56979370117188,90.69273208355851,86.8816803570947,87.37542414329695,431637000
2024-04-11,TSLA,174.60000610351562,175.8800048828125,168.50999450683594,172.5500030517578,94516000
2024-04-12,AAPL,174.95774841308594,176.7514221146486,172.63885584160187,172.68839280877705,101670900
2024-04-12,AMZN,186.1300048828125,188.3800048828125,185.0800018310547,187.72000122070312,38608800
2024-04-12,GOOGL,156.5471649169922,159.0184976446993,155.9615930124083,156.7754510311415,25353700
2024-04-12,MSFT,415.52227783203125,418.75269400595073,413.4244714952131,417.6397710155257,19253800
2024-04-12,NVDA,88.14103698730469,90.1290289713359,87.4853732060557,89.65326609988566,426805000
2024-04-12,TSLA,171.0500030517578,173.80999755859375,170.36000061035156,172.33999633789062,64722700
2024-04-15,AAPL,171.13253784179688,175.03700600653332,170.94424900321735,173.7784557074799,73531800
2024-04-15,AMZN,183.6199951171875,188.69000244140625,183.0,187.42999267578125,48052400
2024-04-15,GOOGL,153.6986846923828,158.0458433310319,153.43070521818026,157.66868815581063,27136500
2024-04-15,MSFT,407.3871765136719,420.36793227353456,407.1803293629701,420.15125672726765,20273500
2024-04-15,NVDA,85.95714569091797,90.56679344486741,85.88518380835967,89.05256658600005,443077000
2024-04-15,TSLA,161.47999572753906,170.69000244140625,161.3800048828125,170.24000549316406,100245300
2024-04-16,AAPL,167.8524169921875,172.1929047923956,166.75242714722782,170.20103782824683,73711200
2024-04-16,AMZN,183.32000732421875,184.8300018310547,182.25999450683594,183.27000427246094,32891300
2024-04-16,GOOGL,153.2421417236328,154.4827679200494,152.27941458366453,153.03372500347797,20779500
2024-04-16,MSFT,408.31292724609375,412.0751888679084,407.4758004410801,408.3030988508173,16765600
2024-04-16,NVDA,87.37042999267578,88.07306685163755,86.02012091101756,86.38892843501489,370453000
2024-04-16,TSLA,157.11000061035156,158.19000244140625,153.75,156.74000549316406,97000000
2024-04-17,AAPL,166.48484802246094,169.11094225529814,166.48484802246094,168.08032842085646,50901200
2024-04-17,AMZN,181.27999877929688,184.57000732421875,179.82000732421875,184.30999755859375,31359700
2024-04-17,GOOGL,154.30410766601562,155.9020346330925,153.42078251926884,154.45297673510063,21763100
2024-04-17,MSFT,405.6143493652344,412.5479364642673,404.127165910336,410.9425718180864,15855500
2024-04-17,NVDA,83.99214172363281,88.72972195798647,83.90717836732355,88.2949386437983,495400000
2024-04-17,TSLA,155.4499969482422,158.3300018310547,153.77999877929688,157.63999938964844,82439700
2024-04-18,AAPL,165.53347778320312,167.11905360596796,165.04790671737481,166.51455452467067,43122900
2024-04-18,AMZN,179.22000122070312,182.38999938964844,178.64999389648438,181.47000122070312,30723800
2024-04-18,GOOGL,154.8400421142578,155.76307571996153,153.4604666280057,154.17506840520852,19883000
2024-04-18,MSFT,398.1587829589844,405.6636193685748,397.843643128254,404.42265672373026,21029900
2024-04-18,NVDA,84.62782287597656,86.14605313921993,82.35998267211264,84.9266740115763,447260000
2024-04-18,TSLA,149.92999267578125,152.1999969482422,148.6999969482422,151.25,96098800
2024-04-19,AAPL,163.5118865966797,164.89925413145542,162.60018577080248,164.71098041837104,68149400
2024-04-19,AMZN,174.6300048828125,179.0,173.44000244140625,178.74000549316406,56000700
2024-04-19,GOOGL,152.93446350097656,155.1874448352903,151.157893513365,155.02864105305625,32615600
2024-04-19,MSFT,393.08660888671875,399.35048216055003,391.7570104509112,397.922389385747,30565800
2024-04-19,NVDA,76.16114807128906,84.28100677926233,75.56745676539116,83.10760934336838,875198000
2024-04-19,TSLA,147.0500030517578,150.94000244140625,146.22000122070312,148.97000122070312,87074500
2024-04-22,AAPL,164.3443145751953,165.75150603037284,163.28397258003716,164.0272084619306,48116400
2024-04-22,AMZN,177.22999572753906,178.8699951171875,174.55999755859375,176.94000244140625,37924900
2024-04-22,GOOGL,155.10804748535156,156.45784938513543,152.90469416152254,153.15281939939192,26446200
2024-04-22,MSFT,394.8987731933594,396.7602169331123,389.7675399586122,394.0320711382099,20286900
2024-04-22,NVDA,79.47745513916016,80.0321724749778,76.36104864748893,78.06417460921173,596341000
2024-04-22,TSLA,142.0500030517578,144.44000244140625,138.8000030517578,140.55999755859375,107097600
2024-04-23,AAPL,165.39476013183594,165.54341638804536,163.43262154349364,163.85875133255257,49537800
2024-04-23,AMZN,179.5399932861328,179.92999267578125,175.97999572753906,178.0800018310547,37046500
2024-04-23,GOOGL,157.07321166992188,157.77789408319916,155.1080638194722,155.78297241261876,21151600
2024-04-23,MSFT,401.408935546875,402.02941689941457,396.9671017838586,398.12925698523895,15734500
2024-04-23,NVDA,82.38097381591797,82.72679808163171,80.22307798101387,80.72781776562408,438559000
2024-04-23,TSLA,144.67999267578125,147.25999450683594,141.11000061035156,143.3300018310547,124545100
2024-04-24,AAPL,167.4956817626953,167.77315534715606,164.71102642645795,165.0380369843625,48251800
2024-04-24,AMZN,176.58999633789062,180.32000732421875,176.17999267578125,179.94000244140625,34185100
2024-04-24,GOOGL,157.9366912841797,158.37339415365952,155.9913826322323,156.30899022616805,22779100
2024-04-24,MSFT,402.8763427734375,406.2347982871372,400.6308101493401,403.36878440202247,15065300
2024-04-24,NVDA,79.6363754272461,84.03912814064545,79.14262401880819,83.90719166390734,512208000
2024-04-24,TSLA,162.1300048828125,167.97000122070312,157.50999450683594,162.83999633789062,181178000
2024-04-25,AAPL,168.35780334472656,169.07131105182287,166.63349053238153,168.0010494911784,50558300
2024-04-25,AMZN,173.6699981689453,173.9199981689453,166.32000732421875,169.67999267578125,49249400
2024-04-25,GOOGL,154.8301544189453,155.31648535594996,149.73861949474144,150.1951766135992,57109700
2024-04-25,MSFT,393.0078430175781,393.8449998393028,382.16426819567243,388.0735680343126,40586500
2024-04-25,NVDA,82.5898666381836,83.28050853708768,78.18311074273281,78.82777847791279,424641000
2024-04-25,TSLA,170.17999267578125,170.8800048828125,158.36000061035156,158.9600067138672,126427500
2024-04-26,AAPL,167.7731170654297,169.79471202253325,167.6541890412428,168.3478879652858,44838400
2024-04-26,AMZN,179.6199951171875,180.82000732421875,176.1300048828125,177.8000030517578,43919800
2024-04-26,GOOGL,170.66055297851562,173.39986557629047,168.37779752849133,173.06240370866433,64665300
2024-04-26,MSFT,400.17779541015625,406.7568087350332,399.6262631587446,405.9393688090581,29694700
2024-04-26,NVDA,87.69026947021484,88.28596627439501,83.34448669778978,83.77526671112514,551011000
2024-04-26,TSLA,168.2899932861328,172.1199951171875,166.3699951171875,168.85000610351562,109815700
2024-04-29,AAPL,171.93524169921875,174.44242297655094,171.53885525962073,171.80640930182136,68169400
2024-04-29,AMZN,180.9600067138672,183.52999877929688,179.38999938964844,182.75,54063900
2024-04-29,GOOGL,164.90403747558594,168.27855001097527,163.9710992433676,167.79221906197557,45610000
2024-04-29,MSFT,396.1693420410156,400.1778246357648,393.1556012841848,399.1239921991836,19582100
2024-04-29,NVDA,87.71224975585938,87.94712289586843,85.2225151665247,87.55032980991761,388971000
2024-04-29,TSLA,194.0500030517578,198.8699951171875,184.5399932861328,188.4199981689453,243869700
2024-04-30,AAPL,168.79385375976562,173.41183044153803,168.46682810243752,171.76679778510277,65934800
2024-04-30,AMZN,175.0,182.99000549316406,174.8000030517578,181.08999633789062,94639800
2024-04-30,GOOGL,161.55929565429688,166.83940772348186,161.38065276118826,164.3680750249459,33562900
2024-04-30,MSFT,383.44464111328125,396.0807119739039,383.2870862186978,395.4208268707794,28781400
2024-04-30,NVDA,86.35794830322266,88.77371581096726,86.25600293117195,87.19551848613133,363709000
2024-04-30,TSLA,183.27999877929688,190.9499969482422,182.83999633789062,186.97999572753906,127031800
2024-05-01,AAPL,167.7731170654297,171.15236652369296,167.58482822154218,168.05059058657778,50383100
2024-05-01,AMZN,179.0,185.14999389648438,176.55999755859375,181.63999938964844,94645100
2024-05-01,GOOGL,162.63119506835938,165.86674249047698,161.86696514908917,163.06789787937092,33493200
2024-05-01,MSFT,388.96978759765625,395.64729473492514,384.40977340635925,386.6749928264685,23562500
2024-05-01,NVDA,82.99864959716797,85.95614014617317,81.21355734292688,85.03361435183398,559863000
2024-05-01,TSLA,179.99000549316406,185.86000061035156,179.00999450683594,182.0,92829700
2024-05-02,AAPL,171.469482421875,171.8559644998941,169.34878317714927,170.95416794412498,94214900
2024-05-02,AMZN,184.72000122070312,185.10000610351562,179.91000366210938,180.85000610351562,54303500
2024-05-02,GOOGL,165.37049865722656,165.4796743643417,162.6609753825577,163.55422015396346,24294500
2024-05-02,MSFT,391.82598876953125,393.88439136644655,388.6842084752251,391.6487169798458,17709400
2024-05-02,NVDA,85.77323913574219,86.19302312746696,83.15756927733226,84.40593290133356,377898000
2024-05-02,TSLA,180.00999450683594,184.60000610351562,176.02000427246094,182.86000061035156,89148000
2024-05-03,AAPL,181.72613525390625,185.31348231884328,181.01262758822543,184.9666328542693,163224100
2024-05-03,AMZN,186.2100067138672,187.8699951171875,185.4199981689453,186.99000549316406,39172000
2024-05-03,GOOGL,165.98587036132812,166.70047228284332,161.8272888066215,166.30346280179975,34662400
2024-05-03,MSFT,400.5126647949219,400.9952480161036,395.7852067038653,396.1988709336313,17446700
2024-05-03,NVDA,88.74372100830078,89.23546686580507,86.99561241116382,87.7442309865165,398341000
2024-05-03,TSLA,181.19000244140625,184.77999877929688,178.4199981689453,182.10000610351562,75491500
2024-05-06,AAPL,180.0712127685547,182.53874644704828,178.79283846563771,180.70544017490002,78569700
2024-05-06,AMZN,188.6999969482422,188.75,184.8000030517578,186.27999877929688,34725300
2024-05-06,GOOGL,166.8394317626953,166.87912514098474,164.78494732975244,166.20423169951587,21871300
2024-05-06,MSFT,407.28863525390625,407.67272409935384,400.2270089943109,402.5808944329267,16996600
2024-05-06,NVDA,92.093017578125,92.17297861657092,89.00959152215785,89.3444197919577,376203000
2024-05-06,TSLA,184.75999450683594,187.55999755859375,182.1999969482422,183.8000030517578,84390300
2024-05-07,AAPL,180.75497436523438,183.23242749590466,179.68472791941784,181.79550770435065,77305800
2024-05-07,AMZN,188.75999450683594,189.94000244140625,187.30999755859375,188.9199981689453,34048900
2024-05-07,GOOGL,169.96575927734375,170.47192922526577,167.1272064290397,167.23638212106525,28039700
2024-05-07,MSFT,403.15216064453125,408.4016059107325,402.9059397986261,408.3917474588945,20018200
2024-05-07,NVDA,90.50782775878906,91.73419949359099,88.96561525990342,91.05154909444323,437342000
2024-05-07,TSLA,177.80999755859375,183.25999450683594,177.39999389648438,182.39999389648438,75045900
2024-05-08,AAPL,181.09193420410156,181.4189598584749,179.813559816899,181.20094275555934,45057100
2024-05-08,AMZN,188.0,188.42999267578125,186.38999938964844,187.44000244140625,26136400
2024-05-08,GOOGL,168.1098175048828,168.87403234038655,167.4746174960537,167.73266229376583,19569100
2024-05-08,MSFT,404.3340148925781,405.9984701419799,400.56189486819255,401.9998461853561,11792300
2024-05-08,NVDA,90.36589813232422,91.14749704338682,89.37439959760155,89.43737100980039,325721000
2024-05-08,TSLA,174.72000122070312,176.05999755859375,170.14999389648438,171.58999633789062,79969500
2024-05-09,AAPL,182.9053955078125,182.99458018096053,180.46757526022824,180.9135137471405,48983000
2024-05-09,AMZN,189.5,191.6999969482422,187.44000244140625,188.8800048828125,43368400
2024-05-09,GOOGL,168.6854705810547,169.40999204467994,166.9188049315239,168.11973776202532,15346700
2024-05-09,MSFT,406.0871276855469,406.48107503136987,402.91580195884967,404.3635817483474,14689700
2024-05-09,NVDA,88.70175170898438,91.02556319779642,88.18601596391863,90.48284079234612,378013000
2024-05-09,TSLA,171.97000122070312,175.6199951171875,171.3699951171875,175.00999450683594,65950300
2024-05-10,AAPL,181.64517211914062,183.66950932429603,180.7322345449188,183.4809650708303,50759500
2024-05-10,AMZN,187.47999572753906,189.88999938964844,186.92999267578125,189.16000366210938,34141800
2024-05-10,GOOGL,167.38526916503906,168.57628234941276,164.94372545466877,166.76992345897793,29799900
2024-05-10,MSFT,408.47052001953125,409.1008598045123,405.5749605018169,406.6977419727187,13402300
2024-05-10,NVDA,89.8321533203125,91.35437909058916,89.18148440677966,90.25893746798509,335325000
2024-05-10,TSLA,168.47000122070312,173.05999755859375,167.75,173.0500030517578,72627200
2024-05-13,AAPL,184.85035705566406,185.6640710757596,183.2030934113359,184.01680743143146,72044800
2024-05-13,AMZN,186.57000732421875,188.30999755859375,185.36000061035156,188.0,24898600
2024-05-13,GOOGL,167.87158203125,168.01053153526146,162.7701286063143,163.02817335823272,31327600
2024-05-13,MSFT,407.4659118652344,412.02592626132173,404.6097563640546,411.6910695528216,15440200
2024-05-13,NVDA,90.35291290283203,90.95160653164567,88.48386356145281,90.43186737899792,289680000
2024-05-13,TSLA,171.88999938964844,175.39999389648438,169.0,170.0,67018900
2024-05-14,AAPL,185.99151611328125,186.85484938535834,184.86026592315986,186.07090395104018,52393600
2024-05-14,AMZN,187.07000732421875,187.72000122070312,183.4499969482422,183.82000732421875,38698200
2024-05-14,GOOGL,169.06259155273438,169.9657709630093,167.53414690365162,168.49687394196908,25127100
2024-05-14,MSFT,410.26300048828125,411.1789347782618,405.3287253515243,405.79162172220066,15109300
2024-05-14,NVDA,91.3094253540039,91.60427311943869,88.8886555026712,89.55331737042562,296507000
2024-05-14,TSLA,177.5500030517578,179.49000549316406,174.07000732421875,174.5,86407400
2024-05-15,AAPL,188.2639923095703,189.18684774302332,185.9320213621053,186.46788560358823,70400000
2024-05-15,AMZN,185.99000549316406,186.72000122070312,182.72999572753906,185.97000122070312,75459900
2024-05-15,GOOGL,171.21633911132812,171.3552886431622,169.23133714549078,169.35044756160798,26948400
2024-05-15,MSFT,417.43597412109375,418.1562465444383,411.7034836524185,412.3250840833171,22239500
2024-05-15,NVDA,94.58174896240234,94.81363293144179,91.55229612488634,92.42485211295921,417735000
2024-05-15,TSLA,173.99000549316406,180.0,173.11000061035156,179.89999389648438,79663000
2024-05-16,AAPL,188.383056640625,189.6333963773736,188.20444533062346,189.0082265089993,52845200
2024-05-16,AMZN,183.6300048828125,187.30999755859375,183.4600067138672,185.60000610351562,38834500
2024-05-16,GOOGL,172.87379455566406,173.80674779811807,171.39497794928866,171.9904693856651,27867900
2024-05-16,MSFT,415.3739013671875,419.7448271840896,414.74245474989345,416.1730933998144,17530100
2024-05-16,NVDA,94.31088256835938,95.77013712291551,94.05500878486642,94.86160408579778,323952000
2024-05-16,TSLA,174.83999633789062,175.7899932861328,171.42999267578125,174.10000610351562,59812200
2024-05-17,AAPL,188.4127960205078,189.34558420614056,187.7280891548122,188.05555831413108,41282900
2024-05-17,AMZN,184.6999969482422,185.3000030517578,183.35000610351562,183.75999450683594,33175700
2024-05-17,GOOGL,174.73973083496094,174.94816271706677,172.38750821426203,172.87382403190227,24479300
2024-05-17,MSFT,414.60430908203125,417.2781788386251,412.4533979292135,416.903243294278,15352200
2024-05-17,NVDA,92.43183135986328,94.69167982059238,91.75917807166952,94.32087446247381,359691000
2024-05-17,TSLA,177.4600067138672,179.6300048828125,172.75,173.5500030517578,77445800
2024-05-20,AAPL,189.57383728027344,190.44708847543168,187.55941793463836,187.8769693298537,44361300
2024-05-20,AMZN,183.5399932861328,186.6699981689453,183.27999877929688,184.33999633789062,30511800
2024-05-20,GOOGL,175.59327697753906,177.42940990488938,174.75957976328465,174.86875548022488,22554400
2024-05-20,MSFT,419.6658630371094,421.07677928196154,414.3872272445279,414.6042935983872,16272100
2024-05-20,NVDA,94.7316665649414,95.15145055956944,93.39235354622227,93.7021930243281,318764000
2024-05-20,TSLA,174.9499969482422,177.75,173.52000427246094,177.55999755859375,61727400
2024-05-21,AAPL,190.87379455566406,191.2508679069906,189.45476137627725,189.62345487533878,42309400
2024-05-21,AMZN,183.14999389648438,183.25999450683594,180.75,182.3000030517578,50839100
2024-05-21,GOOGL,176.51629638671875,176.81403455010823,174.49158600949627,175.57340838811095,16989400
2024-05-21,MSFT,423.3165283203125,427.1940941013643,419.1824213563369,421.13598848639515,21453300
2024-05-21,NVDA,95.33736419677734,95.35135699716334,93.1324877566636,93.55127282718048,328946000
2024-05-21,TSLA,186.60000610351562,186.8800048828125,174.7100067138672,175.50999450683594,115266500
2024-05-22,AAPL,189.43490600585938,191.3401840301744,188.8097513226368,190.79440205142186,34648500
2024-05-22,AMZN,183.1300048828125,185.22000122070312,181.97000122070312,183.8800048828125,28148800
2024-05-22,GOOGL,175.0573272705078,175.82154211929756,173.89610294407106,175.31537207270605,17880000
2024-05-22,MSFT,424.7767333984375,426.6415347292138,421.43197259260825,424.3524769437673,18073700
2024-05-22,NVDA,94.9015884399414,95.97104261511556,93.20145926272119,95.41033161983772,548648000
2024-05-22,TSLA,180.11000061035156,183.8000030517578,178.1199951171875,182.85000610351562,88313500
2024-05-23,AAPL,185.44577026367188,189.5341459487459,185.19768892080702,189.51429520164533,51005900
2024-05-23,AMZN,181.0500030517578,184.75999450683594,180.0800018310547,183.66000366210938,33670200
2024-05-23,GOOGL,172.24855041503906,176.913302054648,171.65304376131735,175.7421581518555,21024900
2024-05-23,MSFT,421.3037414550781,427.81570226312846,419.7448321943187,427.19410176133954,17211700
2024-05-23,NVDA,103.7460708618164,106.26578136298583,101.46822609300973,101.97597026948286,835065000
2024-05-23,TSLA,173.74000549316406,181.89999389648438,173.25999450683594,181.8000030517578,71975500
2024-05-24,AAPL,188.52197265625,189.11737394472448,186.59685898409072,187.37088671578107,36327000
2024-05-24,AMZN,180.75,182.44000244140625,180.3000030517578,181.64999389648438,27471600
2024-05-24,GOOGL,173.677734375,174.45188384954722,172.34777168660725,173.6677996738125,16579400
2024-05-24,MSFT,424.4215393066406,425.3095270127513,418.74824604311783,421.49115879915024,11855300
2024-05-24,NVDA,106.41470336914062,106.42069701496759,102.94747076428304,104.39572928386976,429494000
2024-05-24,TSLA,179.24000549316406,180.0800018310547,173.72999572753906,174.83999633789062,65584500
2024-05-28,AAPL,188.5319061279297,191.51880009814326,187.64873713728954,190.04022981736387,52280100
2024-05-28,AMZN,182.14999389648438,182.24000549316406,179.49000549316406,179.92999267578125,29927000
2024-05-28,GOOGL,175.07716369628906,175.94064983167806,173.06238795431943,173.14178984862892,20572200
2024-05-28,MSFT,424.5794372558594,425.0727671383065,420.9090617260336,423.8986396092449,15718000
2024-05-28,NVDA,113.8429183959961,114.88039109228285,109.8269695886833,110.18778556165118,652728000
2024-05-28,TSLA,176.75,178.25,173.16000366210938,176.39999389648438,59736600
2024-05-29,AAPL,188.82958984375,190.7745542503335,188.05557725890648,188.15481585355153,53068000
2024-05-29,AMZN,182.02000427246094,184.0800018310547,181.5500030517578,181.6999969482422,32009300
2024-05-29,GOOGL,174.58091735839844,175.51387070822295,173.40977346435537,174.11444068348618,23388700
2024-05-29,MSFT,423.4447937011719,425.1911706830153,420.0112068053538,420.0112068053538,15517100
2024-05-29,NVDA,114.76644134521484,115.43310102209165,110.84444643564275,112.99235261607853,557442000
2024-05-29,TSLA,176.19000244140625,178.14999389648438,173.92999267578125,174.19000244140625,54782600
2024-05-30,AAPL,189.82192993164062,190.70509898235173,189.16700663796175,189.29599865097472,49889100
2024-05-30,AMZN,179.32000732421875,181.33999633789062,178.36000061035156,181.30999755859375,29184700
2024-05-30,GOOGL,170.81935119628906,173.90602997495594,170.50174360052324,173.88617571412965,22931500
2024-05-30,MSFT,409.1382141113281,418.639722265152,408.7139275324575,418.639722265152,28394500
2024-05-30,NVDA,110.44364929199219,115.75993705260656,109.60707814261482,114.59153447828542,484553000
2024-05-30,TSLA,178.7899932861328,182.6699981689453,175.3800048828125,178.5800018310547,77618400
2024-05-31,AAPL,190.77455139160156,191.09210277636024,188.45251367186646,189.9707702687458,75158300
2024-05-31,AMZN,176.44000244140625,179.2100067138672,173.8699951171875,178.3000030517578,58903900
2024-05-31,GOOGL,171.20640563964844,171.76220372181547,168.16935530183432,170.57120566797727,37638900
2024-05-31,MSFT,409.5920715332031,411.19045552886206,399.1137496856911,411.19045552886206,47995300
2024-05-31,NVDA,109.57709503173828,112.6595219559155,106.88546755499186,112.46261619518734,613263000
2024-05-31,TSLA,178.0800018310547,180.32000732421875,173.82000732421875,178.5,67314600
2024-06-03,AAPL,192.5408935546875,193.49353258818425,191.04248767189634,191.41956102246726,50080500
2024-06-03,AMZN,178.33999633789062,178.6999969482422,175.9199981689453,177.6999969482422,30786600
2024-06-03,GOOGL,171.87139892578125,173.22120091176382,169.8764773378859,171.24611844022382,27459100
2024-06-03,MSFT,408.0035400390625,410.8747236026411,403.4649291544174,409.9867358256656,17484700
2024-06-03,NVDA,114.94135284423828,114.94135284423828,111.94587959300615,113.56305829627723,438392000
2024-06-03,TSLA,176.2899932861328,182.63999938964844,174.49000549316406,178.1300048828125,68568900
2024-06-04,AAPL,192.85845947265625,193.82101638151354,191.54858259564776,193.14622719411028,47471400
2024-06-04,AMZN,179.33999633789062,179.82000732421875,176.44000244140625,177.63999938964844,27198400
2024-06-04,GOOGL,172.4867401123047,172.54630289287442,170.60099429207042,171.9805700601862,26879600
2024-06-04,MSFT,410.51953125,410.88459054146256,404.21476096620233,406.9280752908703,14348900
2024-06-04,NVDA,116.37763214111328,116.54055105021374,113.98685338816156,115.65700669071254,403324000
2024-06-04,TSLA,174.77000427246094,177.75999450683594,174.0,174.77999877929688,60056300
2024-06-05,AAPL,194.3667755126953,195.38886948576234,193.37445009094603,193.9003813531384,54156800
2024-06-05,AMZN,181.27999877929688,181.5,178.75,180.10000610351562,32116400
2024-06-05,GOOGL,174.09458923339844,175.32528067630372,172.62567697442577,173.88615737761106,22068500
2024-06-05,MSFT,418.3536376953125,418.42268099839066,410.746468843911,412.23633479956106,16988000
2024-06-05,NVDA,122.3775634765625,122.3865539456356,117.408098853795,118.31063824188061,528402000
2024-06-05,TSLA,175.0,176.14999389648438,172.1300048828125,175.35000610351562,57953800
2024-06-06,AAPL,192.98741149902344,194.99191275531385,192.67979309240934,194.1881317208236,41181800
2024-06-06,AMZN,185.0,185.0,181.49000549316406,181.75,31371200
2024-06-06,GOOGL,175.40467834472656,175.8215269019053,174.43203171130955,174.5809007873156,23251000
2024-06-06,MSFT,418.8567810058594,419.6362506295676,414.9693392305099,418.35360501475236,14861300
2024-06-06,NVDA,120.93628692626953,125.52294322815862,118.25965141808503,123.98472672009768,664696000
2024-06-06,TSLA,177.94000244140625,179.72999572753906,172.72999572753906,174.60000610351562,69887000
2024-06-07,AAPL,195.3789520263672,195.4285713258788,192.65005711175448,193.15613762673084,53103900
2024-06-07,AMZN,184.3000030517578,186.2899932861328,183.36000061035156,184.89999389648438,28021500
2024-06-07,GOOGL,173.15171813964844,176.53613478615,172.9929143569092,175.72229190224542,19661400
2024-06-07,MSFT,418.19573974609375,420.5933157045514,417.3570729391347,420.51439617340435,13621700
2024-06-07,NVDA,120.82635498046875,121.62994584355768,117.9618191498612,119.70892124903274,412386000
2024-06-07,TSLA,177.47999572753906,179.35000610351562,175.5800018310547,176.1300048828125,56244900
2024-06-10,AAPL,191.63787841796875,195.78580650726497,190.67532155851157,195.3888672580803,97010200
2024-06-10,AMZN,187.05999755859375,187.22999572753906,183.7899932861328,184.07000732421875,34445600
2024-06-10,GOOGL,173.89694213867188,175.9339073021769,171.66125199471998,173.85720320728015,23726700
2024-06-10,MSFT,422.1621398925781,422.3693300275411,418.2352530096641,419.0344450692757,13982900
2024-06-10,NVDA,121.72789764404297,123.0372272074531,116.95033628620642,120.30862356189567,313434100
2024-06-10,TSLA,173.7899932861328,178.57000732421875,173.1699981689453,176.05999755859375,50774600
2024-06-11,AAPL,205.56019592285156,205.57012886730556,192.14396771907968,192.1638033246204,172373300
2024-06-11,AMZN,187.22999572753906,187.77000427246094,184.5399932861328,187.05999755859375,27265100
2024-06-11,GOOGL,175.4967041015625,175.71530612964037,172.66483900249895,175.09925413873597,21540600
2024-06-11,MSFT,426.907958984375,427.04610581067664,419.57708382911113,419.8040264249776,14551100
2024-06-11,NVDA,120.8582763671875,122.81743693170633,118.6891989331394,121.71790142895497,222551200
2024-06-11,TSLA,170.66000366210938,174.75,167.41000366210938,173.9199981689453,64761900
2024-06-12,AAPL,211.4347686767578,218.51003809526938,205.3121079690946,205.77850209290926,198134300
2024-06-12,AMZN,186.88999938964844,188.35000610351562,185.42999267578125,188.02000427246094,33984200
2024-06-12,GOOGL,176.65924072265625,179.26258771171092,174.98993287783568,177.1163217725909,27864700
2024-06-12,MSFT,435.17620849609375,437.4849890244905,427.4703971671916,429.51279036516684,22366200
2024-06-12,NVDA,125.14643096923828,126.8257124975509,122.51755894250634,123.00734716397616,299595000
2024-06-12,TSLA,177.2899932861328,180.5500030517578,169.8000030517578,171.1199951171875,90389400
2024-06-13,AAPL,212.59580993652344,215.08654136592511,209.9760713532356,213.09197266170435,97862700
2024-06-13,AMZN,183.8300018310547,187.6699981689453,182.6699981689453,186.08999633789062,39721500
2024-06-13,GOOGL,174.0459747314453,175.6159276488582,173.76775676245995,174.98992963777008,20913300
2024-06-13,MSFT,435.689208984375,437.4750908737884,433.508699318619,434.9689666213265,15960600
2024-06-13,NVDA,129.55453491210938,129.74445604329242,127.10558642301991,129.3346278393984,260704500
2024-06-13,TSLA,182.47000122070312,191.0800018310547,181.22999572753906,188.38999938964844,118984100
2024-06-14,AAPL,210.85922241210938,213.5186471242216,209.67835280423736,212.20878551515116,70122700
2024-06-14,AMZN,183.66000366210938,183.72000122070312,182.22999572753906,183.0800018310547,25456400
2024-06-14,GOOGL,175.6656036376953,175.93389067490244,173.04239472317744,173.1119567987189,18063600
2024-06-14,MSFT,436.666015625,437.22841891267086,430.89405002785384,432.43323683903066,13582000
2024-06-14,NVDA,131.82359313964844,132.78317395786428,128.26511837192902,129.90441625095465,309320400
2024-06-14,TSLA,178.00999450683594,186.0,176.9199981689453,185.8000030517578,82038200
2024-06-17,AAPL,215.00714111328125,217.26964179829142,211.08745883873982,211.7324642876032,93728300
2024-06-17,AMZN,184.05999755859375,185.0,181.22000122070312,182.52000427246094,35601900
2024-06-17,GOOGL,176.11277770996094,177.22564977606507,173.69822437013423,174.3440995355834,19618500
2024-06-17,MSFT,442.3886413574219,444.92436422206765,434.84070005199675,436.68574902549324,20790000
2024-06-17,NVDA,130.92396545410156,133.67278906643185,129.52457044327446,132.9331153831068,288504400
2024-06-17,TSLA,187.44000244140625,188.80999755859375,177.0,177.9199981689453,109786100
2024-06-18,AAPL,212.6453857421875,216.95208913019513,211.36529274424583,215.9200623200828,79943300
2024-06-18,AMZN,182.80999755859375,184.2899932861328,181.42999267578125,183.74000549316406,36659200
2024-06-18,GOOGL,173.97642517089844,176.26180021913805,172.9927312675741,176.01339021741077,21869900
2024-06-18,MSFT,440.3857116699219,444.1350368072149,438.95507309068336,443.7107502283828,17112500
2024-06-18,NVDA,135.52200317382812,136.27168233747813,130.63409563692056,131.08390008465824,294335100
2024-06-18,TSLA,184.86000061035156,187.1999969482422,182.3699951171875,186.55999755859375,68982300
2024-06-20,AAPL,208.07078552246094,212.59580212894483,207.2471687535905,212.28816853161533,86172500
2024-06-20,AMZN,186.10000610351562,186.50999450683594,182.72000122070312,182.91000366210938,44726800
2024-06-20,GOOGL,175.17874145507812,176.1624353876285,173.8770754332329,174.25464833709086,20160100
2024-06-20,MSFT,439.7543029785156,440.5732173975681,435.383377000911,440.3462747944722,19877400
2024-06-20,NVDA,130.72406005859375,140.69978702792184,129.46460449105635,139.74020619139688,517768400
2024-06-20,TSLA,181.57000732421875,185.2100067138672,179.66000366210938,184.67999267578125,55893100
2024-06-21,AAPL,205.89759826660156,210.26382387597764,205.5205097773767,208.77533580800622,241805100
2024-06-21,AMZN,189.0800018310547,189.27999877929688,185.86000061035156,187.8000030517578,70792500
2024-06-21,GOOGL,178.48757934570312,179.69982150326564,175.48678194241356,175.87430098217567,57759000
2024-06-21,MSFT,443.77984619140625,444.569161991758,440.5534794666223,441.4118686798834,34187100
2024-06-21,NVDA,126.51585388183594,130.57412222632124,124.24682832839595,127.06562164590744,649445800
2024-06-21,TSLA,183.00999450683594,183.9499969482422,180.69000244140625,182.3000030517578,61937300
2024-06-24,AAPL,206.5426025390625,211.06760381745957,205.00449518251241,206.12582769938734,80727000
2024-06-24,AMZN,185.57000732421875,191.0,185.3300018310547,189.3300018310547,50610400
2024-06-24,GOOGL,178.08016967773438,179.73954672974688,177.53366462186347,179.01419374381484,18298000
2024-06-24,MSFT,441.697998046875,446.71021649298933,440.45479708566984,443.7995580906483,15913700
2024-06-24,NVDA,118.05946350097656,124.40674492687346,117.98949375774167,123.18726572238242,476060900
2024-06-24,TSLA,182.5800018310547,188.8000030517578,182.5500030517578,184.97000122070312,61992100
2024-06-25,AAPL,207.46548461914062,209.75775393646785,207.0090082596573,207.54485732874397,55549700
2024-06-25,AMZN,186.33999633789062,188.83999633789062,185.4199981689453,186.80999755859375,45366400
2024-06-25,GOOGL,182.85958862304688,183.1179295939735,178.27890709964018,178.47763208971796,23130200
2024-06-25,MSFT,444.9342346191406,445.3979659147229,440.7902515475345,442.27024120018433,16413400
2024-06-25,NVDA,126.0360336303711,126.44586182330494,119.2689343412532,121.14812701266729,414192600
2024-06-25,TSLA,187.35000610351562,187.97000122070312,182.00999450683594,184.39999389648438,62905700
2024-06-26,AAPL,211.61338806152344,213.2110325348534,209.0234182045521,209.87681864015101,66213200
2024-06-26,AMZN,193.61000061035156,194.8000030517578,186.25999450683594,186.9199981689453,65103900
2024-06-26,GOOGL,182.71054077148438,183.33652370507795,181.31943557759413,181.4684906850168,19839000
2024-06-26,MSFT,446.1280822753906,447.5488747436615,442.21104180989477,443.0102338094888,16507000
2024-06-26,NVDA,126.34593200683594,128.06518984478126,122.54755446405669,126.07604323280044,362975900
2024-06-26,TSLA,196.3699951171875,197.75999450683594,186.36000061035156,186.5399932861328,95737100
2024-06-27,AAPL,212.45687866210938,214.08429174664712,210.72030917561003,213.04234702641065,49772700
2024-06-27,AMZN,197.85000610351562,199.83999633789062,194.1999969482422,195.00999450683594,74397500
2024-06-27,GOOGL,184.2307891845703,184.86671815444103,182.8496302424256,183.00860111358634,18848900
2024-06-27,MSFT,446.80889892578125,450.08461670642896,445.74328947401983,446.1478236075156,14806300
2024-06-27,NVDA,123.93695831298828,126.35592889862836,122.8674163349487,124.04691186806878,252571700
2024-06-27,TSLA,197.4199981689453,198.72000122070312,194.0500030517578,195.1699981689453,72746500
2024-06-28,AAPL,209.0035400390625,214.41172478378184,208.6860038316288,214.11402417940656,82542700
2024-06-28,AMZN,193.25,198.85000610351562,192.5,197.72999572753906,76930200
2024-06-28,GOOGL,180.99151611328125,183.95257416720727,180.802737253132,183.14772821008222,29156600
2024-06-28,MSFT,440.9875793457031,449.305113661538,440.45477465939115,447.02593208902044,28362300
2024-06-28,NVDA,123.48714447021484,127.65535851030685,122.69748155565787,124.52670042256338,315516700
2024-06-28,TSLA,197.8800048828125,203.1999969482422,195.25999450683594,199.5500030517578,95438100
2024-07-01,AAPL,215.0865020751953,215.84066382869798,210.29356920849017,210.4622626872336,60402900
2024-07-01,AMZN,197.1999969482422,198.3000030517578,192.82000732421875,193.49000549316406,41192000
2024-07-01,GOOGL,181.82618713378906,182.71052611795955,180.1469331256833,181.86592606220148,16006100
2024-07-01,MSFT,450.6371154785156,451.2685620568994,439.71478489170136,442.6747641221356,17662800
2024-07-01,NVDA,124.246826171875,124.78658844306486,118.77916507660012,123.41717942454187,284885500
2024-07-01,TSLA,209.86000061035156,213.22999572753906,200.85000610351562,201.02000427246094,135691400
2024-07-02,AAPL,218.57952880859375,218.68868521261126,213.44920810314017,214.4911377013164,58046200
2024-07-02,AMZN,200.0,200.42999267578125,195.92999267578125,197.27999877929688,45600000
2024-07-02,GOOGL,184.0618896484375,184.38979268671295,180.40528635394423,180.8921754401855,17372500
2024-07-02,MSFT,453.1531066894531,453.4589688152071,447.06540254269134,447.1542284209129,13979800
2024-07-02,NVDA,122.61752319335938,123.35721213177682,120.97822535200487,121.07818104942778,218374000
2024-07-02,TSLA,231.25999450683594,231.3000030517578,218.05999755859375,218.88999938964844,205047900
2024-07-03,AAPL,219.84970092773438,219.84970092773438,217.34903661716913,218.31159349071294,37369800
2024-07-03,AMZN,197.58999633789062,200.02999877929688,196.75999450683594,199.94000244140625,31597900
2024-07-03,GOOGL,184.63819885253906,184.90647074592763,182.8297667085458,183.67436680423387,10242100
2024-07-03,MSFT,454.62322998046875,454.86989493305913,451.7717987859675,452.07766091834213,9932800
2024-07-03,NVDA,128.22511291503906,128.22511291503906,121.30807553564613,121.60795022813568,215749000
2024-07-03,TSLA,246.38999938964844,248.35000610351562,234.25,234.55999755859375,166561500
2024-07-05,AAPL,224.60293579101562,224.71209219476,219.9489270685169,219.9489270685169,60412400
2024-07-05,AMZN,200.0,200.5500030517578,198.1699981689453,198.64999389648438,39858900
2024-07-05,GOOGL,189.38780212402344,189.64614308224583,184.618326787977,184.67794276589416,20967500
2024-07-05,MSFT,461.3226318359375,462.1021014719612,452.8472281684966,453.478674753155,16000300
2024-07-05,NVDA,125.77616119384766,128.79487325497558,125.62622385121296,127.32549339805952,214176700
2024-07-05,TSLA,251.52000427246094,252.3699951171875,242.4600067138672,249.80999755859375,154501200
2024-07-08,AAPL,226.07156372070312,226.1013322692385,221.53662969916704,225.34715532852172,59085900
2024-07-08,AMZN,199.2899932861328,201.1999969482422,197.9600067138672,200.0399932861328,34767300
2024-07-08,GOOGL,187.8277587890625,188.9605077271216,186.58570884988617,188.69222069497164,21035900
2024-07-08,MSFT,460.020263671875,461.4608086849496,458.26401040115894,460.3261258064599,12962300
2024-07-08,NVDA,128.14512634277344,130.71403368367476,126.98562679747023,127.43543114348468,237677300
2024-07-08,TSLA,252.94000244140625,259.44000244140625,244.57000732421875,247.7100067138672,157219600
2024-07-09,AAPL,226.92494201660156,227.63941744293055,224.63267299949706,226.18069804264906,48076100
2024-07-09,AMZN,199.33999633789062,200.57000732421875,199.0500030517578,199.39999389648438,32700100
2024-07-09,GOOGL,187.778076171875,190.14294413821008,187.51973523943423,189.09961914354798,15121400
2024-07-09,MSFT,453.40960693359375,461.09566431646033,451.89014256478214,460.77007986409006,17207200
2024-07-09,NVDA,131.3238067626953,133.76276548705792,128.59496354527897,130.29424856790877,285366600
2024-07-09,TSLA,262.3299865722656,265.6099853515625,250.3000030517578,251.0,160210900
2024-07-10,AAPL,231.1919403076172,231.29117889263895,227.49057123987387,227.54019053238477,62627700
2024-07-10,AMZN,199.7899932861328,200.11000061035156,197.69000244140625,200.0,32883800
2024-07-10,GOOGL,189.96409606933594,190.53047817126304,187.82777604241306,187.94700799576873,15952500
2024-07-10,MSFT,460.0301208496094,460.2373109717691,452.73869064735504,455.0672233776237,18196100
2024-07-10,NVDA,134.852294921875,135.04221608834806,132.36335454676214,133.9726664675838,248978600
2024-07-10,TSLA,263.260009765625,267.5899963378906,257.8599853515625,262.79998779296875,128519400
2024-07-11,AAPL,225.823486328125,230.60648662367137,224.03729767642758,229.61416127735984,64710600
2024-07-11,AMZN,195.0500030517578,200.27000427246094,192.86000061035156,200.08999633789062,44565000
2024-07-11,GOOGL,184.38978576660156,189.64613480059487,183.90289669863316,188.64256383874462,25625800
2024-07-11,MSFT,448.63421630859375,458.57973369334036,445.5262138972975,456.8037581244286,23111200
2024-07-11,NVDA,127.34551239013672,136.09176237835354,126.99566361078907,135.6919395597456,374782700
2024-07-11,TSLA,241.02999877929688,271.0,239.64999389648438,263.29998779296875,221707300
2024-07-12,AAPL,228.7706756591797,230.8545649156238,226.92494993371525,227.16311346469493,53046500
2024-07-12,AMZN,194.49000549316406,196.47000122070312,193.8300018310547,194.8000030517578,30598500
2024-07-12,GOOGL,183.89297485351562,185.91999392317484,183.31666179406736,183.90290579597803,22898400
2024-07-12,MSFT,447.4995422363281,450.2720538778231,444.6382348256943,448.26913567933263,16324300
2024-07-12,NVDA,129.18472290039062,131.86356920556344,127.16558268757724,128.20513111513003,252680500
2024-07-12,TSLA,248.22999572753906,251.83999633789062,233.08999633789062,235.8000030517578,155955800
2024-07-15,AAPL,232.60105895996094,235.409341553401,231.30111515749465,234.66509753137677,62631300
2024-07-15,AMZN,192.72000122070312,196.19000244140625,190.8300018310547,194.55999755859375,40683200
2024-07-15,GOOGL,185.3436737060547,187.04280482965035,183.74391265022248,183.74391265022248,16474000
2024-07-15,MSFT,447.90411376953125,451.1601094621715,445.4078654604088,447.2529146310032,14429400
2024-07-15,NVDA,128.38507080078125,131.33380608467334,127.12560754638835,130.50415923151834,208326200
2024-07-15,TSLA,252.63999938964844,265.6000061035156,251.72999572753906,255.97000122070312,146912900
2024-07-16,AAPL,233.01783752441406,234.4567062015191,230.54694204130521,233.19644881294397,43234300
2024-07-16,AMZN,193.02000427246094,196.6199951171875,192.24000549316406,195.58999633789062,33994700
2024-07-16,GOOGL,182.75025939941406,187.4799801449797,182.20375438973656,186.16838328349618,18290700
2024-07-16,MSFT,443.5233154296875,448.23954820722287,440.7014827721708,448.1606286695201,17175700
2024-07-16,NVDA,126.3059310913086,128.98477699663783,124.52669397454281,128.3850428883488,214769500
2024-07-16,TSLA,256.55999755859375,258.6199951171875,245.8000030517578,255.30999755859375,126332500
2024-07-17,AAPL,227.12342834472656,229.6836295353235,224.9006141352506,227.68904591405493,57345900
2024-07-17,AMZN,187.92999267578125,191.5800018310547,185.99000549316406,191.35000610351562,48076100
2024-07-17,GOOGL,179.8687286376953,182.3826367867754,178.7558414559852,181.80632373022326,20734100
2024-07-17,MSFT,437.6033020019531,438.9155762729031,433.3212024908107,436.6857157018079,21778000
2024-07-17,NVDA,117.93951416015625,121.79786321418705,116.670060903269,121.29807714631912,390086200
2024-07-17,TSLA,248.5,258.4700012207031,246.17999267578125,252.72999572753906,115584800
2024-07-18,AAPL,222.45947265625,228.6714385621368,220.5641428905974,228.5126628842939,66034600
2024-07-18,AMZN,183.75,189.67999267578125,181.4499969482422,189.58999633789062,51043600
2024-07-18,GOOGL,176.5598907470703,181.33929663243535,175.34764875664283,180.77291456531665,25315700
2024-07-18,MSFT,434.4953308105469,438.7182331565263,428.60497114914784,438.41237105587203,20794800
2024-07-18,NVDA,121.03819274902344,122.34763750285344,116.51013195140489,121.79786974825338,320979500
2024-07-18,TSLA,249.22999572753906,257.1400146484375,247.1999969482422,251.08999633789062,110869000
2024-07-19,AAPL,222.5885009765625,225.0593965950336,221.56640705838353,223.09459660515446,49151500
2024-07-19,AMZN,183.1300048828125,184.92999267578125,180.11000061035156,181.13999938964844,43081800
2024-07-19,GOOGL,176.53009033203125,179.14335328560048,176.0034623321631,177.74233237445245,18881900
2024-07-19,MSFT,431.2788391113281,435.2551069043024,426.23702212212055,427.3223538949878,20940400
2024-07-19,NVDA,117.87955474853516,121.54798304467437,117.31979673364096,120.29851774276338,217223800
2024-07-19,TSLA,239.1999969482422,249.44000244140625,236.8300018310547,247.7899932861328,87403900
2024-07-22,AAPL,222.24119567871094,226.03187070395737,221.3778623137636,225.26777593230437,48201800
2024-07-22,AMZN,182.5500030517578,185.05999755859375,182.47999572753906,185.0,39931900
2024-07-22,GOOGL,180.51458740234375,181.5380354484916,179.08374329385708,179.44145432097875,24100300
2024-07-22,MSFT,437.03106689453125,438.6689256733767,433.05482935357276,435.89641421757136,15808800
2024-07-22,NVDA,123.48714447021484,124.01691649015211,119.80871864887781,120.2985068676328,258068900
2024-07-22,TSLA,251.50999450683594,253.2100067138672,243.75,244.2100067138672,101225400
2024-07-23,AAPL,223.28314208984375,225.19833806517673,220.9710219946754,222.6480544130964,39960300
2024-07-23,AMZN,186.41000366210938,189.38999938964844,183.55999755859375,184.10000610351562,47537700
2024-07-23,GOOGL,180.63381958007812,182.44225176435077,180.3854095654304,180.89217569882794,36352700
2024-07-23,MSFT,438.91558837890625,442.4083722657051,437.1889338456379,437.97824958808866,13107100
2024-07-23,NVDA,122.53755187988281,124.63665959294896,122.04776363902835,122.72747303753543,173911000
2024-07-23,TSLA,246.3800048828125,255.75999450683594,245.6300048828125,253.60000610351562,111928200
2024-07-24,AAPL,216.86279296875,223.0747598557794,215.46362561910502,222.28089648286087,61777600
2024-07-24,AMZN,180.8300018310547,185.4499969482422,180.41000366210938,183.1999969482422,41532400
2024-07-24,GOOGL,171.53208923339844,175.06944543810874,170.72724320681195,172.4959213091671,49585200
2024-07-24,MSFT,423.1783447265625,435.59054077335657,421.88582291184935,434.5742824737623,26805800
2024-07-24,NVDA,114.20111846923828,119.89867669033677,113.39146746574805,119.1190116312528,327776900
2024-07-24,TSLA,215.99000549316406,225.99000549316406,214.7100067138672,225.4199981689453,167942900
2024-07-25,AAPL,215.8208465576172,219.15506035064124,212.97286249707204,217.24978234747041,51391200
2024-07-25,AMZN,179.85000610351562,183.89999389648438,176.8000030517578,182.91000366210938,44464200
2024-07-25,GOOGL,166.21609497070312,172.31704385351824,166.12667101114428,171.422773934444,44852000
2024-07-25,MSFT,412.8184814453125,424.0663978828946,411.94036982301,423.0797380180107,29943800
2024-07-25,NVDA,112.2319564819336,116.580093681362,106.25451947131738,112.99163342891377,460067000
2024-07-25,TSLA,220.25,226.0,216.22999572753906,216.8000030517578,100636500
2024-07-26,AAPL,216.2872314453125,217.80548795978973,214.35218497553956,217.02154248476683,41601300
2024-07-26,AMZN,182.5,183.19000244140625,180.24000549316406,180.38999938964844,29506000
2024-07-26,GOOGL,165.93788146972656,167.020945440501,163.0165774179734,166.08692140634935,41336900
2024-07-26,MSFT,419.5968017578125,423.19813411147953,411.7035233681291,412.6211398648851,23583800
2024-07-26,NVDA,113.0116195678711,116.1502753623964,111.53225712550028,116.14028513217615,293399100
2024-07-26,TSLA,219.8000030517578,222.27999877929688,215.3300018310547,221.19000244140625,94604100
2024-07-29,AAPL,216.56509399414062,217.61695646267233,214.0941983741811,215.29491873308154,36311800
2024-07-29,AMZN,183.1999969482422,184.75,182.3800048828125,183.83999633789062,33270100
2024-07-29,GOOGL,168.45179748535156,169.3460674710784,166.92159847023703,167.75625247848131,20293800
2024-07-29,MSFT,421.0373229980469,426.38500194360023,419.0344049240428,425.8225986635412,15125800
2024-07-29,NVDA,111.54225158691406,116.23024736996389,111.2523823769322,113.64135918454429,248152100
2024-07-29,TSLA,232.10000610351562,234.27000427246094,224.6999969482422,224.89999389648438,129201800
2024-07-30,AAPL,217.12078857421875,218.63904514115285,214.46134877521007,217.50779485320817,41643800
2024-07-30,AMZN,181.7100067138672,185.86000061035156,179.3800048828125,184.72000122070312,39508600
2024-07-30,GOOGL,169.20697021484375,170.14099435822163,167.36874508064338,169.15730033798988,18959700
2024-07-30,MSFT,417.2781677246094,423.32636688783225,411.7923116419938,422.0141226280364,32687600
2024-07-30,NVDA,103.68562316894531,111.94208369239041,102.49612986212257,111.47228355856528,486833300
2024-07-30,TSLA,222.6199951171875,232.41000366210938,220.0,232.25,100560300
2024-07-31,AAPL,220.3756103515625,222.10226187087767,218.93674165630796,219.7405227481965,50036300
2024-07-31,AMZN,186.97999572753906,187.94000244140625,184.4600067138672,185.0500030517578,41667300
2024-07-31,GOOGL,170.44898986816406,173.14176079618966,168.9287219619174,172.13818990776468,25729100
2024-07-31,MSFT,412.7691345214844,416.1533704185598,406.7110288792971,414.89044707540063,42891400
2024-07-31,NVDA,116.96992492675781,118.28935980657482,110.83255278301941,112.85169271533529,473174200
2024-07-31,TSLA,232.07000732421875,234.67999267578125,226.7899932861328,227.89999389648438,67497000
2024-08-01,AAPL,216.6841583251953,222.7571844619209,215.35444602521784,222.64802807062824,62501000
2024-08-01,AMZN,184.07000732421875,190.60000610351562,181.8699951171875,189.2899932861328,70435600
2024-08-01,GOOGL,169.67398071289062,172.9430651843941,167.80594760520498,169.16722971206943,24531400
2024-08-01,MSFT,411.545654296875,421.7575892383458,407.57929274476925,415.1765852410534,30296400
2024-08-01,NVDA,109.16327667236328,120.10859659996095,106.76430191931924,117.47971689042026,523462300
2024-08-01,TSLA,216.86000061035156,231.8699951171875,214.3300018310547,227.69000244140625,83861900
2024-08-02,AAPL,218.17263793945312,223.86859053089324,216.03914463167754,217.46808032420208,105568600
2024-08-02,AMZN,167.89999389648438,168.77000427246094,160.5500030517578,166.75,141448400
2024-08-02,GOOGL,165.6000518798828,167.438276847675,163.62270275190997,165.38144985923282,29130100
2024-08-02,MSFT,403.0406494140625,409.46381430513844,398.9460172931046,406.98728858808795,29437900
2024-08-02,NVDA,107.22410583496094,108.67349009112934,101.3266359945612,103.71561292679569,482027500
2024-08-02,TSLA,207.6699981689453,216.1300048828125,205.77999877929688,214.8800048828125,82880100
2024-08-05,AAPL,207.66392517089844,211.8614570593827,194.49576385779395,197.56204548052773,119548600
2024-08-05,AMZN,161.02000427246094,162.9600067138672,151.61000061035156,154.2100067138672,83149400
2024-08-05,GOOGL,158.23716735839844,163.38421519483722,153.944635352421,154.51101742060257,53630700
2024-08-05,MSFT,389.8785705566406,395.6900105848848,380.43623009500715,383.97836487999916,40709200
2024-08-05,NVDA,100.40702056884766,103.36576087778293,90.65120176374947,92.020610744235,552842400
2024-08-05,TSLA,198.8800048828125,203.8800048828125,182.0,185.22000122070312,100308800
2024-08-06,AAPL,205.6395721435547,208.3783997216886,199.52685967053256,203.72439154098564,69660500
2024-08-06,AMZN,161.92999267578125,165.0800018310547,158.5399932861328,161.7100067138672,59950800
2024-08-06,GOOGL,157.2832794189453,159.54879271884894,155.41524640434096,158.31667357844438,49004600
2024-08-06,MSFT,394.27911376953125,400.2582999432438,393.18393582915473,394.6639255499671,24946500
2024-08-06,NVDA,104.20540618896484,107.66392522983698,100.50699194542041,103.79557790935745,409012100
2024-08-06,TSLA,200.63999938964844,202.89999389648438,192.6699981689453,200.75,73783900
2024-08-07,AAPL,208.209716796875,212.00039184379946,204.80603289763474,205.31211338628992,63516400
2024-08-07,AMZN,162.77000427246094,167.5800018310547,161.42999267578125,166.5500030517578,48408200
2024-08-07,GOOGL,157.92913818359375,161.94343696392548,157.46212618793052,160.22444407280443,25138600
2024-08-07,MSFT,393.11480712890625,404.6093863218842,392.1676222717273,403.1886240913476,20650900
2024-08-07,NVDA,98.86768341064453,108.75345120343057,98.64777632103673,107.76386930019544,411440400
2024-08-07,TSLA,191.75999450683594,203.49000549316406,191.47999572753906,200.77000427246094,71159800
2024-08-08,AAPL,211.67291259765625,212.5560815310077,207.22729938249148,211.47445056104476,47161100
2024-08-08,AMZN,165.8000030517578,166.69000244140625,162.5500030517578,165.1699981689453,44616200
2024-08-08,GOOGL,160.99948120117188,162.64892717046854,159.1910643615004,159.48914421954225,25578800
2024-08-08,MSFT,397.3180236816406,400.4457182788044,394.6047093244423,397.07135874007713,20203000
2024-08-08,NVDA,104.92508697509766,105.45485898012505,97.47827008281362,101.95635654950479,391910000
2024-08-08,TSLA,198.83999633789062,200.6999969482422,192.0399932861328,195.6999969482422,65033900
2024-08-09,AAPL,214.58045959472656,215.11630867247783,210.34322570654538,210.47223285968454,42201600
2024-08-09,AMZN,166.94000244140625,168.5500030517578,165.85000610351562,166.39999389648438,36401000
2024-08-09,GOOGL,162.62905883789062,162.74829078749448,158.04837777910737,158.99233275753915,28602300
2024-08-09,MSFT,400.60357666015625,402.6064947272633,396.89375651412195,398.64013341356633,19276700
2024-08-09,NVDA,104.70519256591797,106.55439969221393,103.38575750879603,105.59481125304626,290844200
2024-08-09,TSLA,200.0,200.8800048828125,195.11000061035156,197.0500030517578,58648300
2024-08-12,AAPL,216.11038208007812,218.07745621052726,214.19298467780987,214.65991863613397,38028100
2024-08-12,AMZN,166.8000030517578,168.5500030517578,166.11000061035156,168.13999938964844,30072800
2024-08-12,GOOGL,161.25784301757812,163.85124425062764,160.81070801086153,163.30475433227653,15895300
2024-08-12,MSFT,401.3830871582031,403.3070858906621,398.8473641425328,401.62975211823795,16762900
2024-08-12,NVDA,108.9733657836914,111.02249199260416,106.21455180262768,106.27452369861088,325559900
2024-08-12,TSLA,197.49000549316406,199.25999450683594,194.6699981689453,199.02000427246094,64044900
2024-08-13,AAPL,219.8260040283203,220.441953079239,217.58074300671984,217.58074300671984,44155300
2024-08-13,AMZN,170.22999572753906,171.0399932861328,167.10000610351562,167.80999755859375,39237900
2024-08-13,GOOGL,163.11595153808594,163.6823184730739,161.93351747234263,162.37072151296138,18551700
2024-08-13,MSFT,408.4870300292969,409.41449264240543,404.10625814496586,404.1259805010332,19414300
2024-08-13,NVDA,116.0903091430664,116.18027460234957,111.53226256952769,112.3918952304853,312646700
2024-08-13,TSLA,207.8300018310547,208.49000549316406,197.05999755859375,198.47000122070312,76247400
2024-08-14,AAPL,220.27304077148438,221.5744891931242,218.2662191901357,219.13055181670978,41960600
2024-08-14,AMZN,170.10000610351562,172.27999877929688,168.86000061035156,172.11000061035156,28843800
2024-08-14,GOOGL,159.3500518798828,162.18193212107965,156.70698083807574,161.36713999266024,40591100
2024-08-14,MSFT,411.2989807128906,412.14752377963794,406.9478375879701,409.26646397851016,18267000
2024-08-14,NVDA,118.02948760986328,118.5492618001431,114.02120093884069,118.47929205094907,339246400
2024-08-14,TSLA,201.3800048828125,208.44000244140625,198.75,207.38999938964844,70250000
2024-08-15,AAPL,223.25347900390625,223.8793724762866,221.30626328939533,223.13426697458056,46414000
2024-08-15,AMZN,177.58999633789062,177.91000366210938,173.99000549316406,174.86000061035156,51698500
2024-08-15,GOOGL,160.27413940429688,160.61197337469392,158.59488533261137,159.4792243502646,31524300
2024-08-15,MSFT,416.162109375,416.2411711538097,412.8310776655769,414.94631960204117,20752100
2024-08-15,NVDA,122.80744171142578,123.18727640390337,117.41974813678404,118.7091971963176,318086700
2024-08-15,TSLA,214.13999938964844,215.8800048828125,204.82000732421875,205.02000427246094,89848500
2024-08-16,AAPL,224.57479858398438,225.34970708383625,222.19045191126241,222.45869413327577,44340200
2024-08-16,AMZN,177.05999755859375,178.33999633789062,176.25999450683594,177.0399932861328,31489200
2024-08-16,GOOGL,161.92356872558594,164.0102034694482,160.10520584481466,160.44303978023876,24208600
2024-08-16,MSFT,413.6316833496094,416.46849580465874,412.4751975268654,415.7370612802868,22775600
2024-08-16,NVDA,124.52670288085938,124.94652136236562,121.12815597457694,121.88783295977665,302589900
2024-08-16,TSLA,216.1199951171875,219.8000030517578,210.8000030517578,211.14999389648438,88765100
2024-08-19,AAPL,224.4158172607422,224.51517071380414,221.5844105997713,224.24692851790377,40687800
2024-08-19,AMZN,178.22000122070312,178.3000030517578,176.16000366210938,177.63999938964844,31129800
2024-08-19,GOOGL,165.6099853515625,165.6298623978553,163.21530919170212,164.22882628821975,22416200
2024-08-19,MSFT,416.65631103515625,416.87376862371895,411.64492262923585,414.11601787893187,15234000
2024-08-19,NVDA,129.9443817138672,129.9443817138672,123.36719502454015,124.22682769827617,318333600
2024-08-19,TSLA,222.72000122070312,222.97999572753906,214.08999633789062,217.07000732421875,76435200
2024-08-20,AAPL,225.03179931640625,225.68749582093912,223.97871925960482,224.2966382287883,30299000
2024-08-20,AMZN,178.8800048828125,179.00999450683594,177.42999267578125,177.9199981689453,26255200
2024-08-20,GOOGL,166.1167449951172,167.56746621538298,165.7590491136282,165.8385269794626,18341500
2024-08-20,MSFT,419.8885498046875,420.9362919197164,416.76511152971835,416.8244154105886,16387600
2024-08-20,NVDA,127.195556640625,129.82443628728038,125.83613790062299,128.3450585172195,300087400
2024-08-20,TSLA,221.10000610351562,228.22000122070312,219.55999755859375,224.8800048828125,74001200
2024-08-21,AAPL,224.92251586914062,226.49220666639903,223.58133501497932,225.04174306182065,34765500
2024-08-21,AMZN,180.11000061035156,182.38999938964844,178.88999938964844,179.9199981689453,35599100
2024-08-21,GOOGL,164.79519653320312,165.7888365119098,163.62269347422293,164.09963641871417,22902000
2024-08-21,MSFT,419.2362060546875,421.47005594621174,416.844172261588,419.1768720092263,16067300
2024-08-21,NVDA,128.4450225830078,129.29466502006431,126.60581346882094,127.26552712895132,257883600
2024-08-21,TSLA,223.27000427246094,224.66000366210938,218.86000061035156,222.6699981689453,70146000
2024-08-22,AAPL,223.064697265625,226.84983046212884,222.43880384726458,226.30341677619586,43695300
2024-08-22,AMZN,176.1300048828125,181.47000122070312,175.67999267578125,181.3800048828125,32047500
2024-08-22,GOOGL,162.7582550048828,166.52414439583893,162.2713658869077,166.19624133619183,22493300
2024-08-22,MSFT,410.7454528808594,421.8555179747642,409.8163186254232,419.45359039351575,19361900
2024-08-22,NVDA,123.68706512451172,130.6940685649148,123.04733950988674,129.96438511048203,376189100
2024-08-22,TSLA,210.66000366210938,224.8000030517578,210.32000732421875,223.82000732421875,79514500
2024-08-23,AAPL,225.35963439941406,226.73063334528243,222.866020162344,224.187342377279,38677300
2024-08-23,AMZN,177.0399932861328,178.97000122070312,175.24000549316406,177.33999633789062,29150100
2024-08-23,GOOGL,164.566650390625,165.12308635947946,162.78804147862647,163.6723804637865,13955700
2024-08-23,MSFT,411.97113037109375,414.41257372157986,407.32545916499066,412.15893602611095,18493800
2024-08-23,NVDA,129.31463623046875,129.54454879248973,125.16641816339359,125.80614369005178,323230300
2024-08-23,TSLA,220.32000732421875,221.47999572753906,214.2100067138672,214.4600067138672,81525200
2024-08-26,AAPL,225.69740295410156,225.79675641202357,222.4288803537143,225.28014571740593,30602200
2024-08-26,AMZN,175.5,177.47000122070312,174.3000030517578,176.6999969482422,22366200
2024-08-26,GOOGL,165.1032257080078,166.48438469877073,163.414040743741,165.32182772050928,14190400
2024-08-26,MSFT,408.70928955078125,412.4554786638681,406.58415351672016,411.55599630876077,13152800
2024-08-26,NVDA,126.40589904785156,131.20384101513017,124.3167968178151,129.5145768150302,331964700
2024-08-26,TSLA,213.2100067138672,219.08999633789062,211.00999450683594,218.75,59301200
2024-08-27,AAPL,226.5418701171875,227.35652605602343,223.4223624308928,224.52511915345738,35934600
2024-08-27,AMZN,173.1199951171875,174.88999938964844,172.25,174.14999389648438,29842000
2024-08-27,GOOGL,163.6326446533203,165.38146093564725,163.41405777977417,164.78527080999132,11821900
2024-08-27,MSFT,409.0552673339844,409.5692443465509,405.5067777613987,408.0865870238401,13492900
2024-08-27,NVDA,128.2451171875,129.14472607274774,123.8270022374259,124.99650751528328,303134600
2024-08-27,TSLA,209.2100067138672,215.66000366210938,206.94000244140625,213.25,62821400
2024-08-28,AAPL,225.0119171142578,228.35991942602843,224.20719049274723,226.43257756563742,38052200
2024-08-28,AMZN,170.8000030517578,173.69000244140625,168.9199981689453,173.69000244140625,29045000
2024-08-28,GOOGL,161.8142852783203,164.54679536636124,160.50267315842373,163.99034421256823,16407400
2024-08-28,MSFT,405.8526916503906,410.201813276276,402.60072184118246,410.0832055301203,14882700
2024-08-28,NVDA,125.55626678466797,128.27510443502842,122.58753608006307,128.06518755846798,448101100
2024-08-28,TSLA,205.75,211.83999633789062,202.58999633789062,209.72000122070312,64116400
2024-08-29,AAPL,228.2904052734375,231.3999840370147,227.38635536936076,228.59839497615772,51906300
2024-08-29,AMZN,172.1199951171875,174.2899932861328,170.80999755859375,173.22000122070312,26407800
2024-08-29,GOOGL,160.7510986328125,164.9144531934037,159.2308304504993,163.26500694274193,19699800
2024-08-29,MSFT,408.3435363769531,417.17028122626607,405.85268326493673,410.142500929111,17045200
2024-08-29,NVDA,117.53968811035156,124.37676573622443,116.66006734390899,121.30807947152184,453023300
2024-08-29,TSLA,206.27999877929688,214.88999938964844,205.97000122070312,209.8000030517578,62308800
2024-08-30,AAPL,227.5055389404297,228.89639643358683,225.99545426270925,228.68777538921813,52990800
2024-08-30,AMZN,178.5,178.89999389648438,172.60000610351562,172.77999877929688,43429400
2024-08-30,GOOGL,162.34091186523438,162.6191298588304,160.66165779990888,161.58573574397926,22123800
2024-08-30,MSFT,412.31707763671875,412.663006834999,407.36499317358016,410.7948745382869,24308300
2024-08-30,NVDA,119.31893157958984,121.69791057687668,117.169849908653,119.47885915972935,333751600
2024-08-30,TSLA,214.11000061035156,214.57000732421875,207.02999877929688,208.6300048828125,63370600
2024-09-03,AAPL,221.3162078857422,227.50554667965343,219.72664341730942,227.05848641015993,50190600
2024-09-03,AMZN,176.25,178.25999450683594,175.25999450683594,177.5500030517578,37817500
2024-09-03,GOOGL,156.3592071533203,160.82065667227133,155.4847990112644,160.6914786071736,38945300
2024-09-03,MSFT,404.70611572265625,415.02541234976394,402.32397617802485,413.0781880012741,20313600
2024-09-03,NVDA,107.95378875732422,116.1602749319815,107.24409346859224,115.96036355880885,477155100
2024-09-03,TSLA,210.60000610351562,219.89999389648438,209.63999938964844,215.25999450683594,76714200
2024-09-04,AAPL,219.4087371826172,220.33266071869627,216.06071952153204,220.21344869061124,43840200
2024-09-04,AMZN,173.3300018310547,175.97999572753906,172.5399932861328,174.47999572753906,30309200
2024-09-04,GOOGL,155.45497131347656,157.98875628626521,154.9680974284368,155.66364237973846,19353800
2024-09-04,MSFT,404.17236328125,406.4853049884444,399.6947395600007,401.2169427939581,15135800
2024-09-04,NVDA,106.16455078125,113.22152729745075,104.07544877334824,105.36489768479619,372470300
2024-09-04,TSLA,219.41000366210938,222.22000122070312,210.57000732421875,210.58999633789062,80651800
2024-09-05,AAPL,220.92874145507812,224.00850159902006,220.07435325324454,220.1836359939166,36615400
2024-09-05,AMZN,177.88999938964844,179.8800048828125,175.0,175.0,40170500
2024-09-05,GOOGL,156.23995971679688,158.4358956354768,154.98796360800392,155.30593568698094,18688700
2024-09-05,MSFT,403.6683044433594,408.3238400745398,401.43442438412086,402.9071876985351,14195500
2024-09-05,NVDA,107.16413116455078,109.6030896936583,104.715182404582,104.94507973247826,306850700
2024-09-05,TSLA,230.1699981689453,235.0,222.25,223.49000549316406,119355000
2024-09-06,AAPL,219.37892150878906,223.7700744804958,218.33577084564575,222.4884846157397,48423000
2024-09-06,AMZN,171.38999938964844,178.3800048828125,171.16000366210938,177.24000549316406,41466500
2024-09-06,GOOGL,149.96014404296875,156.82619994728552,149.59250210192843,156.29957197054128,37912100
2024-09-06,MSFT,397.0556335449219,405.9021372589665,396.16601504088436,404.3305241544344,19609500
2024-09-06,NVDA,102.78600311279297,108.10372649561138,100.90680264312543,107.9937729521253,413638100
2024-09-06,TSLA,210.72999572753906,233.60000610351562,210.50999450683594,232.60000610351562,112177000
2024-09-09,AAPL,219.4683380126953,219.82598924771256,215.2957503769675,219.37892899374344,67180000
2024-09-09,AMZN,175.39999389648438,175.85000610351562,173.50999450683594,174.52999877929688,29037400
2024-09-09,GOOGL,147.96029663085938,152.62663960312594,146.47780288600765,151.74112707707891,39260500
2024-09-09,MSFT,401.0291442871094,403.9252609488484,397.50041270369564,402.5315594789773,15295100
2024-09-09,NVDA,106.42444610595703,106.50441370678206,103.64563679939363,104.83512245061276,273912000
2024-09-09,TSLA,216.27000427246094,219.8699951171875,213.6699981689453,216.1999969482422,67443500
2024-09-10,AAPL,218.67355346679688,220.03460793809228,215.31560663834654,217.49131703149231,51591000
2024-09-10,AMZN,179.5500030517578,180.5,176.7899932861328,177.49000549316406,36233800
2024-09-10,GOOGL,147.91053771972656,150.50738007285446,147.59214370497173,149.6915067964419,31118800
2024-09-10,MSFT,409.4111022949219,411.5164502597468,402.9862541865475,403.48047327180706,19594300
2024-09-10,NVDA,108.05374145507812,109.35318822314704,104.90508784485718,107.76386463370491,268283700
2024-09-10,TSLA,226.1699981689453,226.39999389648438,218.63999938964844,220.07000732421875,78891100
2024-09-11,AAPL,221.20693969726562,221.6341262702352,216.46806414665176,220.01477384708656,44587100
2024-09-11,AMZN,184.52000427246094,184.99000549316406,175.72999572753906,180.10000610351562,42564700
2024-09-11,GOOGL,150.39793395996094,150.7362162140882,146.77628554400584,149.16417992613762,29607700
2024-09-11,MSFT,418.1488952636719,419.08789343392027,404.84449566929334,410.6960629554886,19266900
2024-09-11,NVDA,116.85997772216797,117.13985668962943,107.37403301447969,109.34319126914343,441422400
2024-09-11,TSLA,228.1300048828125,228.47000122070312,216.8000030517578,224.5500030517578,83548600
2024-09-12,AAPL,221.3162078857422,222.09111639532034,218.38546260882887,221.04796566036197,37455600
2024-09-12,AMZN,187.0,187.41000366210938,183.5399932861328,184.8000030517578,33544200
2024-09-12,GOOGL,153.91014099121094,154.03949046129577,151.88041704126704,153.02462848632382,29621500
2024-09-12,MSFT,422.0630798339844,422.42879711427406,414.89690341994134,418.415740735589,17395700
2024-09-12,NVDA,119.0992202758789,120.74865704096976,115.34050510922769,116.80000446674823,366052700
2024-09-12,TSLA,229.80999755859375,231.4499969482422,223.8300018310547,224.66000366210938,71894900
2024-09-13,AAPL,221.04795837402344,222.57790161811045,220.46181236980377,222.12091208096655,36766600
2024-09-13,AMZN,186.49000549316406,188.5,185.91000366210938,187.0,26495400
2024-09-13,GOOGL,156.66616821289062,157.58152818841413,154.42751164329223,154.6463885405626,29591200
2024-09-13,MSFT,425.611572265625,426.83722589839596,420.5408798146308,420.9065970976519,15874600
2024-09-13,NVDA,119.05921936035156,119.91892551173434,117.55973295121166,119.0392295640139,238358300
2024-09-13,TSLA,230.2899932861328,232.6699981689453,226.32000732421875,228.0,59515100
2024-09-16,AAPL,214.90829467773438,215.80241517960704,212.52394807405793,215.126845002842,59357400
2024-09-16,AMZN,184.88999938964844,185.80999755859375,183.36000061035156,185.2899932861328,26065500
2024-09-16,GOOGL,157.2631378173828,157.45218236116395,155.8105069116596,156.51691894363321,18379800
2024-09-16,MSFT,426.3528747558594,428.51755654874484,423.26895279469,425.62144023461013,13834700
2024-09-16,NVDA,116.7400131225586,118.13953528569532,114.32084356482326,116.75001183404176,248772300
2024-09-16,TSLA,226.77999877929688,229.9600067138672,223.52999877929688,229.3000030517578,54323000
2024-09-17,AAPL,215.3751983642578,215.48448109873988,213.10014982176025,214.3419921866889,45519300
2024-09-17,AMZN,186.8800048828125,189.4499969482422,186.13999938964844,186.85000610351562,26091700
2024-09-17,GOOGL,158.51681518554688,159.74061004154726,157.5815516503455,158.2183245621199,20715600
2024-09-17,MSFT,430.1188659667969,436.741413807479,427.2721591954558,435.1401487897844,18874200
2024-09-17,NVDA,115.55043029785156,118.75933823796504,114.79069593440207,118.12954900355818,231925900
2024-09-17,TSLA,227.8699951171875,234.57000732421875,226.5500030517578,229.4499969482422,66761600
2024-09-18,AAPL,219.24977111816406,221.25659276615585,216.12031904206836,216.13026348358338,59894900
2024-09-18,AMZN,186.42999267578125,188.8000030517578,185.05999755859375,186.4499969482422,34448100
2024-09-18,GOOGL,159.0043182373047,159.6908420434117,157.80042693308812,159.05406919954734,23677300
2024-09-18,MSFT,425.8290710449219,430.9887198071655,425.43370178624906,429.97062963783105,18898000
2024-09-18,NVDA,113.33119201660156,117.65970390167261,113.18124184177299,115.85032597194726,310318900
2024-09-18,TSLA,227.1999969482422,235.67999267578125,226.8800048828125,230.08999633789062,78010200
2024-09-19,AAPL,227.3763885498047,228.32020097310811,223.16406850984052,223.52171975466862,66781300
2024-09-19,AMZN,189.8699951171875,190.99000549316406,188.47000122070312,190.0399932861328,39543200
2024-09-19,GOOGL,161.32257080078125,162.96424625525552,160.52660096333298,162.88466293518638,26587700
2024-09-19,MSFT,433.6179504394531,436.3954593302787,431.84863763952944,436.1285918792357,21706600
2024-09-19,NVDA,117.82965087890625,119.6190390017094,117.20986038538442,117.30982462581498,293506400
2024-09-19,TSLA,243.9199981689453,244.24000549316406,232.1300048828125,234.0,102694600
2024-09-20,AAPL,226.7107391357422,231.56882586153637,226.13452245924367,228.46919216926284,318679900
2024-09-20,AMZN,191.60000610351562,191.83999633789062,187.41000366210938,190.22999572753906,100378600
2024-09-20,GOOGL,162.76527404785156,162.90456764484875,161.2429886014312,162.67573141732413,40896400
2024-09-20,MSFT,430.23748779296875,434.161588684006,429.1996397408119,432.16495436382024,55167100
2024-09-20,NVDA,115.96028900146484,118.57939482627764,115.35049721640073,117.01992368452845,382462400
2024-09-20,TSLA,238.25,243.99000549316406,235.9199981689453,241.52000427246094,99879100
2024-09-23,AAPL,224.99205017089844,227.95259834339626,224.33635371548323,225.8563676699032,54146000
2024-09-23,AMZN,193.8800048828125,194.4499969482422,190.57000732421875,191.63999938964844,36993100
2024-09-23,GOOGL,161.03404235839844,164.65569075995793,160.85494193042624,163.52143865567453,24150900
2024-09-23,MSFT,428.4978332519531,431.41370770372646,425.4139110417271,429.2589197702658,15128900
2024-09-23,NVDA,116.22020721435547,116.94995306986277,114.82068489843978,116.51010886475667,206228500
2024-09-23,TSLA,250.0,250.0,241.9199981689453,242.61000061035156,86927200
2024-09-24,AAPL,225.88616943359375,227.85325878901892,224.25687274556688,227.15781488965328,43556100
2024-09-24,AMZN,193.9600067138672,195.3699951171875,190.1300048828125,194.27000427246094,43478900
2024-09-24,GOOGL,161.4718017578125,162.39712101997654,159.8798773312799,162.20807648352036,23332100
2024-09-24,MSFT,424.2080078125,428.33967197864655,421.1734954974966,427.9937125983331,17015800
2024-09-24,NVDA,120.82862091064453,121.75830281490052,115.34049501127092,116.4801041033547,354966800
2024-09-24,TSLA,254.27000427246094,257.19000244140625,249.0500030517578,254.0800018310547,88491000
2024-09-25,AAPL,224.89271545410156,225.80670975939722,222.55806053621265,223.46211039913067,42308700
2024-09-25,AMZN,192.52999877929688,193.9499969482422,192.16000366210938,193.75,26391100
2024-09-25,GOOGL,160.6758575439453,161.9891949013652,160.48681299524299,160.6559541225392,18869200
2024-09-25,MSFT,427.1140441894531,428.1123764897723,423.61499445013624,424.86040615195157,13396400
2024-09-25,NVDA,123.46772003173828,124.8972307941946,121.56836894761845,121.9782246233193,284692900
2024-09-25,TSLA,257.0199890136719,257.04998779296875,252.27999877929688,252.5399932861328,65034300
2024-09-26,AAPL,226.0352020263672,227.00880227293717,223.9389713421174,225.81663654010723,36636700
2024-09-26,AMZN,191.16000366210938,194.52999877929688,189.5399932861328,194.30999755859375,36334900
2024-09-26,GOOGL,161.9095916748047,163.2527917160846,161.46186338833198,162.81500754909376,20319300
2024-09-26,MSFT,426.3232421875,430.2671006249204,424.1684543301705,430.0595370663028,14492000
2024-09-26,NVDA,123.99754333496094,127.62629807870698,121.75831219877176,126.75660075164774,302582900
2024-09-26,TSLA,254.22000122070312,261.75,251.52999877929688,260.6000061035156,67142200
2024-09-27,AAPL,226.3034210205078,228.02214184296878,225.8166284941723,226.9690618971705,34026000
2024-09-27,AMZN,187.97000122070312,190.89999389648438,187.33999633789062,190.67999267578125,36002300
2024-09-27,GOOGL,163.1234588623047,164.86463640620642,161.81012140947348,161.98920666955183,21101300
2024-09-27,MSFT,423.0712890625,426.85702409572957,422.52766014209345,426.5308226116947,14896100
2024-09-27,NVDA,121.35844421386719,123.9875411739155,119.21917738287792,123.9275641535197,271009200
2024-09-27,TSLA,260.4599914550781,260.70001220703125,254.1199951171875,257.3800048828125,70988100
2024-09-30,AAPL,231.4794158935547,231.4794158935547,228.15127230522148,228.53872651515564,54541900
2024-09-30,AMZN,186.3300018310547,188.49000549316406,184.64999389648438,187.13999938964844,41583900
2024-09-30,GOOGL,165.01388549804688,165.31236092462515,162.43693125430474,162.49664152148338,20413900
2024-09-30,MSFT,425.3249206542969,425.4435585697777,420.4519278512811,423.2590885562286,16807300
2024-09-30,NVDA,121.39842987060547,121.45840689022769,118.10955522149155,118.26949648274505,226553700
2024-09-30,TSLA,261.6300048828125,264.8599853515625,255.77000427246094,259.0400085449219,80705700
2024-10-01,AAPL,224.7337646484375,228.15130254219565,222.27988260723768,228.02216122790813,63285000
2024-10-01,AMZN,185.1300048828125,186.19000244140625,183.4499969482422,184.89999389648438,36044900
2024-10-01,GOOGL,166.14813232421875,168.3071905376278,163.75027859535956,166.84460026695353,28338100
2024-10-01,MSFT,415.8260192871094,423.52596039492926,413.9677508658884,423.4963084590475,19092900
2024-10-01,NVDA,116.95994567871094,122.39808576451375,115.7503608309228,121.72830933905863,302094500
2024-10-01,TSLA,258.0199890136719,263.9800109863281,248.52999877929688,262.6700134277344,87397600
2024-10-02,AAPL,225.30003356933594,225.8861795938886,221.56457676904253,224.41584231153624,32880600
2024-10-02,AMZN,184.75999450683594,186.60000610351562,184.0399932861328,184.44000244140625,23704100
2024-10-02,GOOGL,165.02381896972656,166.67545373891107,163.8995109959539,165.58099330587024,17760200
2024-10-02,MSFT,412.3072509765625,417.9314670176148,411.8920936401559,417.6942213262076,16582300
2024-10-02,NVDA,118.80931091308594,119.33912825058258,115.10058192382681,116.40013992758973,221845900
2024-10-02,TSLA,249.02000427246094,251.16000366210938,241.5,247.5500030517578,93983900
2024-10-03,AAPL,224.19728088378906,225.32984066329956,221.86262602596847,223.67074086449446,34044200
2024-10-03,AMZN,181.9600067138672,183.44000244140625,180.8800048828125,183.0500030517578,30204300
2024-10-03,GOOGL,165.02381896972656,165.79988539247842,163.0935970324702,163.58113216752693,15073100
2024-10-03,MSFT,411.72406005859375,414.69923855591765,409.5000740881514,412.8014540867281,13686400
2024-10-03,NVDA,122.80794525146484,124.31743049345978,120.2988023230489,120.87860561160097,277118000
2024-10-03,TSLA,240.66000366210938,249.7899932861328,237.80999755859375,244.47999572753906,80729200
2024-10-04,AAPL,225.31988525390625,226.51205091107013,222.66731173997377,226.41269745663615,37245100
2024-10-04,AMZN,186.50999450683594,187.60000610351562,183.60000610351562,185.75,40890300
2024-10-04,GOOGL,166.21775817871094,167.38185775705003,164.64572198743747,167.21271664038824,19047400
2024-10-04,MSFT,411.24957275390625,414.8969119270876,410.172178794162,413.40436067339476,19169700
2024-10-04,NVDA,124.87723541259766,124.99719707970252,121.78829684578011,124.89723283717322,243678100
2024-10-04,TSLA,250.0800018310547,250.9600067138672,244.5800018310547,246.69000244140625,86573200
2024-10-07,AAPL,220.24327087402344,224.21716718776875,219.8856195994179,223.0349306089557,39505400
2024-10-07,AMZN,180.8000030517578,183.60000610351562,180.25,182.9499969482422,42364200
2024-10-07,GOOGL,162.15834045410156,167.63061248672904,161.92950423820415,166.87444945314562,22463100
2024-10-07,MSFT,404.80499267578125,412.287446994849,404.27122759664127,411.1902950616205,20919800
2024-10-07,NVDA,127.67628479003906,130.5952834922112,124.90722864393703,124.94721586781675,346250200
2024-10-07,TSLA,240.8300018310547,249.8300018310547,240.6999969482422,249.0,68113300
2024-10-08,AAPL,224.29660034179688,224.50522136577493,221.79304193960246,222.83619253711748,31855700
2024-10-08,AMZN,182.72000122070312,183.08999633789062,180.9199981689453,181.9199981689453,26372100
2024-10-08,GOOGL,163.55128479003906,163.89951115954543,162.0488877230142,163.11350061638578,23072700
2024-10-08,MSFT,409.9151916503906,410.8542199929417,403.4508276328713,406.14924457508937,19229300
2024-10-08,NVDA,132.84449768066406,133.43429200303964,129.3756845929013,130.2153933149511,285722500
2024-10-08,TSLA,244.5,246.2100067138672,240.55999755859375,243.55999755859375,56303200
2024-10-09,AAPL,228.04200744628906,228.25064364916537,223.36275355639287,223.7601370790405,33591100
2024-10-09,AMZN,185.1699981689453,185.85000610351562,182.0500030517578,182.82000732421875,26343100
2024-10-09,GOOGL,161.04397583007812,164.00894776946933,158.93466876764882,162.6259561269001,31181800
2024-10-09,MSFT,412.6333923339844,415.51964507918063,409.50992407936405,411.051885220099,14974300
2024-10-09,NVDA,132.60458374023438,134.473953954377,131.33502948270424,134.06409064908044,246191600
2024-10-09,TSLA,241.0500030517578,247.42999267578125,239.50999450683594,243.82000732421875,66289500
2024-10-10,AAPL,227.54527282714844,228.00227752622936,225.68748134269669,226.29350107451606,28183500
2024-10-10,AMZN,186.64999389648438,188.1300048828125,185.8300018310547,187.1300048828125,27785000
2024-10-10,GOOGL,161.2628936767578,162.24790816824293,159.591355313801,160.0589870760538,14144100
2024-10-10,MSFT,411.0321044921875,412.5246557071608,408.37320353432506,410.42917171763446,13848400
2024-10-10,NVDA,134.76385498046875,134.9537923881041,130.95516150253064,131.86485368985453,242311300
2024-10-10,TSLA,238.77000427246094,242.7899932861328,232.33999633789062,241.80999755859375,83087100
2024-10-11,AAPL,226.0650177001953,227.91287999534921,225.8563814846346,227.80359724609562,31759200
2024-10-11,AMZN,188.82000732421875,189.92999267578125,186.3000030517578,186.6300048828125,25751600
2024-10-11,GOOGL,162.41702270507812,163.07368374330417,160.42710580677368,161.31261821924474,15344300
2024-10-11,MSFT,411.5065612792969,412.3071937353824,408.4720490414364,411.3286496589972,14144900
2024-10-11,NVDA,134.7538604736328,135.73352074472976,133.61425131031754,133.9641223517835,170209500
2024-10-11,TSLA,217.8000030517578,223.33999633789062,214.3800048828125,220.1300048828125,142628900
2024-10-14,AAPL,229.79052734375,230.21771386522883,227.1081507143634,227.20748901369805,39882100
2024-10-14,AMZN,187.5399932861328,189.8300018310547,187.36000061035156,189.77999877929688,22614400
2024-10-14,GOOGL,164.1283721923828,165.3919586438415,162.5762240722605,162.81501959424767,19016100
2024-10-14,MSFT,414.2939758300781,419.137316675548,412.692680707405,412.9397902420181,16653100
2024-10-14,NVDA,138.0227508544922,139.5522259694365,136.25335239175735,136.42329237635488,232347700
2024-10-14,TSLA,219.16000366210938,221.91000366210938,213.74000549316406,220.1300048828125,86291900
2024-10-15,AAPL,232.32388305664062,235.9401275315396,230.853530735341,232.08544385770335,64751400
2024-10-15,AMZN,187.69000244140625,188.41000366210938,184.5800018310547,187.6300048828125,32178900
2024-10-15,GOOGL,164.6258544921875,166.83464858810927,163.80003704311807,164.95417746587214,20247200
2024-10-15,MSFT,413.8985900878906,417.5953693595967,410.4588445581101,417.29881980944174,18900200
2024-10-15,NVDA,131.55496215820312,138.52257769243778,128.6959404665834,137.82280508502743,377831000
2024-10-15,TSLA,219.57000732421875,224.25999450683594,217.1199951171875,220.00999450683594,62988800
2024-10-16,AAPL,230.2673797607422,230.60515724916505,228.34003796565733,230.0885617348273,34082200
2024-10-16,AMZN,186.88999938964844,187.77999877929688,185.61000061035156,187.0500030517578,23456800
2024-10-16,GOOGL,164.32733154296875,164.96410430609617,162.91449244921293,163.70050289828418,16406000
2024-10-16,MSFT,411.30889892578125,411.5461144410461,405.7341231638779,410.369900734698,15508900
2024-10-16,NVDA,135.6735382080078,136.57322399642072,131.53495612489098,133.9341283963689,264879700
2024-10-16,TSLA,221.3300018310547,222.82000732421875,218.92999267578125,221.39999389648438,49632800
2024-10-17,AAPL,230.63497924804688,232.3238971476739,229.0156269629083,231.9066247344228,32993800
2024-10-17,AMZN,187.52999877929688,188.94000244140625,186.0,188.22000122070312,25039400
2024-10-17,GOOGL,162.1085968017578,165.53125680199904,161.9394556622168,164.89448390766555,21453400
2024-10-17,MSFT,411.9019470214844,417.61511832115826,410.78500708577025,417.4767225011017,14820000
2024-10-17,NVDA,136.8831329345703,140.8417844676902,136.8231559081479,139.2923118529861,306435900
2024-10-17,TSLA,220.88999938964844,222.0800018310547,217.89999389648438,221.58999633789062,50791800
2024-10-18,AAPL,233.4663848876953,234.63867690560429,232.4828401919167,234.63867690560429,46431500
2024-10-18,AMZN,188.99000549316406,190.74000549316406,186.27999877929688,187.14999389648438,37417700
2024-10-18,GOOGL,162.59613037109375,163.87963544942022,162.2578480953578,162.3672941471386,19757700
2024-10-18,MSFT,413.3253173828125,414.79808063402476,411.44729085370335,412.3171212877513,17145300
2024-10-18,NVDA,137.9527587890625,138.85244459278235,137.23300404466042,138.62252759913224,176090200
2024-10-18,TSLA,220.6999969482422,222.27999877929688,219.22999572753906,220.7100067138672,49611900
2024-10-21,AAPL,234.9367218017578,235.30431748145634,232.9199708414818,232.9199708414818,36254500
2024-10-21,AMZN,189.07000732421875,189.4600067138672,186.39999389648438,188.0500030517578,24639400
2024-10-21,GOOGL,163.2428741455078,163.67069908073404,161.8001719473291,162.12851012597127,20946500
2024-10-21,MSFT,413.9381103515625,414.1160219717621,408.9662678666254,411.30886136013186,14206100
2024-10-21,NVDA,143.6608123779297,143.6608123779297,137.95276029474488,138.0827206747143,264554500
2024-10-21,TSLA,218.85000610351562,220.47999572753906,215.72999572753906,218.89999389648438,47329000
2024-10-22,AAPL,234.32078552246094,234.67843677993508,231.0820656392084,232.36364046895116,38846600
2024-10-22,AMZN,189.6999969482422,191.52000427246094,186.97999572753906,188.35000610351562,29650600
2024-10-22,GOOGL,164.3074493408203,164.93427806644567,162.15833529455813,162.15833529455813,16568100
2024-10-22,MSFT,422.5672302246094,425.6017126142665,413.20671913798,413.65149823512496,25482200
2024-10-22,NVDA,143.54086303710938,144.3705808600113,141.731484819394,142.86110303968678,226311600
2024-10-22,TSLA,217.97000122070312,218.22000122070312,215.25999450683594,217.30999755859375,43268700
2024-10-23,AAPL,229.25404357910156,233.60546433739609,226.27362172475395,232.55238437433343,52287000
2024-10-23,AMZN,184.7100067138672,189.16000366210938,183.69000244140625,188.85000610351562,31937100
2024-10-23,GOOGL,161.95936584472656,164.98404860544863,161.1136449298604,163.92937969662665,18280500
2024-10-23,MSFT,419.69085693359375,426.0959170295647,417.64478266305224,425.8784594235447,19654400
2024-10-23,NVDA,139.51222229003906,142.38123492807873,137.41295033058282,141.9813779606296,285930000
2024-10-23,TSLA,213.64999389648438,218.72000122070312,212.11000061035156,217.1300048828125,80938900
2024-10-24,AAPL,229.06529235839844,229.31366084202813,226.91938502162782,228.4791312160334,31109500
2024-10-24,AMZN,186.3800048828125,187.11000061035156,183.86000061035156,185.25,21647400
2024-10-24,GOOGL,161.89964294433594,162.50656821640374,160.1982572859619,162.00908898296657,22412500
2024-10-24,MSFT,419.8193054199219,421.05485298708396,417.51622786247975,420.41234412037124,13581600
2024-10-24,NVDA,140.3619384765625,141.30161913611144,138.41260905173522,140.7718017861216,172354900
2024-10-24,TSLA,260.4800109863281,262.1199951171875,242.64999389648438,244.67999267578125,204491900
2024-10-25,AAPL,229.89981079101562,231.69799621804017,228.07182235817814,228.2407111108546,38802300
2024-10-25,AMZN,187.8300018310547,190.4499969482422,187.52999877929688,187.85000610351562,29362100
2024-10-25,GOOGL,164.4368133544922,164.7551922144046,162.59613385740113,162.84487350933975,19828900
2024-10-25,MSFT,423.1997375488281,427.51920692415774,421.6380187300836,421.8258243694227,16899100
2024-10-25,NVDA,141.49154663085938,144.08067171203157,140.75180968215267,140.8817548130095,205122100
2024-10-25,TSLA,269.19000244140625,269.489990234375,255.32000732421875,256.010009765625,161611900
2024-10-28,AAPL,231.87681579589844,233.19813797949908,231.032372026897,231.7973512193415,36087100
2024-10-28,AMZN,188.38999938964844,190.2100067138672,188.2100067138672,189.57000732421875,27930800
2024-10-28,GOOGL,165.87948608398438,167.89925067008892,163.12344672576728,167.89925067008892,32138600
2024-10-28,MSFT,421.6578674316406,426.9460180768045,421.3712118943836,426.6692565747174,14882400
2024-10-28,NVDA,140.47190856933594,143.09100694226274,140.00206821568727,142.95105547012693,173586700
2024-10-28,TSLA,262.510009765625,273.5400085449219,262.239990234375,270.0,107653600
2024-10-29,AAPL,232.1450653076172,232.80076177889833,230.80388451731673,231.5787930163908,35417200
2024-10-29,AMZN,190.8300018310547,191.4600067138672,187.82000732421875,188.5800018310547,35690200
2024-10-29,GOOGL,168.82455444335938,169.52103755308448,166.24761551933543,166.88438836507615,42169000
2024-10-29,MSFT,426.9558410644531,428.16173672961014,420.8769227357868,423.05149857942604,17644100
2024-10-29,NVDA,141.20164489746094,142.21129364579818,138.8524432880062,140.2419668294209,157593600
2024-10-29,TSLA,259.5199890136719,264.9800109863281,255.50999450683594,264.510009765625,80521800
2024-10-30,AAPL,228.59837341308594,231.9463759413976,228.05195968136482,231.0919876952183,47070900
2024-10-30,AMZN,192.72999572753906,195.61000061035156,192.4199981689453,194.6999969482422,37707600
2024-10-30,GOOGL,173.58045959472656,181.10234312249673,173.18246710164854,179.76908724801194,68890800
2024-10-30,MSFT,427.52911376953125,433.43009020652653,427.1040926423887,432.3823482739382,29749100
2024-10-30,NVDA,139.29229736328125,140.28196395700422,136.76316465511044,139.49222584841445,179418100
2024-10-30,TSLA,257.54998779296875,263.3500061035156,255.82000732421875,258.0400085449219,53993600
2024-10-31,AAPL,224.4357147216797,228.33013097812315,223.89923027313517,227.84332326136388,64370100
2024-10-31,AMZN,186.39999389648438,190.60000610351562,185.22999572753906,190.50999450683594,75146800
2024-10-31,GOOGL,170.2473602294922,175.92858030114797,170.13791418034728,172.25718077657928,44769000
2024-10-31,MSFT,401.6518859863281,411.348462734814,401.6024459753444,410.5576940417458,53971000
2024-10-31,NVDA,132.71456909179688,137.5629157078968,132.06479759847417,137.55292462080052,270039600
2024-10-31,TSLA,249.85000610351562,259.75,249.25,257.989990234375,66575300
2024-11-01,AAPL,221.45529174804688,223.87937072005496,218.83252100898451,219.52794977327943,65276700
2024-11-01,AMZN,197.92999267578125,200.5,197.02000427246094,199.0,99687800
2024-11-01,GOOGL,170.4264373779297,171.45125861583475,168.02859889466288,169.21260195677476,31796500
2024-11-01,MSFT,405.6253356933594,410.6960279404989,402.78852319074196,404.28107436497436,24230400
2024-11-01,NVDA,135.35365295410156,137.26300291330367,134.52395044654537,134.65389558133728,207127800
2024-11-01,TSLA,248.97999572753906,254.0,246.6300048828125,252.0399932861328,57544800
2024-11-04,AAPL,220.56114196777344,221.33605042122997,218.2761640538016,219.54780947276666,44944500
2024-11-04,AMZN,195.77999877929688,197.3300018310547,194.30999755859375,196.4499969482422,38492100
2024-11-04,GOOGL,168.3867950439453,169.86927360734452,167.16298506324307,169.07330370933886,21492700
2024-11-04,MSFT,403.7374267578125,405.67478719502446,400.88085627166146,405.06193022116906,19672300
2024-11-04,NVDA,136.00343322753906,138.91244079735898,135.52360180221356,137.16303982117785,187528200
2024-11-04,TSLA,242.83999633789062,248.89999389648438,238.8800048828125,244.55999755859375,68802400
2024-11-05,AAPL,221.9917449951172,222.4884819564664,219.6968226591573,220.35251908634842,28111300
2024-11-05,AMZN,199.5,199.82000732421875,195.99000549316406,196.0399932861328,30564800
2024-11-05,GOOGL,168.88426208496094,169.67027262380228,167.98879032144563,168.57581219568198,18242100
2024-11-05,MSFT,406.7027587890625,410.102988488707,403.3618329661191,403.6484884800003,17626000
2024-11-05,NVDA,139.8621063232422,140.3219403030432,137.28298774012364,137.40294177771256,160537400
2024-11-05,TSLA,251.44000244140625,255.27999877929688,246.2100067138672,247.33999633789062,69282500
2024-11-06,AAPL,221.2665252685547,224.5946691536601,219.74651129717958,221.15724252476647,54561100
2024-11-06,AMZN,207.08999633789062,207.5500030517578,199.13999938964844,200.00999450683594,72292200
2024-11-06,GOOGL,175.62013244628906,176.04797252771442,172.62531260376363,172.92380321236175,33695500
2024-11-06,MSFT,415.3219299316406,415.58882753455555,405.77361389082967,407.65167048638625,26681800
2024-11-06,NVDA,145.56015014648438,146.43985375430594,141.9114058474733,142.91106349142868,242043900
2024-11-06,TSLA,288.5299987792969,289.5899963378906,275.6199951171875,284.6700134277344,165228700
2024-11-07,AAPL,225.99545288085938,226.39285156162418,223.10445516924474,223.16406118155706,42137700
2024-11-07,AMZN,210.0500030517578,212.25,207.19000244140625,207.44000244140625,52878400
2024-11-07,GOOGL,179.83876037597656,180.16709852379773,176.2967103185547,176.51560241710214,25352900
2024-11-07,MSFT,420.5111999511719,421.9147952799536,415.02538074069076,416.40918800268514,19901800
2024-11-07,NVDA,148.82904052734375,148.8790112085744,146.1199614984642,146.3398874087156,207323300
2024-11-07,TSLA,296.9100036621094,299.75,285.5199890136719,288.8900146484375,117309200
2024-11-08,AAPL,225.7269287109375,227.4176895436531,225.17991383614745,225.9357792784742,38328800
2024-11-08,AMZN,208.17999267578125,209.9600067138672,207.44000244140625,209.72000122070312,36075800
2024-11-08,GOOGL,177.45086669921875,179.9879989024669,177.1822236349013,179.7392592604337,22006200
2024-11-08,MSFT,417.6546630859375,421.568869701991,416.90344044148964,420.40251992805025,16891400
2024-11-08,NVDA,147.5794677734375,149.71873459260812,146.2099263831815,148.71907691535895,175665800
2024-11-08,TSLA,321.2200012207031,328.7099914550781,297.6600036621094,299.1400146484375,204782800
2024-11-11,AAPL,223.01174926757812,224.47376393957063,220.29658566640109,223.77757009002366,42005600
2024-11-11,AMZN,206.83999633789062,209.64999389648438,205.58999633789062,208.5,35456000
2024-11-11,GOOGL,179.44076538085938,179.6397540376483,177.57023860694844,177.67968464546155,17450400
2024-11-11,MSFT,413.1770324707031,419.89839969038087,411.1902621762221,417.6348679260246,24503300
2024-11-11,NVDA,145.21026611328125,148.79904870323992,143.52085748188875,148.62909347800425,182325600
2024-11-11,TSLA,350.0,358.6400146484375,336.0,346.29998779296875,210521600
2024-11-12,AAPL,223.01174926757812,224.36436096493557,222.14648085284745,223.33001798502116,40398300
2024-11-12,AMZN,208.91000366210938,209.5399932861328,206.00999450683594,208.3699951171875,38942900
2024-11-12,GOOGL,180.70437622070312,181.57000052707394,178.4856227918212,178.91346288473798,25134900
2024-11-12,MSFT,418.13897705078125,419.5326784209289,412.37639607879026,413.41424403977334,19401200
2024-11-12,NVDA,148.2392120361328,149.59874692031187,145.95999403229789,146.7297346202135,198634700
2024-11-12,TSLA,328.489990234375,345.8399963378906,323.30999755859375,342.739990234375,155726000
2024-11-13,AAPL,223.89691162109375,225.4185978724207,221.54973296285615,222.79294167641658,48566200
2024-11-13,AMZN,214.10000610351562,215.08999633789062,209.13999938964844,209.39999389648438,46212900
2024-11-13,GOOGL,177.9781951904297,180.04771085332573,177.6398977358846,179.55023156460638,23184000
2024-11-13,MSFT,420.28387451171875,424.36609835467016,413.37467197125,416.76503743687516,21502200
2024-11-13,NVDA,146.21994018554688,149.27889039349282,145.85005645366056,149.01898487542564,191903300
2024-11-13,TSLA,330.239990234375,344.6000061035156,322.5,335.8500061035156,125405600
2024-11-14,AAPL,226.98007202148438,227.62653447284012,223.77756520755418,223.7974607959322,44923900
2024-11-14,AMZN,211.47999572753906,215.89999389648438,210.8800048828125,214.16000366210938,42620300
2024-11-14,GOOGL,174.69483947753906,177.9185109300503,173.44119705916114,177.38122476369978,31007500
2024-11-14,MSFT,421.9543762207031,423.21957584577814,415.14402288993426,420.086213638624,30246900
2024-11-14,NVDA,146.7097625732422,148.94900137376933,145.50018526515709,147.58946625444327,194463300
2024-11-14,TSLA,311.17999267578125,329.9800109863281,310.3699951171875,327.69000244140625,120726100
2024-11-15,AAPL,223.77755737304688,225.6871240415238,223.05152776948486,225.1699449930133,47923700
2024-11-15,AMZN,202.61000061035156,207.33999633789062,199.61000061035156,206.75999450683594,86591100
2024-11-15,GOOGL,171.62039184570312,173.2620672474057,170.35679033869232,172.85413063132057,32504600
2024-11-15,MSFT,410.2018127441406,417.91161788162964,408.8575514031372,414.96609164012756,28247600
2024-11-15,NVDA,141.93138122558594,145.1902747512061,140.03203789439084,144.8203910682193,250132900
2024-11-15,TSLA,320.7200012207031,324.67999267578125,309.2200012207031,310.57000732421875,114440300
2024-11-18,AAPL,226.7811737060547,228.49183017609323,223.94665165924164,224.0262188410909,44633700
2024-11-18,AMZN,201.6999969482422,204.6699981689453,200.9499969482422,204.14999389648438,36409900
2024-11-18,GOOGL,174.41624450683594,174.55553810267529,172.0283347729084,172.54571749253887,20135300
2024-11-18,MSFT,410.95306396484375,413.56252505276035,407.33537663624696,410.0733395128572,24727000
2024-11-18,NVDA,140.1020050048828,141.50153478170088,137.10303223771245,139.45223367342163,221205300
2024-11-18,TSLA,338.739990234375,348.54998779296875,330.010009765625,340.7300109863281,126085600
2024-11-19,AAPL,227.0397491455078,228.90953992555222,225.4285554930197,225.74680903538962,36211800
2024-11-19,AMZN,204.61000061035156,205.3000030517578,198.77999877929688,199.3300018310547,31197900
2024-11-19,GOOGL,177.2220001220703,177.9682189842711,172.68499186898757,172.84418886990383,23434900
2024-11-19,MSFT,412.9595947265625,413.1078544202765,406.79171998540573,408.33368112951007,18133500
2024-11-19,NVDA,146.9596710205078,147.0796403153284,140.94174272954967,141.27163159656618,227834900
2024-11-19,TSLA,346.0,347.3800048828125,332.75,335.760009765625,88852500
2024-11-20,AAPL,227.75584411621094,228.68078414631773,224.6627401240164,226.82094870348703,35169600
2024-11-20,AMZN,202.8800048828125,203.1300048828125,199.4499969482422,202.97999572753906,32769000
2024-11-20,GOOGL,175.09280395507812,176.78423047859985,172.90389814923452,176.44594821026809,18997100
2024-11-20,MSFT,410.6861267089844,412.4653333453386,405.8328921341125,412.0501760807684,19191700
2024-11-20,NVDA,145.84005737304688,147.50948385732136,142.68113546401185,147.35954130772643,309871700
2024-11-20,TSLA,342.0299987792969,346.6000061035156,334.29998779296875,345.0,66340700
2024-11-21,AAPL,227.27845764160156,228.90954693288327,224.48372676835862,227.63650237265796,42108300
2024-11-21,AMZN,198.3800048828125,203.49000549316406,195.75,203.49000549316406,58800000
2024-11-21,GOOGL,166.78489685058594,173.25212704774955,162.87470208296352,173.02327566367867,59734400
2024-11-21,MSFT,408.9132995605469,415.7570819396626,406.3580380143849,415.47976649879917,20780200
2024-11-21,NVDA,146.6197967529297,152.83766902515802,140.65183891204953,149.29888738883682,400946600
2024-11-21,TSLA,339.6400146484375,347.989990234375,335.2799987792969,343.80999755859375,58011700
2024-11-22,AAPL,228.62110900878906,229.46649702017746,226.82094518602503,226.82094518602503,38168300
2024-11-22,AMZN,197.1199951171875,199.25999450683594,196.75,198.25,31530800
2024-11-22,GOOGL,163.92935180664062,165.6207933486009,163.07368691644547,165.01386807553385,38604600
2024-11-22,MSFT,413.0037536621094,413.3999142872652,407.1206761919346,407.4277029433142,24814600
2024-11-22,NVDA,141.9014129638672,147.10963649428794,141.05171303807552,145.880046493066,236406200
2024-11-22,TSLA,352.55999755859375,361.5299987792969,337.70001220703125,341.0899963378906,89140700
2024-11-25,AAPL,231.6048126220703,231.98275293866183,228.49182822914253,230.20248468460477,90152800
2024-11-25,AMZN,201.4499969482422,201.9499969482422,199.0,199.27999877929688,40685700
2024-11-25,GOOGL,166.8048095703125,167.77987996639146,164.77510062902732,165.2526765242949,33135300
2024-11-25,MSFT,414.7765808105469,417.0446130867062,410.8743369468268,414.3705063731925,27691100
2024-11-25,NVDA,135.97344970703125,142.00138464304115,135.77352121027207,141.94140761937004,344941900
2024-11-25,TSLA,338.5899963378906,361.92999267578125,338.20001220703125,360.1400146484375,95890900
2024-11-26,AAPL,233.7829132080078,234.29015208323423,232.06231657216094,232.06231657216094,45986200
2024-11-26,AMZN,207.86000061035156,208.0,201.7899932861328,201.89999389648438,41673700
2024-11-26,GOOGL,168.2673797607422,168.96386286905866,166.73515032254275,166.78490128483136,20486700
2024-11-26,MSFT,423.888427734375,424.92838338966095,414.83603494213827,415.5689336176803,23458900
2024-11-26,NVDA,136.87313842773438,139.25232877348597,135.6235662299349,137.6528702588759,190287700
2024-11-26,TSLA,338.2300109863281,346.9599914550781,335.6600036621094,341.0,62295900
2024-11-27,AAPL,233.65362548828125,234.4095061449918,232.53971526898803,233.19613315216662,33498400
2024-11-27,AMZN,205.74000549316406,207.63999938964844,205.0500030517578,206.97999572753906,28061600
2024-11-27,GOOGL,168.37684631347656,168.62558597335425,167.17295486151244,168.14801007731103,19266500
2024-11-27,MSFT,418.93634033203125,423.13572759358533,417.97563494679554,421.03601885024915,18332400
2024-11-27,NVDA,135.2936553955078,137.17301655731904,131.7548742168772,134.96376655836661,226370900
2024-11-27,TSLA,332.8900146484375,342.54998779296875,326.5899963378906,341.79998779296875,57896400
2024-11-29,AAPL,236.04058837890625,236.51797629056327,232.698842645531,233.5342752849028,28481400
2024-11-29,AMZN,207.88999938964844,208.1999969482422,204.58999633789062,205.8300018310547,24892400
2024-11-29,GOOGL,168.09825134277344,168.57582721675251,166.31728214035073,167.6505230120516,14257200
2024-11-29,MSFT,419.4018249511719,420.808229889217,413.7960631011275,416.06412568619913,16271900
2024-11-29,NVDA,138.2026824951172,139.30231211006736,136.0034385187834,136.7331843976686,141863200
2024-11-29,TSLA,345.1600036621094,345.45001220703125,334.6499938964844,336.0799865722656,37167600
2024-12-02,AAPL,238.28826904296875,239.48174623326935,235.8714788708015,235.98088183183904,48137100
2024-12-02,AMZN,210.7100067138672,212.99000549316406,209.50999450683594,209.9600067138672,39523200
2024-12-02,GOOGL,170.6254425048828,171.21246438956555,167.72016544073577,167.91915410888186,23789100
2024-12-02,MSFT,426.84979248046875,428.8504232970242,417.27244986667705,417.52996787602956,20207200
2024-12-02,NVDA,138.58255004882812,140.40191910756175,137.77282976281836,138.7824785355422,171682800
2024-12-02,TSLA,357.0899963378906,360.0,351.1499938964844,352.3800048828125,77986500
2024-12-03,AAPL,241.3316650390625,241.44106801091166,237.60203896586935,238.5070985351772,38861000
2024-12-03,AMZN,213.44000244140625,214.02000427246094,209.64999389648438,210.30999755859375,32214800
2024-12-03,GOOGL,170.47621154785156,171.80945249599012,169.98869152545723,170.62546445455806,22248700
2024-12-03,MSFT,427.0676574707031,428.32547569363487,423.6407942127541,425.72067515411175,18302000
2024-12-03,NVDA,140.2119903564453,140.49189330582607,137.90278339727084,138.21267485883047,164414000
2024-12-03,TSLA,351.4200134277344,355.69000244140625,348.20001220703125,351.79998779296875,58267200
2024-12-04,AAPL,241.68971252441406,242.78374225546824,239.9392801306149,241.55047375645148,44383900
2024-12-04,AMZN,218.16000366210938,220.0,215.75,215.9600067138672,48745700
2024-12-04,GOOGL,173.49090576171875,174.02819184419297,170.19759561324068,170.2871382330325,31615100
2024-12-04,MSFT,433.2280578613281,435.4564952904926,428.483953715763,428.8801143248133,26009400
2024-12-04,NVDA,145.09031677246094,145.7400881706811,140.24197086598,141.95139223046513,231224300
2024-12-04,TSLA,357.92999267578125,358.1000061035156,348.6000061035156,353.0,50810900
2024-12-05,AAPL,241.71954345703125,243.21139387343032,240.81449907142343,242.66439419479377,40033900
2024-12-05,AMZN,220.5500030517578,222.14999389648438,217.3000030517578,218.02999877929688,41140200
2024-12-05,GOOGL,171.7696533203125,175.17240993472817,171.46121858121353,174.4759419461396,21356200
2024-12-05,MSFT,438.378173828125,440.3986320775989,431.99000513841474,433.72323412188194,21697800
2024-12-05,NVDA,145.0203399658203,146.49993108099994,143.9106428157812,145.07032934736787,172621200
2024-12-05,TSLA,369.489990234375,375.42999267578125,359.5,359.8699951171875,81403600
2024-12-06,AAPL,241.5206298828125,243.30091318780651,240.76476447856876,241.59025685240857,36870600
2024-12-06,AMZN,227.02999877929688,227.14999389648438,220.60000610351562,220.75,44178100
2024-12-06,GOOGL,173.8292236328125,174.19735345650352,170.9935855509351,171.16272669105973,21462400
2024-12-06,MSFT,439.319091796875,441.8248445475462,437.5363238090719,438.06124339003895,18821000
2024-12-06,NVDA,142.40106201171875,145.66016529709515,141.27136605108353,144.5604751692698,188505600
2024-12-06,TSLA,389.2200012207031,389.489990234375,370.79998779296875,377.4200134277344,81455800
2024-12-09,AAPL,245.40939331054688,245.89673657618508,240.43655859300793,240.51612576959502,44649200
2024-12-09,AMZN,226.08999633789062,230.0800018310547,225.6699981689453,227.2100067138672,46819400
2024-12-09,GOOGL,174.68585205078125,175.5723794273802,172.97256079724536,173.28136421093646,25389600
2024-12-09,MSFT,441.7455749511719,444.03343474398827,436.27848652322723,438.3583673053642,19144400
2024-12-09,NVDA,138.77203369140625,139.91172129670065,137.0925004855475,138.93199359328304,189308600
2024-12-09,TSLA,389.7900085449219,404.79998779296875,378.010009765625,397.6099853515625,96359200
2024-12-10,AAPL,246.4238739013672,246.861485816723,244.0070681600661,245.54865007065558,36914800
2024-12-10,AMZN,225.0399932861328,229.05999755859375,224.1999969482422,226.08999633789062,31199900
2024-12-10,GOOGL,184.4476318359375,185.63299196104862,180.34370922398435,182.13669028720858,54813000
2024-12-10,MSFT,439.0813903808594,445.31111943385133,437.3679889585384,440.13125981361975,18469500
2024-12-10,NVDA,135.03306579589844,141.7812196768295,133.7534018405272,138.97197539548316,210020900
2024-12-10,TSLA,400.989990234375,409.7300109863281,390.8500061035156,392.67999267578125,97563600
2024-12-11,AAPL,245.15081787109375,249.43739908317045,244.92205654138039,246.61283253090062,45205800
2024-12-11,AMZN,230.25999450683594,231.1999969482422,226.25999450683594,226.41000366210938,35385800
2024-12-11,GOOGL,194.63771057128906,194.84689801892716,184.1288797897164,184.58707675233347,67894100
2024-12-11,MSFT,444.6871643066406,446.034146674654,439.7945036123786,439.7945036123786,19200200
2024-12-11,NVDA,139.2718963623047,140.13166176303284,135.173026862483,137.32243273699547,184905200
2024-12-11,TSLA,424.7699890136719,424.8800048828125,402.3800048828125,409.70001220703125,104287600
2024-12-12,AAPL,246.6128387451172,247.3885997871069,244.34521203481492,245.54864477609476,32777500
2024-12-12,AMZN,228.97000122070312,231.08999633789062,227.6300048828125,229.8300018310547,28204100
2024-12-12,GOOGL,191.2111358642578,194.4185600761266,190.96211115966233,194.2392695844635,34817500
2024-12-12,MSFT,445.251708984375,451.7884649521135,444.8060093995974,444.8060093995974,20834800
2024-12-12,NVDA,137.3024444580078,138.40214979482639,135.76287224107875,137.04252103958567,159211400
2024-12-12,TSLA,418.1000061035156,429.29998779296875,415.0,424.8399963378906,87752200
2024-12-13,AAPL,246.7819061279297,247.9355922748061,244.90217516923994,246.47359279661413,33155300
2024-12-13,AMZN,227.4600067138672,230.1999969482422,225.86000061035156,228.39999389648438,28768100
2024-12-13,GOOGL,189.07948303222656,191.97811901209872,188.90017734316862,190.2648278463795,25143500
2024-12-13,MSFT,442.983642578125,447.10377945438483,441.30983602760955,444.142443353527,20177800
2024-12-13,NVDA,134.21328735351562,139.56183041879834,132.50374826625531,138.9020072444441,231514900
2024-12-13,TSLA,436.2300109863281,436.29998779296875,415.7099914550781,420.0,89000200
2024-12-16,AAPL,249.67608642578125,250.01425073054844,246.3045049916291,246.6426692963963,51694800
2024-12-16,AMZN,232.92999267578125,233.0,228.00999450683594,230.22999572753906,37552100
2024-12-16,GOOGL,195.89280700683594,198.22367470987274,191.86855906897816,192.11758378595036,44934900
2024-12-16,MSFT,447.26226806640625,447.8466102847365,441.0127411892908,442.9836607244317,23598800
2024-12-16,NVDA,131.96388244628906,134.36321966164874,130.3843129319086,134.14327863720246,237951100
2024-12-16,TSLA,463.0199890136719,463.19000244140625,436.1499938964844,441.0899963378906,114083800
2024-12-17,AAPL,252.10281372070312,252.45091820627584,248.42291922357487,248.72129232893911,51356400
2024-12-17,AMZN,231.14999389648438,232.72999572753906,227.85000610351562,232.38999938964844,35948100
2024-12-17,GOOGL,194.65762329101562,200.6342160179093,194.21933739249496,196.48048589662955,43504000
2024-12-17,MSFT,450.104736328125,450.92679906279125,445.26161469090005,446.6878170659997,22733500
2024-12-17,NVDA,130.35433959960938,131.5540083659402,126.82530622422306,129.0546920799943,259410300
2024-12-17,TSLA,479.8599853515625,483.989990234375,457.510009765625,475.8999938964844,131223000
2024-12-18,AAPL,246.7023468017578,252.89849494785605,246.39403346062903,250.7900177691265,56774100
2024-12-18,AMZN,220.52000427246094,231.39999389648438,220.11000061035156,230.77000427246094,43281400
2024-12-18,GOOGL,187.66500854492188,196.23146433679096,187.0075948858922,194.4584096820746,34166100
2024-12-18,MSFT,433.1983642578125,448.31210217470453,432.83188469873346,446.994861295181,24444500
2024-12-18,NVDA,128.874755859375,136.6626191312432,128.2449232385065,133.82339933223892,277444500
2024-12-18,TSLA,440.1300048828125,488.5400085449219,427.010009765625,466.5,149340800
2024-12-19,AAPL,248.43287658691406,250.6308762664829,245.7475488049507,246.15532490458142,60882300
2024-12-19,AMZN,223.2899932861328,226.08999633789062,222.9199981689453,224.91000366210938,39918700
2024-12-19,GOOGL,187.7745819091797,192.27695280314458,187.64509939888953,190.88242054359256,32265200
2024-12-19,MSFT,432.8417663574219,438.93282241461935,432.13857903304347,437.38777493352876,22963700
2024-12-19,NVDA,130.6442413330078,133.99333094415113,129.51456085077075,131.72394769790225,209719200
2024-12-19,TSLA,436.1700134277344,456.3599853515625,420.0199890136719,451.8800048828125,118566100
2024-12-20,AAPL,253.1073760986328,253.61459983498276,244.35518295150268,246.69240643268387,147495300
2024-12-20,AMZN,224.9199981689453,226.2100067138672,218.72999572753906,219.83999633789062,88279200
2024-12-20,GOOGL,190.66326904296875,192.13749096545695,184.49741523030252,185.0552281091218,63462900
2024-12-20,MSFT,432.4159240722656,439.48748337745457,424.5223020050907,428.9593493416428,64263700
2024-12-20,NVDA,134.6631622314453,135.24300545668208,128.1849385069714,129.7745000485284,306528600
2024-12-20,TSLA,421.05999755859375,447.0799865722656,417.6400146484375,425.510009765625,132216200
2024-12-23,AAPL,253.8831329345703,254.2610580907384,252.07301363460223,253.38584941381717,40858800
2024-12-23,AMZN,225.05999755859375,226.8800048828125,223.89999389648438,225.00999450683594,28070000
2024-12-23,GOOGL,193.8707275390625,194.33889522295496,189.40819366703502,191.86855908689105,25675000
2024-12-23,MSFT,431.078857421875,433.4558513948008,428.6820357713906,432.5545685943141,19152500
2024-12-23,NVDA,139.63180541992188,139.75176772445488,135.08304656610844,136.24273302531586,176053500
2024-12-23,TSLA,430.6000061035156,434.510009765625,415.4100036621094,431.0,72698100
2024-12-24,AAPL,256.7972106933594,256.80713572411884,253.90300191480816,254.10192745486222,23234700
2024-12-24,AMZN,229.0500030517578,229.13999938964844,226.1300048828125,226.94000244140625,15007500
2024-12-24,GOOGL,195.34494018554688,195.34494018554688,193.02402811118543,194.0798904284353,10403300
2024-12-24,MSFT,435.1197204589844,435.3871522905164,430.02899474815183,430.484577930417,7164500
2024-12-24,NVDA,140.18165588378906,141.86118913948326,138.61207790245493,139.9617148258363,105157000
2024-12-24,TSLA,462.2799987792969,462.7799987792969,435.1400146484375,435.8999938964844,59551800
2024-12-26,AAPL,257.61273193359375,258.6868812844183,256.23029959445824,256.78725468311694,27237100
2024-12-26,AMZN,227.0500030517578,228.5,226.6699981689453,228.5,16146700
2024-12-26,GOOGL,194.83694458007812,195.98245219810025,193.62170274567876,194.38868793025316,12046600
2024-12-26,MSFT,433.91143798828125,436.71433412405435,432.4456406431818,434.8721433787049,8194200
2024-12-26,NVDA,139.89173889160156,140.8115008078877,137.69234337416663,139.66180603983884,116205600
2024-12-26,TSLA,454.1300048828125,465.3299865722656,451.0199890136719,465.1600036621094,76366400
2024-12-27,AAPL,254.20138549804688,257.294504767908,251.68513210698922,256.4292059497028,42355300
2024-12-27,AMZN,223.75,226.02999877929688,220.89999389648438,225.60000610351562,27367100
2024-12-27,GOOGL,192.0080108642578,194.55803671433245,189.9062416607854,194.18946980047588,18891400
2024-12-27,MSFT,426.4040832519531,431.04913980352325,422.2641488688207,430.4350863105853,18117700
2024-12-27,NVDA,136.97251892089844,138.98197889967045,134.6731602308685,138.51210623580144,170582600
2024-12-27,TSLA,431.6600036621094,450.0,426.5,449.5199890136719,82666800
2024-12-30,AAPL,250.82980346679688,252.122743648892,249.38768429964367,250.8596392638085,35557500
2024-12-30,AMZN,221.3000030517578,223.0,218.42999267578125,220.05999755859375,28321200
2024-12-30,GOOGL,190.4939422607422,191.7988292724579,188.3822024440024,189.0595575397149,14264700
2024-12-30,MSFT,420.7586669921875,423.45260132830686,417.8567536350218,421.97689027997586,13158700
2024-12-30,NVDA,137.452392578125,140.2316308377207,133.98334063995796,134.79311660884966,167734700
2024-12-30,TSLA,417.4100036621094,427.0,415.75,419.3999938964844,64941000
2024-12-31,AAPL,249.05946350097656,251.90392569582917,248.07483671879714,251.0684930674946,39480700
2024-12-31,AMZN,219.38999938964844,223.22999572753906,218.94000244140625,222.97000122070312,24819700
2024-12-31,GOOGL,188.5615234375,191.2111501400391,187.77459680063998,190.33457825065463,17466900
2024-12-31,MSFT,417.46063232421875,422.6405224628075,416.62868593663666,422.0165551158413,13246500
2024-12-31,NVDA,134.25328063964844,138.0322612848829,133.79341493856927,137.99226367763055,155659200
2024-12-31,TSLA,403.8399963378906,427.92999267578125,402.5400085449219,423.7900085449219,76825100
2025-01-02,AAPL,242.52516174316406,247.74663833648884,240.50619200781614,247.57754859678104,55740700
2025-01-02,AMZN,220.22000122070312,225.14999389648438,218.19000244140625,222.02999877929688,33956600
2025-01-02,GOOGL,188.6909942626953,191.25097555403835,186.76853081449056,189.90623605246924,20370800
2025-01-02,MSFT,414.568603515625,421.9868450538027,410.8743686174563,421.45201157982797,16896500
2025-01-02,NVDA,138.2721710205078,138.84202245285945,134.5931847895647,135.96280522543205,198247200
2025-01-02,TSLA,379.2799987792969,392.7300109863281,373.0400085449219,390.1000061035156,109710700
2025-01-03,AAPL,242.03782653808594,242.85336358935695,240.5758118291158,242.03782653808594,40244100
2025-01-03,AMZN,224.19000244140625,225.36000061035156,221.6199951171875,222.50999450683594,27515600
2025-01-03,GOOGL,191.0417938232422,192.45626758091493,189.23885731709424,190.62343412562188,18596200
2025-01-03,MSFT,419.2928771972656,419.96635323692743,415.51939233739597,417.0446121521978,16662900
2025-01-03,NVDA,144.4304962158203,144.86037131104774,139.69178686675932,139.9717090810043,229322500
2025-01-03,TSLA,410.44000244140625,411.8800048828125,379.45001220703125,381.4800109863281,95423300
2025-01-06,AAPL,243.66891479492188,245.98625772407811,241.87869116125097,242.98266113735735,45045600
2025-01-06,AMZN,227.61000061035156,228.83999633789062,224.83999633789062,226.77999877929688,31849800
2025-01-06,GOOGL,196.10198974609375,197.44672936937255,193.09378194764346,193.2232644718959,29563600
2025-01-06,MSFT,423.749755859375,430.1577525838614,421.4024733118246,423.8983123069827,20573600
2025-01-06,NVDA,149.38912963867188,152.11839407781596,147.77958455274808,148.54936300568127,265377400
2025-01-06,TSLA,411.04998779296875,426.42999267578125,401.70001220703125,423.20001220703125,85516500
2025-01-07,AAPL,240.89407348632812,244.215923537777,240.0387452815234,241.6598791297847,40856000
2025-01-07,AMZN,222.11000061035156,228.3800048828125,221.4600067138672,227.89999389648438,28084200
2025-01-07,GOOGL,194.7273712158203,200.21587045148732,193.84084384019965,196.34104650196386,26487200
2025-01-07,MSFT,418.322265625,426.52291408196885,416.76730426764124,424.8887326935554,18139100
2025-01-07,NVDA,140.10166931152344,153.08812187242287,139.97169998670535,152.98814312185272,351782200
2025-01-07,TSLA,394.3599853515625,414.3299865722656,390.0,405.8299865722656,75699500
2025-01-08,AAPL,241.3813934326172,242.3859157551251,238.74579711055483,240.605632433071,37628900
2025-01-08,AMZN,222.1300048828125,223.52000427246094,220.1999969482422,223.19000244140625,25033300
2025-01-08,GOOGL,193.19337463378906,195.52424236393108,191.62950729663424,191.818768515616,24864800
2025-01-08,MSFT,420.4913330078125,422.87824100258706,417.50028530352995,419.40186853766966,15054600
2025-01-08,NVDA,140.07168579101562,143.91063203422854,137.5223800692543,142.54101155921632,227349900
2025-01-08,TSLA,394.94000244140625,402.5,387.3999938964844,392.95001220703125,73038800
2025-01-10,AAPL,235.5631866455078,238.85520080045117,231.73409784256125,238.70600665338932,61710900
2025-01-10,AMZN,218.94000244140625,221.7100067138672,216.5,221.4600067138672,36811500
2025-01-10,GOOGL,191.2908172607422,195.75335107074358,189.5675704988791,193.54201039861906,26665200
2025-01-10,MSFT,414.9350280761719,420.6398068835906,411.0426680414125,420.5605868581897,20201100
2025-01-10,NVDA,135.8728485107422,139.88174676307978,134.18330808313058,137.41242079266553,207602500
2025-01-10,TSLA,394.739990234375,399.2799987792969,377.2900085449219,391.3999938964844,62287300
2025-01-13,AAPL,233.12649536132812,233.39503269669683,228.47192915300568,232.2612269401141,49630700
2025-01-13,AMZN,218.4600067138672,219.39999389648438,216.47000122070312,218.05999755859375,27262700
2025-01-13,GOOGL,190.26483154296875,190.43416651970912,186.62907690279673,189.32851141262705,21823700
2025-01-13,MSFT,413.1919250488281,414.48936844362913,408.3388895039501,411.2606004893305,17604800
2025-01-13,NVDA,133.19357299804688,133.4535116815908,129.4745887600242,129.95446851982027,204808900
2025-01-13,TSLA,403.30999755859375,403.7900085449219,380.07000732421875,383.2099914550781,67580500
2025-01-14,AAPL,232.0125732421875,234.83713969366363,231.2069764534674,233.47458784982285,39435300
2025-01-14,AMZN,217.75999450683594,221.82000732421875,216.1999969482422,220.44000244140625,24711700
2025-01-14,GOOGL,188.9200897216797,191.23103088318788,187.57535034976993,190.49392754683893,17174900
2025-01-14,MSFT,411.6864929199219,415.7174656234234,406.783918522941,413.80596878606093,16935900
2025-01-14,NVDA,131.7239532470703,136.3426998783518,130.01442953826418,136.01278831507346,195590500
2025-01-14,TSLA,396.3599853515625,422.6400146484375,394.5400085449219,414.3399963378906,84565000
2025-01-15,AAPL,236.57765197753906,237.66174156203553,233.15633900368562,233.36520475508792,39832000
2025-01-15,AMZN,223.35000610351562,223.57000732421875,220.75,222.8300018310547,31291300
2025-01-15,GOOGL,194.78712463378906,195.59396223510123,191.1115176062456,192.33671488233958,21776000
2025-01-15,MSFT,422.2245178222656,424.04688082339095,414.2615595275802,415.11333355996726,19637800
2025-01-15,NVDA,136.2027587890625,136.4126928345012,131.25409986764885,133.61345527658474,185217300
2025-01-15,TSLA,428.2200012207031,429.79998779296875,405.6600036621094,409.8999938964844,81375500
2025-01-16,AAPL,227.0198516845703,236.7168796666606,226.79110553013876,236.06047699847062,71759100
2025-01-16,AMZN,220.66000366210938,224.64999389648438,220.30999755859375,224.4199981689453,24757300
2025-01-16,GOOGL,192.1574249267578,194.71739096273467,192.05780896613516,193.38262220625612,17815400
2025-01-16,MSFT,420.51104736328125,425.3739962723433,420.32289602505284,424.59158895645874,15300000
2025-01-16,NVDA,133.5334930419922,138.71206965350657,133.4535130811874,138.6020991142272,209235600
2025-01-16,TSLA,413.82000732421875,424.0,409.1300048828125,423.489990234375,68335200
2025-01-17,AAPL,228.73052978515625,231.02797728143995,227.2386791848797,230.85890270118193,68488300
2025-01-17,AMZN,225.94000244140625,226.50999450683594,223.0800018310547,225.83999633789062,42370100
2025-01-17,GOOGL,195.2353515625,196.46054874763502,192.9941294144611,195.7632826747639,27735100
2025-01-17,MSFT,424.9184875488281,430.3162708057646,424.0667436709179,429.92999377383796,26197500
2025-01-17,NVDA,137.67234802246094,138.46212527408701,135.4229633158422,136.65262268416788,201188800
2025-01-17,TSLA,426.5,439.739990234375,419.75,421.5,94991400
2025-01-21,AAPL,221.43038940429688,223.20071739531107,218.1881065481907,222.783001089375,98070400
2025-01-21,AMZN,230.7100067138672,231.77999877929688,226.94000244140625,228.89999389648438,39951500
2025-01-21,GOOGL,197.2773895263672,201.50083912074155,197.09808382134892,198.29341465676947,29971300
2025-01-21,MSFT,424.3935241699219,426.7705180269004,421.52132200002626,426.0772445238866,26085700
2025-01-21,NVDA,140.79148864746094,141.7912151745994,137.05250594430132,139.12194717769367,197749000
2025-01-21,TSLA,424.07000732421875,433.20001220703125,406.30999755859375,432.6400146484375,87320900
2025-01-22,AAPL,222.61392211914062,222.90233985709415,218.59586314481808,218.59586314481808,64126500
2025-01-22,AMZN,235.00999450683594,235.44000244140625,231.19000244140625,232.02000427246094,41448200
2025-01-22,GOOGL,197.59613037109375,199.6978996202174,196.7594109579838,198.28344103159932,26200600
2025-01-22,MSFT,441.9239501953125,442.9836731089654,431.8216876151847,433.36673527212855,27803800
2025-01-22,NVDA,147.02981567382812,147.74960487622204,143.63073568135124,144.62047062339892,237651400
2025-01-22,TSLA,415.1099853515625,428.0,414.5899963378906,416.80999755859375,60963300
2025-01-23,AAPL,222.44483947753906,225.7965251191765,221.09222786837518,223.5189735650416,60234800
2025-01-23,AMZN,235.4199981689453,235.52000427246094,231.50999450683594,234.10000610351562,26404400
2025-01-23,GOOGL,197.20765686035156,199.51861361447575,194.4385031217372,197.36703633289733,26951400
2025-01-23,MSFT,442.4289855957031,442.46861072225846,437.26892363486763,437.7641319289048,18389300
2025-01-23,NVDA,147.17974853515625,147.1897403093082,143.6807055002306,145.01034368405638,155915500
2025-01-23,TSLA,412.3800048828125,420.7300109863281,408.95001220703125,416.05999755859375,50690600
2025-01-24,AAPL,221.56964111328125,224.40416321125562,220.207089142254,223.5587751677507,54697900
2025-01-24,AMZN,234.85000610351562,236.39999389648438,232.92999267578125,234.5,25890700
2025-01-24,GOOGL,199.42893981933594,200.11623519770797,197.2275548677334,197.3271708236336,23877500
2025-01-24,MSFT,439.80438232421875,442.3695576290663,437.16987060502294,440.8938466028509,15549500
2025-01-24,NVDA,142.58099365234375,148.92926325643236,141.84120577881646,148.32942123311412,234657600
2025-01-24,TSLA,406.5799865722656,418.8800048828125,405.7799987792969,414.45001220703125,56427100
2025-01-27,AAPL,228.6111602783203,230.88871192185238,222.76310174211312,222.80289291870474,94863400
2025-01-27,AMZN,235.4199981689453,235.61000061035156,225.86000061035156,226.2100067138672,49428300
2025-01-27,GOOGL,191.06170654296875,196.11193470563097,189.98591802549169,191.65937189687645,41728900
2025-01-27,MSFT,430.39544677734375,431.0293279263355,419.4414413066827,419.9465634582157,35647800
2025-01-27,NVDA,118.38761901855469,128.3648859520762,116.668088091544,124.7658794397831,818830900
2025-01-27,TSLA,397.1499938964844,406.69000244140625,389.0,394.79998779296875,58125500
2025-01-28,AAPL,236.9655303955078,238.88505261672515,229.5560092044273,229.59580038333414,75707600
2025-01-28,AMZN,238.14999389648438,241.77000427246094,233.97999572753906,234.2899932861328,41587200
2025-01-28,GOOGL,194.53810119628906,194.71739168696277,189.93611434526252,191.99804618358004,24157900
2025-01-28,MSFT,442.9143371582031,444.08302154903276,427.24593852989443,430.43508134605355,23491700
2025-01-28,NVDA,128.95472717285156,128.96471894622445,116.21820602712087,121.77668294561497,579666400
2025-01-28,TSLA,398.0899963378906,400.5899963378906,386.5,396.9100036621094,48910700
2025-01-29,AAPL,238.05955505371094,238.55683854812662,232.73861559310797,232.84801856891494,45486100
2025-01-29,AMZN,237.07000732421875,240.38999938964844,236.14999389648438,239.02000427246094,26091700
2025-01-29,GOOGL,194.64767456054688,196.0222806001553,192.6753879484473,194.7970833042233,18218300
2025-01-29,MSFT,438.09100341796875,442.5974175154718,436.17950645057016,442.40923592540474,23581400
2025-01-29,NVDA,123.66617584228516,126.8553060976507,120.01717989918284,126.46541333864903,467120600
2025-01-29,TSLA,389.1000061035156,398.5899963378906,384.4800109863281,395.2099914550781,68033600
2025-01-30,AAPL,236.29917907714844,239.48179056573835,235.9212539220553,237.37331330002667,55658300
2025-01-30,AMZN,234.63999938964844,237.9499969482422,232.22000122070312,237.13999938964844,32020700
2025-01-30,GOOGL,200.08636474609375,200.6142959037936,196.89885156773758,197.22756600165175,24354700
2025-01-30,MSFT,411.01300048828125,418.8075747745586,409.20055129765046,414.75677425796516,54586300
2025-01-30,NVDA,124.61591339111328,124.96581615087412,118.06770157388424,123.0663342199192,392925500
2025-01-30,TSLA,400.2799987792969,412.5,384.4100036621094,410.7799987792969,98092900
2025-01-31,AAPL,234.71780395507812,245.8470107317681,232.1717149504871,245.8470107317681,100959800
2025-01-31,AMZN,237.67999267578125,240.2899932861328,236.41000366210938,236.5,36110200
2025-01-31,GOOGL,203.22409057617188,204.6783863780237,201.0127499247283,201.21196665384008,32001100
2025-01-31,MSFT,411.0823669433594,416.65841798837124,410.9338104783747,414.9648138373058,34161900
2025-01-31,NVDA,120.03717041015625,127.81504199868698,119.15741376372098,123.74615511454752,388161100
2025-01-31,TSLA,404.6000061035156,419.989990234375,401.3399963378906,401.5299987792969,83283600
2025-02-03,AAPL,226.77120971679688,230.5704628324937,224.47376244068877,228.7404632470789,73063300
2025-02-03,AMZN,237.4199981689453,239.25,232.89999389648438,234.05999755859375,37285900
2025-02-03,GOOGL,200.44496154785156,202.9551348332388,199.31938021531738,199.90707487204236,27838300
2025-02-03,MSFT,406.9820251464844,411.42898625512174,404.7436738342851,407.6555012178145,25679100
2025-02-03,NVDA,116.62810516357422,118.53757894355685,112.97910166242248,114.71862375628316,371235700
2025-02-03,TSLA,383.67999267578125,389.1700134277344,374.3599853515625,386.67999267578125,93732100
2025-02-04,AAPL,231.5352020263672,231.86341095944582,225.4186058340825,226.0153521080233,45067300
2025-02-04,AMZN,242.05999755859375,242.52000427246094,238.02999877929688,239.00999450683594,29713800
2025-02-04,GOOGL,205.57489013671875,206.24227455727316,202.01880986682883,202.59654903669593,43856400
2025-02-04,MSFT,408.4181213378906,409.9532853263689,405.81332063447735,408.73506192939664,20532100
2025-02-04,NVDA,118.6175537109375,121.16685177317855,116.66808241089754,116.92801344303115,256550000
2025-02-04,TSLA,392.2099914550781,394.0,381.3999938964844,382.6300048828125,57072200
2025-02-05,AAPL,231.2069854736328,231.4058958330951,227.0298072213747,227.2883891710869,39620300
2025-02-05,AMZN,236.1699981689453,238.32000732421875,235.1999969482422,237.02000427246094,38727300
2025-02-05,GOOGL,190.58360290527344,191.99806150855852,187.29647352052726,190.32462266498615,70373900
2025-02-05,MSFT,409.329345703125,409.86414898425164,406.46702679712905,408.39835154322543,16316700
2025-02-05,NVDA,124.79586791992188,124.96581960402936,120.72698113870702,121.72670769553925,262230800
2025-02-05,TSLA,378.1700134277344,388.3900146484375,375.5299987792969,387.510009765625,57223300
2025-02-06,AAPL,231.95291137695312,232.5297620441898,229.17806101517482,230.03338922164468,29925300
2025-02-06,AMZN,238.8300018310547,239.66000366210938,236.00999450683594,238.00999450683594,60897100
2025-02-06,GOOGL,190.8525390625,191.35058847007514,187.98376961110344,188.7607254709797,29297400
2025-02-06,MSFT,411.8350524902344,414.19224891795665,410.0324869601977,410.0324869601977,16309800
2025-02-06,NVDA,128.64480590820312,128.7347928917548,125.17576116570511,127.38515593926263,251483600
2025-02-06,TSLA,374.32000732421875,375.3999938964844,363.17999267578125,373.0299987792969,77918200
2025-02-07,AAPL,226.39328002929688,232.72866665415378,226.0252799376335,231.33627899238985,39707200
2025-02-07,AMZN,229.14999389648438,234.80999755859375,228.05999755859375,232.5,77539300
2025-02-07,GOOGL,184.61695861816406,190.43417229867478,182.52516013677956,190.3046897826863,49315000
2025-02-07,MSFT,405.8232116699219,414.63791357819275,404.1890302854019,412.48872643025265,22886800
2025-02-07,NVDA,129.80447387695312,130.3343276557766,124.96580169637689,129.18464838201572,228186300
2025-02-07,TSLA,361.6199951171875,380.54998779296875,360.3399963378906,370.19000244140625,70298300
2025-02-10,AAPL,226.662109375,229.58935370973873,226.21406518332185,228.57379092662126,33115600
2025-02-10,AMZN,233.13999938964844,233.9199981689453,229.1999969482422,230.5500030517578,35419900
2025-02-10,GOOGL,185.7425537109375,187.46580046504565,185.13493280467802,186.61912556239702,23105600
2025-02-10,MSFT,408.2695617675781,411.47850211303046,406.9820321839411,409.74527293691693,20817900
2025-02-10,NVDA,133.5334930419922,134.9630947980064,129.92447930424598,130.05443339276326,216989100
2025-02-10,TSLA,350.7300109863281,362.70001220703125,350.510009765625,356.2099914550781,77514900
2025-02-11,AAPL,231.61053466796875,234.2092091135714,227.1400288616486,227.20971719471092,53718400
2025-02-11,AMZN,232.75999450683594,233.44000244140625,230.1300048828125,231.9199981689453,23713700
2025-02-11,GOOGL,184.59706115722656,186.21073656140828,183.56110975757488,184.30818395569807,21239500
2025-02-11,MSFT,407.4970397949219,408.5369652151938,405.3775335991668,405.714301867279,18140600
2025-02-11,NVDA,132.76370239257812,134.4432358451655,130.9841901729766,132.54376130884148,178902400
2025-02-11,TSLA,328.5,349.3699951171875,325.1000061035156,345.79998779296875,118543400
2025-02-12,AAPL,235.84210205078125,235.93172304376256,229.67896101319025,230.19670873650108,45243300
2025-02-12,AMZN,228.92999267578125,231.17999267578125,228.16000366210938,230.4600067138672,32285200
2025-02-12,GOOGL,182.8937225341797,184.38787090784842,181.12066768003388,182.50524456499636,22072600
2025-02-12,MSFT,405.1200256347656,406.813629604169,400.4947666868975,403.30754628100544,19121700
2025-02-12,NVDA,131.10415649414062,132.20386194641324,129.0447219695379,129.9844674915493,160278600
2025-02-12,TSLA,336.510009765625,346.3999938964844,329.1199951171875,329.94000244140625,105382700
2025-02-13,AAPL,240.4818878173828,241.28837041996871,234.54775953627293,235.88194100703416,53614100
2025-02-13,AMZN,230.3699951171875,230.4199981689453,227.52000427246094,228.85000610351562,31346500
2025-02-13,GOOGL,185.41384887695312,185.5533021151623,182.4255521731024,183.6009567802338,21402500
2025-02-13,MSFT,406.60565185546875,407.0612350423618,402.46568736983716,403.0995685212682,23891700
2025-02-13,NVDA,135.25299072265625,136.46266649297655,131.13412244698262,131.52401516963508,197430000
2025-02-13,TSLA,355.94000244140625,358.69000244140625,342.8500061035156,345.0,89441500
2025-02-14,AAPL,243.53855895996094,244.484433375407,239.94422402720738,240.2030902821229,40896200
2025-02-14,AMZN,228.67999267578125,229.88999938964844,227.22999572753906,229.1999969482422,27031100
2025-02-14,GOOGL,184.5073699951172,185.6728037263188,183.60093167035657,184.33803502896936,20448400
2025-02-14,MSFT,404.515869140625,404.99128001840967,401.99031874797896,403.8820181953633,22758500
2025-02-14,NVDA,138.81202697753906,139.21191146517995,135.46293718873886,136.44266486168982,195479600
2025-02-14,TSLA,355.8399963378906,362.0,347.5,360.6199951171875,68277300
2025-02-18,AAPL,243.40911865234375,244.11602908498713,240.7905267294893,243.0905000064508,48822500
2025-02-18,AMZN,226.64999389648438,229.3000030517578,223.72000122070312,228.82000732421875,42975100
2025-02-18,GOOGL,183.05307006835938,185.2345287451642,181.03099083809295,184.87593259008312,29916700
2025-02-18,MSFT,405.71429443359375,406.66508596257455,402.60437161832556,404.08999660584703,21423100
2025-02-18,NVDA,139.36187744140625,143.40078131766987,137.89227816645598,141.23137649622348,219176600
2025-02-18,TSLA,354.1099853515625,359.1000061035156,350.0199890136719,355.010009765625,51631700
2025-02-19,AAPL,243.80738830566406,244.94244069837237,242.10481731288857,243.59830810290342,32204200
2025-02-19,AMZN,226.6300048828125,226.8300018310547,223.7100067138672,225.52000427246094,28566700
2025-02-19,GOOGL,184.5472412109375,184.73650242741212,182.8737872119756,183.35192561125757,19549400
2025-02-19,MSFT,410.79510498046875,411.5082061808428,403.7433432351679,403.97114994678657,24114200
2025-02-19,NVDA,139.19192504882812,141.32134750878612,137.18248014952957,139.47184726600554,167536000
2025-02-19,TSLA,360.55999755859375,367.3399963378906,353.6700134277344,354.0,67094400
2025-02-20,AAPL,244.76321411132812,245.70908851524857,243.2298884862767,243.87707690453925,32316900
2025-02-20,AMZN,222.8800048828125,225.1300048828125,221.80999755859375,224.77999877929688,30001700
2025-02-20,GOOGL,183.83999633789062,184.587070455128,182.00717815142445,184.07906552714084,20441500
2025-02-20,MSFT,412.968505859375,416.1243389128722,409.40578409861945,412.134891295379,23508700
2025-02-20,NVDA,140.07168579101562,140.62153843760984,136.7525863640224,139.991705837455,143903600
2025-02-20,TSLA,354.3999938964844,362.29998779296875,348.0,361.510009765625,45965400
2025-02-21,AAPL,244.4844207763672,247.6107939080121,244.155851012499,244.88267886995578,53197400
2025-02-21,AMZN,216.5800018310547,223.30999755859375,214.74000549316406,223.27999877929688,55323900
2025-02-21,GOOGL,178.95912170410156,184.61695583425816,178.38138255149903,184.42769462228776,35199200
2025-02-21,MSFT,405.1086120605469,414.87384893021425,404.791066280818,414.1692516421462,27524800
2025-02-21,NVDA,134.3932342529297,141.42132600995674,133.99334973043614,140.0017008694862,228217600
2025-02-21,TSLA,337.79998779296875,354.9800109863281,334.4200134277344,353.44000244140625,74058600
2025-02-24,AAPL,246.0277099609375,247.7800669312537,243.3593319822528,243.86711335623195,51326400
2025-02-24,AMZN,212.7100067138672,217.72000122070312,212.4199981689453,217.4499969482422,42387600
2025-02-24,GOOGL,178.5507049560547,182.40560234155157,178.19210879001352,181.28002106421596,29854200
2025-02-24,MSFT,400.9306335449219,406.25983043716724,396.2861968407472,405.4063787741937,26443700
2025-02-24,NVDA,130.244384765625,138.55211066034528,130.04444248958205,136.52266681200447,251381100
2025-02-24,TSLA,330.5299987792969,342.3999938964844,324.70001220703125,338.1400146484375,76052300
2025-02-25,AAPL,245.9679718017578,248.91513366913293,243.84722519384715,246.92381259977986,48013300
2025-02-25,AMZN,212.8000030517578,213.33999633789062,204.16000366210938,211.6300048828125,58958000
2025-02-25,GOOGL,174.73565673828125,178.04271218366185,174.0085088406691,177.3454308360551,41913400
2025-02-25,MSFT,394.876953125,398.8664306026397,393.6860882830661,398.05265327493277,29387400
2025-02-25,NVDA,126.59536743164062,130.16439082972744,124.4059715229826,129.94444977330787,271428700
2025-02-25,TSLA,302.79998779296875,328.8900146484375,297.25,327.0199890136719,134228800
2025-02-26,AAPL,239.31695556640625,243.91690216055417,238.0922974197643,243.26972892021308,44433600
2025-02-26,AMZN,214.35000610351562,218.16000366210938,213.08999633789062,214.94000244140625,39120600
2025-02-26,GOOGL,172.05615234375,175.39308961437996,170.9106447310479,174.38703523452213,35431300
2025-02-26,MSFT,396.6930847167969,400.53367776380867,391.25470780563023,394.9861511086002,19619000
2025-02-26,NVDA,131.24411010742188,133.69343728770713,128.4548795357506,129.95446947322534,322553800
2025-02-26,TSLA,290.79998779296875,309.0,288.0400085449219,303.7099914550781,100118300
2025-02-27,AAPL,236.27024841308594,241.40786042901627,236.0312844149354,238.37109275336516,41153600
2025-02-27,AMZN,208.74000549316406,219.97000122070312,208.3699951171875,218.35000610351562,40548600
2025-02-27,GOOGL,167.84266662597656,173.87902359915924,167.28485366729163,173.31125512309177,39991000
2025-02-27,MSFT,389.54779052734375,402.6574203650982,389.19054012926085,398.22137954122604,21127400
2025-02-27,NVDA,120.11714172363281,134.97307064778977,119.9771806223922,134.9630788743497,443175800
2025-02-27,TSLA,281.95001220703125,297.2300109863281,280.8800048828125,291.1600036621094,101748200
2025-02-28,AAPL,240.79054260253906,241.03945773883657,229.20105446423008,235.9217631442628,56833400
2025-02-28,AMZN,212.27999877929688,212.6199951171875,206.99000549316406,208.64999389648438,51771700
2025-02-28,GOOGL,169.61569213867188,169.94440654660372,166.11939103491417,168.02192807583762,48130600
2025-02-28,MSFT,393.973876953125,394.6090291195634,383.6330593862238,389.67678725566606,32845700
2025-02-28,NVDA,124.8858413696289,125.05579305607802,116.36817434407594,117.98772650698133,389091100
2025-02-28,TSLA,292.9800109863281,293.8800048828125,273.6000061035156,279.5,115697000
2025-03-03,AAPL,236.99708557128906,242.9710490242999,235.08541908943457,240.74076386584895,47184000
2025-03-03,AMZN,205.02000427246094,214.00999450683594,202.5500030517578,213.35000610351562,42948400
2025-03-03,GOOGL,166.35845947265625,172.69364861452485,165.28267091657344,171.2592638730811,40770500
2025-03-03,MSFT,385.5384521484375,395.7899873220531,383.2261675615013,395.7899873220531,23007700
2025-03-03,NVDA,114.02880859375,123.66617198823369,112.2492965435478,123.47622912906817,411381400
2025-03-03,TSLA,284.6499938964844,303.94000244140625,277.29998779296875,300.3399963378906,115551400
2025-03-04,AAPL,234.90615844726562,239.02820722093006,233.66158290717058,236.6784479935277,53798100
2025-03-04,AMZN,203.8000030517578,206.8000030517578,197.42999267578125,200.11000061035156,60853100
2025-03-04,GOOGL,170.2532196044922,172.6139690982364,165.15319817693035,165.5914841182232,45388000
2025-03-04,MSFT,385.65753173828125,389.59737098453536,378.10536303990614,380.48712304915495,29342900
2025-03-04,NVDA,115.95828247070312,119.27737437091366,110.07989299750376,110.6197462594264,398163300
2025-03-04,TSLA,272.0400085449219,284.3500061035156,261.8399963378906,270.92999267578125,126706600
2025-03-05,AAPL,234.71701049804688,235.5234930679701,228.235250954078,234.39839184729655,47227600
2025-03-05,AMZN,208.36000061035156,209.97999572753906,203.25999450683594,204.8000030517578,38610100
2025-03-05,GOOGL,172.3450164794922,173.10204608630403,168.40045859307807,169.8547695105912,30954900
2025-03-05,MSFT,397.9732666015625,398.61835249883035,385.85603973587394,386.3820118850688,23433100
2025-03-05,NVDA,117.2679214477539,118.24764914601728,114.4786835987416,117.54784364725772,284337900
2025-03-05,TSLA,279.1000061035156,279.54998779296875,267.7099914550781,272.9200134277344,94042900
2025-03-06,AAPL,234.30877685546875,236.82779659290307,232.14819548977783,233.42263965762712,45170400
2025-03-06,AMZN,200.6999969482422,205.77000427246094,198.3000030517578,204.39999389648438,49863800
2025-03-06,GOOGL,171.67762756347656,174.12802200431332,169.83483877564933,169.86472052254288,28302000
2025-03-06,MSFT,393.87469482421875,399.09471206990673,389.69665794124984,391.28450820827493,23304600
2025-03-06,NVDA,110.53976440429688,115.31845609620828,110.18986163701831,113.49895407905146,321181900
2025-03-06,TSLA,263.45001220703125,272.6499938964844,260.0199890136719,272.05999755859375,98451600
2025-03-07,AAPL,238.0325469970703,240.32255383879036,233.7412377693079,234.08972499786833,46273600
2025-03-07,AMZN,199.25,202.27000427246094,192.52999877929688,199.49000549316406,59802800
2025-03-07,GOOGL,173.18174743652344,174.28741777289434,169.60575619699736,170.5918843353401,27385800
2025-03-07,MSFT,390.32183837890625,391.80050846371955,382.61088158953936,389.33936956128906,22034100
2025-03-07,NVDA,112.65918731689453,113.44897220636766,107.5305852358904,111.21957864470976,341755500
2025-03-07,TSLA,262.6700134277344,266.25,250.72999572753906,259.32000732421875,102369600
2025-03-10,AAPL,226.4928436279297,235.13518456664028,223.24699590534985,234.5178647329352,72071200
2025-03-10,AMZN,194.5399932861328,196.72999572753906,190.85000610351562,195.60000610351562,62350900
2025-03-10,GOOGL,165.41319274902344,167.99607150995365,163.23920372577845,167.7966101322015,43604000
2025-03-10,MSFT,377.2717590332031,383.4643412864511,374.3540930979484,382.90859827837613,32840100
2025-03-10,NVDA,106.95075225830078,111.81941579292103,105.43116359430405,109.86995202425706,366487400
2025-03-10,TSLA,222.14999389648438,253.3699951171875,220.0,252.5399932861328,189076900
2025-03-11,AAPL,219.88165283203125,224.8599551431671,216.50636447278404,222.8387656202518,76137400
2025-03-11,AMZN,196.58999633789062,200.17999267578125,193.39999389648438,193.89999389648438,54002900
2025-03-11,GOOGL,163.58822631835938,166.29076966008637,160.92558133782,164.45584068137828,39587400
2025-03-11,MSFT,377.5595703125,383.0673924681545,374.0464567305875,376.1205744700273,30380200
2025-03-11,NVDA,108.73026275634766,112.20930691241836,104.74134829193281,106.96074247458567,354865700
2025-03-11,TSLA,230.5800018310547,237.05999755859375,217.02000427246094,225.30999755859375,174896400
2025-03-12,AAPL,216.03842163085938,220.78772670269151,213.97741219492326,219.18471261137486,62547500
2025-03-12,AMZN,198.88999938964844,201.52000427246094,195.2899932861328,200.72000122070312,43679300
2025-03-12,GOOGL,166.64979553222656,167.17833474519742,163.07965268636923,166.1212563192557,28372400
2025-03-12,MSFT,380.3581237792969,382.2933209136247,376.0709676751301,380.0405779726452,24253600
2025-03-12,NVDA,115.71900177001953,116.73882100614277,112.85951998498375,114.09930053195751,323857500
2025-03-12,TSLA,248.08999633789062,251.83999633789062,241.10000610351562,247.22000122070312,142215700
2025-03-13,AAPL,208.7700958251953,215.89902897504837,207.51556900756947,215.01289169752292,61368300
2025-03-13,AMZN,193.88999938964844,198.8800048828125,191.82000732421875,198.1699981689453,41270800
2025-03-13,GOOGL,162.311767578125,165.67249723739275,161.6635637085375,165.58273352485466,31756200
2025-03-13,MSFT,375.89227294921875,382.3925273041687,374.58232470495466,380.24893433302753,20473000
2025-03-13,NVDA,115.55902862548828,117.73863334670654,113.76935252443205,117.00876245655117,299033100
2025-03-13,TSLA,240.67999267578125,248.2899932861328,232.60000610351562,248.1300048828125,114813500
2025-03-14,AAPL,212.5635528564453,213.02154815111564,208.67051688888432,210.3332680009786,60107600
2025-03-14,AMZN,197.9499969482422,198.64999389648438,195.32000732421875,197.41000366210938,38096700
2025-03-14,GOOGL,165.0342559814453,166.0315020416508,162.00261943703092,162.8203685104477,31995900
2025-03-14,MSFT,385.6079406738281,387.2652662935844,376.6267095180303,376.8946473094157,19952800
2025-03-14,NVDA,121.64791870117188,121.85787967708788,118.12856083227834,118.58847644066721,277593500
2025-03-14,TSLA,249.97999572753906,251.5800018310547,240.72999572753906,247.30999755859375,100242300
2025-03-17,AAPL,213.07135009765625,214.28605714072168,209.0588394397278,212.3843419118567,48073400
2025-03-17,AMZN,195.74000549316406,199.0,194.32000732421875,198.77000427246094,47341800
2025-03-17,GOOGL,163.83753967285156,165.8420138841619,163.21925201833648,164.57550719551887,31184300
2025-03-17,MSFT,385.7468566894531,389.72637004614455,382.6406320765131,383.7620517263702,22474300
2025-03-17,NVDA,119.50830841064453,122.86769930249316,118.00858060635532,122.71772499646224,255501500
2025-03-17,TSLA,238.00999450683594,245.39999389648438,232.8000030517578,245.05999755859375,111900600
2025-03-18,AAPL,211.7670135498047,214.21632963340127,210.57222410469132,213.23063555765447,42432400
2025-03-18,AMZN,192.82000732421875,194.0,189.3800048828125,192.52000427246094,40414900
2025-03-18,GOOGL,160.22750854492188,163.79765095180105,156.28838999765335,163.2292134435371,42074800
2025-03-18,MSFT,380.606201171875,384.42695690697013,378.20460404859546,384.1292482671326,19486900
2025-03-18,NVDA,115.40904998779297,118.99839474842913,114.51921213127834,117.97858323274161,299686900
2025-03-18,TSLA,225.30999755859375,230.10000610351562,222.27999877929688,228.16000366210938,111477600
2025-03-19,AAPL,214.30596923828125,217.8106832228152,212.8224296395377,213.29039128502816,54385400
2025-03-19,AMZN,195.5399932861328,195.97000122070312,191.9600067138672,193.3800048828125,39442900
2025-03-19,GOOGL,163.4386444091797,165.41318720526314,160.5566041117451,161.31450558479577,34275600
2025-03-19,MSFT,384.87359619140625,386.71945055064447,381.08261086681347,382.60098568305693,19185500
2025-03-19,NVDA,117.49867248535156,120.42814113812437,115.65901001721268,117.24871784817985,273426200
2025-03-19,TSLA,235.86000061035156,241.41000366210938,229.1999969482422,231.61000061035156,111993800
2025-03-20,AAPL,213.17091369628906,216.5462020975973,211.29906714235267,213.0613904363763,48862900
2025-03-20,AMZN,194.9499969482422,199.32000732421875,192.3000030517578,193.07000732421875,38921100
2025-03-20,GOOGL,162.35165405273438,164.43589456907407,160.51672503978745,161.1250457167365,28138500
2025-03-20,MSFT,383.9010009765625,388.8134057411041,380.36805030146087,382.8093521082507,18470500
2025-03-20,NVDA,118.50848388671875,120.17817892707569,116.44886024718888,116.5288475567653,248829700
2025-03-20,TSLA,236.25999450683594,238.0,230.0500030517578,233.35000610351562,99028300
2025-03-21,AAPL,217.32281494140625,217.89033350890864,210.36314278996363,210.64192650603025,94127800
2025-03-21,AMZN,196.2100067138672,196.99000549316406,192.52000427246094,192.89999389648438,60056900
2025-03-21,GOOGL,163.5383758544922,163.7876873527184,160.44690718978086,160.76603321155818,36625800
2025-03-21,MSFT,388.28741455078125,388.76374837124365,379.8916675364793,380.30848991510493,39675900
2025-03-21,NVDA,117.67863464355469,117.96858292451893,115.39904967929496,116.91877807414131,266498500
2025-03-21,TSLA,248.7100067138672,249.52000427246094,234.5500030517578,234.99000549316406,132728700
2025-03-24,AAPL,219.7721405029297,220.5188858867363,217.63147647971348,220.04097309502072,44299500
2025-03-24,AMZN,203.25999450683594,203.63999938964844,199.9499969482422,200.0,41625400
2025-03-24,GOOGL,167.2182159423828,167.85646804378672,164.68521758619846,166.60991043967152,30879100
2025-03-24,MSFT,390.09356689453125,392.39594799568545,386.8484215764684,392.39594799568545,21004500
2025-03-24,NVDA,121.38796997070312,122.19782052957932,119.31833831489072,119.85824123014483,228452500
2025-03-24,TSLA,278.3900146484375,278.6400146484375,256.3299865722656,258.0799865722656,169079900
2025-03-25,AAPL,222.77903747558594,223.12752472855482,219.1249652538438,219.81197343150768,34493600
2025-03-25,AMZN,205.7100067138672,206.2100067138672,203.22000122070312,203.60000610351562,31171200
2025-03-25,GOOGL,170.09027099609375,170.16008551836464,167.85644975168057,168.51462053018605,24174400
2025-03-25,MSFT,392.1578063964844,393.34867131877104,389.65696280253144,390.9272368910712,15775000
2025-03-25,NVDA,120.66809844970703,121.26798803028822,118.89841541478116,120.52812446850508,167447200
2025-03-25,TSLA,288.1400146484375,288.20001220703125,271.2799987792969,283.6000061035156,150361500
2025-03-26,AAPL,220.56866455078125,224.04352508950674,219.51326687455483,222.5400680439697,34466100
2025-03-26,AMZN,201.1300048828125,206.00999450683594,199.92999267578125,205.83999633789062,32855300
2025-03-26,GOOGL,164.6054229736328,169.14289533485737,164.38602763542738,168.5345746637908,28901600
2025-03-26,MSFT,387.0072326660156,392.30665877239477,385.61787512073846,391.99901639757354,16108400
2025-03-26,NVDA,113.7393569946289,118.81842927999459,112.68954449720724,118.70845626054094,293463300
2025-03-26,TSLA,272.05999755859375,284.8999938964844,266.510009765625,282.6600036621094,153629800
2025-03-27,AAPL,222.87860107421875,224.0136533961419,219.6028696378956,220.4292696466093,37094800
2025-03-27,AMZN,201.36000061035156,203.7899932861328,199.27999877929688,200.88999938964844,27317700
2025-03-27,GOOGL,161.793212890625,164.96444818748884,161.55386834836875,164.1766304631432,24508300
2025-03-27,MSFT,387.6125793457031,389.259971232933,384.4567464670721,387.1660163642304,13766800
2025-03-27,NVDA,111.40978240966797,114.42923110356094,110.63992547504299,111.32979509417153,236902100
2025-03-27,TSLA,273.1300048828125,291.8500061035156,271.82000732421875,272.4800109863281,162572100
2025-03-28,AAPL,216.9544219970703,222.8387793372666,216.73537546649092,220.7080664246457,39818600
2025-03-28,AMZN,192.72000122070312,199.25999450683594,191.8800048828125,198.4199981689453,52548200
2025-03-28,GOOGL,153.90499877929688,161.37437785404254,153.2069295238927,160.0480386603904,48669300
2025-03-28,MSFT,375.92205810546875,386.1735929782764,374.06627026028934,385.1315521729189,21632000
2025-03-28,NVDA,109.65010070800781,112.84952470784617,109.05021109179135,111.46977019973694,229872500
2025-03-28,TSLA,263.54998779296875,276.1000061035156,260.57000732421875,275.5799865722656,123809400
2025-03-31,AAPL,221.1660614013672,224.6409066608951,215.29165561007284,216.0682695484103,65299300
2025-03-31,AMZN,190.25999450683594,191.3300018310547,184.39999389648438,188.19000244140625,63547600
2025-03-31,GOOGL,154.21412658691406,155.11164193370462,150.24509161947617,152.68834136730996,54603500
2025-03-31,MSFT,372.5379943847656,374.20522334023684,364.449889664545,369.7096411618319,35184700
2025-03-31,NVDA,108.3603286743164,110.93986229194257,103.63119133667838,105.11091847763528,299212700
2025-03-31,TSLA,259.1600036621094,260.55999755859375,243.36000061035156,249.30999755859375,134008900
2025-04-01,AAPL,222.22146606445312,222.70932997882656,217.95007407622174,218.85612876373423,36412700
2025-04-01,AMZN,192.1699981689453,193.92999267578125,187.1999969482422,187.86000061035156,41267300
2025-04-01,GOOGL,156.63743591308594,157.6645980717382,153.1969250530925,153.1969250530925,30672900
2025-04-01,MSFT,379.2863464355469,379.9413357760227,370.3944277527412,371.80362246362756,19689500
2025-04-01,NVDA,110.1300048828125,110.17999122900144,106.45067264528599,108.50029591126088,222614000
2025-04-01,TSLA,268.4599914550781,277.45001220703125,259.25,263.79998779296875,146486900
2025-04-02,AAPL,222.91842651367188,224.21278818927524,220.06088576879955,220.3595869543347,35905900
2025-04-02,AMZN,196.00999450683594,198.33999633789062,187.66000366210938,187.66000366210938,53679200
2025-04-02,GOOGL,156.60751342773438,157.973750867397,154.27396131633463,154.72271899671657,25041700
2025-04-02,MSFT,379.2367248535156,382.1543604865691,373.7586433966847,375.0983928958324,16092600
2025-04-02,NVDA,110.39995574951172,111.95967777974947,106.77061737970816,107.2705266243207,220601200
2025-04-02,TSLA,282.760009765625,284.989990234375,251.27000427246094,254.60000610351562,212787800
2025-04-03,AAPL,202.30825805664062,206.58960121618028,200.37667426890133,204.64805110026137,103419000
2025-04-03,AMZN,178.41000366210938,184.1300048828125,176.9199981689453,183.0,95553600
2025-04-03,GOOGL,150.304931640625,152.35925614776784,149.97583860548548,150.6938570063776,46883400
2025-04-03,MSFT,370.2752990722656,374.61212363444304,366.54388609690864,371.9425583652147,30198000
2025-04-03,NVDA,101.78152465820312,105.61082365222038,101.58155638472346,103.49121334940355,338769400
2025-04-03,TSLA,267.2799987792969,276.29998779296875,261.510009765625,265.2900085449219,136174300
2025-04-04,AAPL,187.56253051757812,199.01262630823254,186.52703508606032,193.0486144227304,125910900
2025-04-04,AMZN,171.0,178.13999938964844,166.0,167.14999389648438,123159400
2025-04-04,GOOGL,145.1990203857422,150.6539570990706,144.97962505338862,147.60237162636182,62259500
2025-04-04,MSFT,357.1061706542969,371.74410993496775,356.7489202327306,361.36358655898334,49209900
2025-04-04,NVDA,94.29288482666016,100.11182847125419,92.09328707213024,98.89205625014841,532273800
2025-04-04,TSLA,239.42999267578125,261.0,236.0,255.3800048828125,181229400
2025-04-07,AAPL,180.6725616455078,193.30748067285785,173.86223225537526,176.43103817745248,160466300
2025-04-07,AMZN,175.25999450683594,183.41000366210938,161.3800048828125,162.0,109327100
2025-04-07,GOOGL,146.34585571289062,152.42906261628312,140.14298415460087,141.1601793715283,76794100
2025-04-07,MSFT,355.14117431640625,368.1813588125757,342.17049555544185,348.2142236601539,50425000
2025-04-07,NVDA,97.62227630615234,101.73153089146867,86.60427995314998,87.444123819458,611041300
2025-04-07,TSLA,233.2899932861328,252.0,214.25,223.77999877929688,183453800
2025-04-08,AAPL,171.67178344726562,189.5140179775097,168.47572171547168,185.88981432593783,120859500
2025-04-08,AMZN,170.66000366210938,185.89999389648438,168.57000732421875,185.22999572753906,87710400
2025-04-08,GOOGL,144.301513671875,151.820758102269,142.6361144411185,150.8035627769606,52200200
2025-04-08,MSFT,351.8662414550781,370.8112022714622,347.5889889390993,365.46216834014683,35868900
2025-04-08,NVDA,96.28252410888672,105.83078615825814,94.44285411172834,103.79115551332612,476243400
2025-04-08,TSLA,221.86000061035156,250.44000244140625,217.8000030517578,245.0,171603500
2025-04-09,AAPL,197.98709106445312,199.7394480269994,171.14407803694525,171.20381523449285,184395900
2025-04-09,AMZN,191.10000610351562,192.64999389648438,169.92999267578125,172.1199951171875,116804300
2025-04-09,GOOGL,158.27291870117188,159.11060168568548,143.51367491882445,144.02226489868636,70406200
2025-04-09,MSFT,387.52325439453125,390.24245792204835,350.41733953240174,350.85399906862426,50199700
2025-04-09,NVDA,114.30924987792969,115.07910675948129,97.51229618216108,98.87204993981901,612918300
2025-04-09,TSLA,272.20001220703125,274.69000244140625,223.8800048828125,224.69000244140625,219433400
2025-04-10,AAPL,189.59365844726562,193.9347385570105,182.205859833413,188.24952597387417,121880000
2025-04-10,AMZN,181.22000122070312,186.8699951171875,175.85000610351562,185.44000244140625,68302000
2025-04-10,GOOGL,152.39913940429688,157.28563866565491,149.51708388683267,156.10888048544342,48022000
2025-04-10,MSFT,378.4527282714844,380.9833427250372,365.0056552003408,379.1573256201752,38024400
2025-04-10,NVDA,107.55047607421875,110.83987986480561,99.13200610877084,109.35015243101728,437812400
2025-04-10,TSLA,252.39999389648438,262.489990234375,239.3300018310547,260.0,181722600
2025-04-11,AAPL,197.2901153564453,198.67408279715283,185.2525839628914,185.2924188893916,87435900
2025-04-11,AMZN,184.8699951171875,185.86000061035156,178.0,179.92999267578125,50594300
2025-04-11,GOOGL,156.70724487304688,157.2357840662013,152.39914981719627,152.47891611104427,33636200
2025-04-11,MSFT,385.4988098144531,387.08662977771354,376.01144319106686,377.74814777589194,23839200
2025-04-11,NVDA,110.90986633300781,111.52975654810143,107.46049556472005,108.4803070767672,313417300
2025-04-11,TSLA,252.30999755859375,257.739990234375,241.36000061035156,251.83999633789062,128948100
2025-04-14,AAPL,201.6411590576172,212.01593914767514,200.28706023476008,210.52244846919626,101352900
2025-04-14,AMZN,182.1199951171875,187.44000244140625,179.22999572753906,186.83999633789062,48002500
2025-04-14,GOOGL,158.63194274902344,161.27463879929493,157.126091415259,159.559374308141,30333000
2025-04-14,MSFT,384.8636474609375,391.651677567929,381.29099206627785,390.23254912743425,19251200
2025-04-14,NVDA,110.68990325927734,114.26925525660798,109.05020155855789,114.08928762467488,264705000
2025-04-14,TSLA,252.35000610351562,261.79998779296875,245.92999267578125,258.3599853515625,100135200
2025-04-15,AAPL,201.2628173828125,202.62686743682656,198.93297540670014,200.98403365195668,51343900
2025-04-15,AMZN,179.58999633789062,182.35000610351562,177.92999267578125,181.41000366210938,43642000
2025-04-15,GOOGL,155.87953186035156,159.2103301054895,154.78257030571797,158.6917731015249,27551500
2025-04-15,MSFT,382.7994689941406,388.91267269542334,381.24138963056953,385.558347033726,17199900
2025-04-15,NVDA,112.17963409423828,113.59938217981927,110.4799456735416,110.94986159507806,228966900
2025-04-15,TSLA,254.11000061035156,258.75,247.5399932861328,249.91000366210938,79594300
2025-04-16,AAPL,193.42698669433594,199.82907698305957,191.53522246149657,197.49923485324123,59732400
2025-04-16,AMZN,174.3300018310547,179.10000610351562,171.41000366210938,176.2899932861328,51875300
2025-04-16,GOOGL,152.90773010253906,155.46067741277207,151.09273508921532,152.67836778458886,28187400
2025-04-16,MSFT,368.7867126464844,378.71073856569086,365.2041538267982,377.7779079921512,21967800
2025-04-16,NVDA,104.47103881835938,106.77062454919468,100.4317709352981,104.53103311878802,397016900
2025-04-16,TSLA,241.5500030517578,251.97000122070312,233.88999938964844,247.61000061035156,112378700
2025-04-17,AAPL,196.1251983642578,197.9671763411939,193.5763099497932,196.34424488667963,52164700
2025-04-17,AMZN,172.61000061035156,176.2100067138672,172.0,176.0,44726500
2025-04-17,GOOGL,150.74371337890625,154.25400844452392,148.09103529003713,153.86508310192784,33046600
2025-04-17,MSFT,364.9858093261719,371.4761304955969,364.10258680355696,370.9104537724408,21120200
2025-04-17,NVDA,101.47157287597656,104.45103522860795,100.0318394876262,104.43103458781992,292517500
2025-04-17,TSLA,241.3699951171875,244.33999633789062,237.67999267578125,243.47000122070312,83404800
2025-04-21,AAPL,192.32179260253906,192.9590147372882,188.98632373298676,192.43131586910098,46742500
2025-04-21,AMZN,167.32000732421875,169.60000610351562,165.2899932861328,169.60000610351562,48126100
2025-04-21,GOOGL,147.2633056640625,148.5397792458497,145.69763745597456,148.46997994299036,26049100
2025-04-21,MSFT,356.3916015625,361.71089501866106,352.9678309109542,360.0635031391147,20807300
2025-04-21,NVDA,96.89241790771484,99.42195758129023,95.02275450080649,98.75207336541831,288501100
2025-04-21,TSLA,227.5,232.2100067138672,222.7899932861328,230.25999450683594,97768000
2025-04-22,AAPL,198.8732452392578,200.715208155226,195.1196006832811,195.26894368988752,52976400
2025-04-22,AMZN,173.17999267578125,176.77999877929688,169.35000610351562,169.85000610351562,56607200
2025-04-22,GOOGL,151.0528564453125,151.77087479980403,148.13091768280205,148.47995987784566,26971800
2025-04-22,MSFT,364.0331115722656,364.9758758256959,357.12596800122816,360.6192443688487,19485000
2025-04-22,NVDA,98.8720474243164,99.7918785816798,97.26233908492571,98.76206678289148,241004800
2025-04-22,TSLA,237.97000122070312,242.7899932861328,229.85000610351562,230.9600067138672,120858500
2025-04-23,AAPL,203.71214294433594,207.09738254349836,201.9199510184256,205.10606155750318,52929200
2025-04-23,AMZN,180.60000610351562,187.3800048828125,180.19000244140625,183.4499969482422,63470100
2025-04-23,GOOGL,154.92218017578125,157.09616926384234,153.38641273519517,155.1814586711159,31128800
2025-04-23,MSFT,371.54559326171875,377.50000836988784,370.1859763720142,373.20288850682186,20545500
2025-04-23,NVDA,102.69136047363281,104.78098517141211,102.00148324580945,104.5010295750129,247526000
2025-04-23,TSLA,250.74000549316406,259.45001220703125,244.42999267578125,254.86000061035156,150381900
2025-04-24,AAPL,207.4657745361328,207.92378505310097,202.0593452871763,204.00088023313933,47311000
2025-04-24,AMZN,186.5399932861328,186.74000549316406,180.17999267578125,180.9199981689453,43763200
2025-04-24,GOOGL,158.8413543701172,159.15049822016638,155.36096007364648,155.7199692710382,45894000
2025-04-24,MSFT,384.35748291015625,385.49877003384853,372.33950296048084,372.8456379358323,22232300
2025-04-24,NVDA,106.41068267822266,106.52066332286202,103.09128558149489,103.46122117055545,220815000
2025-04-24,TSLA,259.510009765625,259.5400085449219,249.1999969482422,250.5,94464200
2025-04-25,AAPL,208.371826171875,208.8397878176709,205.30519003897632,205.47445049920006,38222300
2025-04-25,AMZN,188.99000549316406,189.94000244140625,185.49000549316406,187.6199951171875,36414300
2025-04-25,GOOGL,161.51397705078125,165.6425750916004,160.59649729347288,164.61541287682232,56034000
2025-04-25,MSFT,388.8729553222656,389.1805976978566,381.67803664886475,384.05979677325973,18973200
2025-04-25,NVDA,110.98986053466797,111.89969145813895,105.71081975581805,106.83061166162848,251064700
2025-04-25,TSLA,284.95001220703125,286.8500061035156,259.6300048828125,261.69000244140625,167560700
2025-04-28,AAPL,209.2281036376953,210.5822025692478,206.55974070372147,209.08871177088434,38743100
2025-04-28,AMZN,187.6999969482422,190.22000122070312,184.88999938964844,190.11000061035156,33224700
2025-04-28,GOOGL,160.16769409179688,162.70069244870191,158.16323494184564,161.98267405118585,29745800
2025-04-28,MSFT,388.18817138671875,389.75615403464093,383.70252292195136,388.9820812843996,16579400
2025-04-28,NVDA,108.71027374267578,110.34997554606154,106.00075877336346,109.67009863041305,207708500
2025-04-28,TSLA,285.8800048828125,294.8599853515625,272.4200134277344,288.9800109863281,151731800
2025-04-29,AAPL,210.29345703125,211.31898611202763,207.46576971677675,207.78438836336602,36827600
2025-04-29,AMZN,187.38999938964844,188.02000427246094,183.67999267578125,183.99000549316406,41667300
2025-04-29,GOOGL,159.71893310546875,160.29733764803302,157.086204107764,159.87849612757626,26809000
2025-04-29,MSFT,391.04632568359375,392.0982700078575,387.41412856396244,388.32712198825146,14974000
2025-04-29,NVDA,109.00021362304688,110.1799998026459,107.42050613077843,107.65046012276234,170444300
2025-04-29,TSLA,292.0299987792969,293.32000732421875,279.4700012207031,285.5,108906600
2025-04-30,AAPL,211.57785034179688,212.65316547487808,205.7731479657814,208.39173986928208,52286500
2025-04-30,AMZN,184.4199981689453,185.0500030517578,178.85000610351562,182.1699981689453,55176500
2025-04-30,GOOGL,158.3626708984375,158.83137774482094,154.9720253029664,157.5449218586139,34981100
2025-04-30,MSFT,392.2570495605469,393.6464071015826,381.5192464831796,387.3347110069874,36461100
2025-04-30,NVDA,108.90023040771484,108.90023040771484,104.06111247501677,104.45104108413872,235044600
2025-04-30,TSLA,282.1600036621094,284.45001220703125,270.7799987792969,279.8999938964844,128961100
2025-05-01,AAPL,212.39431762695312,213.62892699621815,207.99348458901505,208.17271138967982,57365700
2025-05-01,AMZN,190.1999969482422,191.80999755859375,187.5,190.6300048828125,74266000
2025-05-01,GOOGL,160.85577392578125,161.50397770313938,158.47235672658454,160.00810878606782,30203200
2025-05-01,MSFT,422.16802978515625,433.669971462135,421.67182852064957,427.8346397458207,58938100
2025-05-01,NVDA,111.5897445678711,114.9191420385801,111.27980327057723,113.05947899879722,236121500
2025-05-01,TSLA,280.5199890136719,290.8699951171875,279.80999755859375,280.010009765625,99659000
2025-05-02,AAPL,204.45889282226562,206.0917754590827,201.2827333487594,205.19567188008233,101010600
2025-05-02,AMZN,189.97999572753906,192.8800048828125,186.39999389648438,191.44000244140625,77903500
2025-05-02,GOOGL,163.57826232910156,164.51567601619934,161.42420728854916,162.95997467027814,25715000
2025-05-02,MSFT,431.9729919433594,436.1013902925972,426.7231738378541,428.4598783453456,30757400
2025-05-02,NVDA,114.4792251586914,115.37906338859757,113.34943293159324,114.15928352450368,190194800
2025-05-02,TSLA,287.2099914550781,294.7799987792969,279.80999755859375,284.8999938964844,114454700
2025-05-05,AAPL,198.02691650390625,203.21431440062256,197.34987465543003,202.21865389928206,69018500
2025-05-05,AMZN,186.35000610351562,188.17999267578125,185.52999877929688,186.50999450683594,35217500
2025-05-05,GOOGL,163.75778198242188,164.93452502755278,162.2718798770323,162.55110755610633,21341800
2025-05-05,MSFT,432.8562316894531,436.1609188409604,428.827049490993,429.58128511716615,20136100
2025-05-05,NVDA,113.79934692382812,114.64919116473993,112.63956137373921,112.88951601094917,133163200
2025-05-05,TSLA,280.260009765625,284.8500061035156,274.3999938964844,284.57000732421875,94618900
2025-05-06,AAPL,197.64854431152344,199.77925700053618,196.165020010421,197.3498583398735,51216500
2025-05-06,AMZN,185.00999450683594,187.92999267578125,183.85000610351562,184.57000732421875,29314100
2025-05-06,GOOGL,162.7804718017578,164.3461554362482,160.74609651363122,161.72339340187466,21277200
2025-05-06,MSFT,430.0179443359375,434.4043769104007,427.8942186382879,428.91639204817295,15104200
2025-05-06,NVDA,113.51940155029297,114.71918078517231,110.79989381468877,111.45977773347964,158525600
2025-05-06,TSLA,275.3500061035156,277.7300109863281,271.3500061035156,273.1099853515625,76715800
2025-05-07,AAPL,195.39837646484375,198.574535944944,192.41139491378883,198.30570335142838,68536700
2025-05-07,AMZN,188.7100067138672,190.99000549316406,185.00999450683594,185.55999755859375,43948600
2025-05-07,GOOGL,150.96310424804688,164.5455898895658,147.43284488902702,163.62812539619352,127490100
2025-05-07,MSFT,430.0576477050781,434.79139692835327,427.83464541633373,430.54391525930873,23295300
2025-05-07,NVDA,117.03875732421875,117.65864757290291,112.25962586336117,113.02949042053457,206758800
2025-05-07,TSLA,276.2200012207031,277.9200134277344,271.0,276.8800048828125,71592600
2025-05-08,AAPL,196.6330108642578,199.18189948520052,193.8351919089676,196.86200854076802,50478900
2025-05-08,AMZN,192.0800018310547,194.3300018310547,188.82000732421875,191.42999267578125,41043600
2025-05-08,GOOGL,153.85513305664062,155.50058309873845,152.47892851591033,154.57315149382438,57498700
2025-05-08,MSFT,434.841064453125,440.2992788018954,432.35012421343623,434.6028672327044,23491300
2025-05-08,NVDA,117.34870910644531,118.658469001105,115.82898059800607,118.22854670795566,198428100
2025-05-08,TSLA,284.82000732421875,289.79998779296875,279.4100036621094,279.6300048828125,97539400
2025-05-09,AAPL,197.66847229003906,199.6697443694255,196.6827629534363,198.1364339272832,36453900
2025-05-09,AMZN,193.05999755859375,194.69000244140625,191.16000366210938,193.3800048828125,29663100
2025-05-09,GOOGL,152.32933044433594,154.62299934708025,151.78084208678038,153.7454179749914,32435300
2025-05-09,MSFT,435.39678955078125,437.3914981181206,432.5684361749063,436.65712990925,15324200
2025-05-09,NVDA,116.62882995605469,118.20854502226882,115.18908887008638,117.32869985728382,132972200
2025-05-09,TSLA,298.260009765625,307.0400085449219,290.0,290.2099914550781,132387800
2025-05-12,AAPL,210.15048217773438,210.62903686932515,206.12274573806786,210.32994399020487,63775800
2025-05-12,AMZN,208.63999938964844,211.66000366210938,205.75,210.7100067138672,75205000
2025-05-12,GOOGL,158.0236053466797,158.66184216787673,155.81968502629073,157.0562755246952,44138800
2025-05-12,MSFT,445.84674072265625,445.95589045656413,436.4387544599253,442.5519572732001,22821900
2025-05-12,NVDA,122.9776840209961,122.9776840209961,120.25817629208265,121.94787211512306,225023300
2025-05-12,TSLA,318.3800048828125,322.2099914550781,311.5,321.989990234375,112826700
2025-05-13,AAPL,212.2840118408203,212.7525871854542,208.36594186281494,209.7915962682986,51909300
2025-05-13,AMZN,211.3699951171875,214.83999633789062,210.10000610351562,211.0800018310547,56193700
2025-05-13,GOOGL,159.0906524658203,160.12779682266662,155.7299383299059,158.3526849510168,42382100
2025-05-13,MSFT,445.7276916503906,447.24606632617565,441.9763809723924,444.37800844651383,23618800
2025-05-13,NVDA,129.9064178466797,131.19619232916256,124.44741706637032,124.95732666651305,330430100
2025-05-13,TSLA,334.07000732421875,337.5899963378906,316.79998779296875,320.0,136992600
2025-05-14,AAPL,211.68582153320312,213.29093762104833,209.94113079478424,211.78550901932945,49325800
2025-05-14,AMZN,210.25,211.92999267578125,208.85000610351562,211.4499969482422,38492100
2025-05-14,GOOGL,164.91458129882812,166.5400972975048,159.170449289238,159.51949150800576,48755900
2025-05-14,MSFT,449.4988098144531,450.45150777480933,444.73528972695,444.73528972695,19902800
2025-05-14,NVDA,135.3154296875,135.4154176381041,131.65609038206884,133.17581874633882,281180800
2025-05-14,TSLA,347.67999267578125,350.0,337.0,342.5,136997300
2025-05-15,AAPL,210.8084716796875,212.31390017581901,208.90426284202815,210.3099886465303,45029500
2025-05-15,AMZN,205.1699981689453,206.8800048828125,202.6699981689453,206.4499969482422,64347300
2025-05-15,GOOGL,163.50845336914062,165.75225676640807,161.92282073699639,165.3832654159012,33146700
2025-05-15,MSFT,450.512939453125,453.55526390744575,447.82852124457236,448.16655392379437,21992300
2025-05-15,NVDA,134.80552673339844,136.2752611112406,132.6359224746836,134.2656162138544,226632600
2025-05-15,TSLA,342.82000732421875,346.1400146484375,334.7200012207031,340.3399963378906,97882600
2025-05-16,AAPL,210.6190643310547,211.92510277199543,209.1335944967917,211.71573318604425,54737900
2025-05-16,AMZN,205.58999633789062,206.85000610351562,204.3699951171875,206.85000610351562,43318500
2025-05-16,GOOGL,165.73233032226562,168.8836316223118,165.1638927462638,167.26808260725292,42846900
2025-05-16,MSFT,451.6463623046875,451.735838870633,446.13838030321216,449.4391826540583,23849800
2025-05-16,NVDA,135.37542724609375,136.32526708518697,133.43579205010155,136.19528579014883,226542500
2025-05-16,TSLA,349.9800109863281,351.6199951171875,342.3299865722656,346.239990234375,95895700
2025-05-19,AAPL,208.14659118652344,208.84446444770495,203.64029993754312,207.27923550566183,46140500
2025-05-19,AMZN,206.16000366210938,206.6199951171875,201.25999450683594,201.64999389648438,34314800
2025-05-19,GOOGL,166.0813446044922,166.18107529267584,163.7677417629434,164.0569364118495,30426100
2025-05-19,MSFT,456.2197570800781,456.9355998797858,448.1963586877965,448.27591363294266,21336500
2025-05-19,NVDA,135.54539489746094,135.84532822832756,132.36596428610483,132.36596428610483,193154600
2025-05-19,TSLA,342.0899963378906,343.0,333.3699951171875,336.29998779296875,88869900
2025-05-20,AAPL,206.232421875,207.83753801206538,204.40797196423648,207.03996203611737,42496600
2025-05-20,AMZN,204.07000732421875,205.58999633789062,202.64999389648438,204.6300048828125,29470400
2025-05-20,GOOGL,163.52841186523438,168.03596851578914,162.45138424695486,165.9716617765614,46607700
2025-05-20,MSFT,455.5238342285156,455.69283539558984,451.69606398891386,452.9587181303489,15441800
2025-05-20,NVDA,134.35560607910156,134.55556671475182,132.59591587093482,134.26561082544316,161514200
2025-05-20,TSLA,343.82000732421875,354.989990234375,341.6300048828125,347.8699951171875,131715500
2025-05-21,AAPL,201.4768829345703,206.41186226922272,200.10108001028593,204.5475404614086,59211800
2025-05-21,AMZN,201.1199951171875,203.4600067138672,200.05999755859375,201.61000061035156,42460900
2025-05-21,GOOGL,168.09579467773438,172.66318349220677,163.1095643409873,163.2392111991083,73416000
2025-05-21,MSFT,449.9561462402344,455.1360468945702,449.2005259832327,451.944595050179,19216900
2025-05-21,NVDA,131.7760772705078,137.3750515435132,130.56629021032253,133.0358430493297,270608700
2025-05-21,TSLA,334.6199951171875,347.3500061035156,332.20001220703125,344.42999267578125,102354800
2025-05-22,AAPL,200.7490997314453,202.1348820380274,199.09413231135568,200.1010778345708,46742400
2025-05-22,AMZN,203.10000610351562,205.75999450683594,200.16000366210938,201.3800048828125,38938900
2025-05-22,GOOGL,170.39942932128906,176.28319020253375,170.23988151650855,171.3767414156938,74864400
2025-05-22,MSFT,452.2329406738281,457.5918252828005,451.27849365115543,452.32244757902833,18025600
2025-05-22,NVDA,132.80589294433594,134.22563338103308,131.52612648714359,132.20599574301846,187344000
2025-05-22,TSLA,341.0400085449219,347.2699890136719,331.3900146484375,331.8999938964844,97113400
2025-05-23,AAPL,194.67758178710938,197.10020219746903,192.8730755135501,193.0824298832746,78432900
2025-05-23,AMZN,200.99000549316406,202.3699951171875,197.85000610351562,198.89999389648438,33393500
2025-05-23,GOOGL,168.0060272216797,169.4919291723601,167.4276227418866,168.59439868298506,35211400
2025-05-23,MSFT,447.5799865722656,451.06972434232773,446.3173323563206,447.38115987330883,16883500
2025-05-23,NVDA,131.26617431640625,132.65592152877483,129.13657112060253,129.97641506418768,198821300
2025-05-23,TSLA,339.3399963378906,343.17999267578125,333.2099914550781,337.9200134277344,84654800
2025-05-27,AAPL,199.60260009765625,200.1309909415137,196.83102019804124,197.6983910952664,56288500
2025-05-27,AMZN,206.02000427246094,206.69000244140625,202.19000244140625,203.08999633789062,34892000
2025-05-27,GOOGL,172.423828125,172.69308880696215,169.53182079809207,169.69138381086714,37995700
2025-05-27,MSFT,458.02923583984375,458.2877438900054,453.48562310372705,453.8435596609756,20974300
2025-05-27,NVDA,135.47540283203125,135.63537744884945,133.2857979393918,134.1256417936587,192953600
2025-05-27,TSLA,362.8900146484375,363.7900085449219,347.32000732421875,347.3500061035156,120146400
2025-05-28,AAPL,199.81195068359375,202.11494001836002,199.2935240345892,199.98143310081724,45339700
2025-05-28,AMZN,204.72000122070312,207.66000366210938,204.41000366210938,205.9199981689453,28549800
2025-05-28,GOOGL,171.8853302001953,174.7873198647011,171.4365725199691,172.6831300854681,34784000
2025-05-28,MSFT,454.718505859375,459.8487079553447,454.29099660337516,458.5562282330538,17086300
2025-05-28,NVDA,134.78553771972656,137.22509744866613,134.76553707682788,136.00531758419635,304021100
2025-05-28,TSLA,356.8999938964844,365.0,355.9100036621094,364.8399963378906,91404300
2025-05-29,AAPL,199.3433837890625,203.19167383577107,197.90775006205254,202.9623758748587,51396800
2025-05-29,AMZN,205.6999969482422,208.80999755859375,204.22999572753906,208.02999877929688,34650000
2025-05-29,GOOGL,171.38668823242188,173.93963540973058,170.16007998422984,173.52079394002513,29317300
2025-05-29,MSFT,456.0308837890625,459.05333474747385,452.68035209769624,458.884303233251,13974800
2025-05-29,NVDA,139.1647491455078,143.46397204605128,137.88498259688382,142.22419152756274,369241900
2025-05-29,TSLA,358.42999267578125,367.7099914550781,356.0,365.2900085449219,88087800
2025-05-30,AAPL,200.24066162109375,201.3472946799051,196.18300200128658,198.7651407343476,70819900
2025-05-30,AMZN,205.00999450683594,205.99000549316406,201.6999969482422,204.83999633789062,51679400
2025-05-30,GOOGL,171.2670440673828,171.73575093359455,166.97888295989642,170.87811871209726,52639900
2025-05-30,MSFT,457.7011413574219,459.0135248792732,452.90900269221845,457.0648535034259,34770500
2025-05-30,NVDA,135.10548400878906,139.59465948344436,132.8958783257386,138.6948289010735,333170900
2025-05-30,TSLA,346.4599914550781,363.67999267578125,345.2900085449219,355.5199890136719,123474900
2025-06-02,AAPL,201.08807373046875,201.51677709467234,199.51286535414474,199.67238359256916,35423300
2025-06-02,AMZN,206.64999389648438,207.0,202.67999267578125,204.97999572753906,29113300
2025-06-02,GOOGL,168.56451416015625,169.40219726738815,166.9290310959932,167.37778881652682,38612300
2025-06-02,MSFT,459.3018798828125,459.44105553120437,454.2512329224997,454.49978904014216,16626500
2025-06-02,NVDA,137.35507202148438,138.09492795630163,135.37542038395227,135.46541564458173,197663100
2025-06-02,TSLA,342.69000244140625,348.0199890136719,333.3299865722656,343.5,81873800
2025-06-03,AAPL,202.6533203125,203.1518034040851,200.35033086337637,200.73914706631285,46381600
2025-06-03,AMZN,205.7100067138672,208.9499969482422,205.02999877929688,207.11000061035156,33139100
2025-06-03,GOOGL,165.7223358154297,168.01600469808255,164.82482048675826,167.0287408798973,45084900
2025-06-03,MSFT,460.2961120605469,461.4593680607732,458.1982826150306,458.8047753297213,15743800
2025-06-03,NVDA,141.19436645507812,141.97422364617418,137.9249557656252,138.75480693174418,225578800
2025-06-03,TSLA,344.2699890136719,355.3999938964844,343.0400085449219,346.6000061035156,99324500
2025-06-04,AAPL,202.20468139648438,205.6143037964219,201.48686455307688,202.29440469878628,43604000
2025-06-04,AMZN,207.22999572753906,208.17999267578125,205.17999267578125,206.5500030517578,29915600
2025-06-04,GOOGL,167.58718872070312,167.75671871001492,165.9018405925084,166.28079893142063,26900800
2025-06-04,MSFT,461.1908874511719,463.00038321907994,460.3457906064832,461.3201414833542,14162700
2025-06-04,NVDA,141.8942413330078,142.36415725393297,139.5146683935161,142.1641966028205,167120800
2025-06-04,TSLA,332.04998779296875,345.6000061035156,327.3299865722656,345.1000061035156,98912100
2025-06-05,AAPL,200.02133178710938,204.12882762641604,199.54277706238673,202.88261988754903,55126100
2025-06-05,AMZN,207.91000366210938,212.80999755859375,207.55999755859375,209.5500030517578,51864200
2025-06-05,GOOGL,167.7467803955078,170.45927590481597,167.12847743949644,169.8709043325192,36379100
2025-06-05,MSFT,464.9788818359375,466.93750520910584,461.3499686746429,462.2745901279283,20131700
2025-06-05,NVDA,139.964599609375,143.97386636815438,138.80480646885346,142.14419665233672,231397900
2025-06-05,TSLA,284.70001220703125,324.54998779296875,273.2099914550781,322.489990234375,287499800
2025-06-06,AAPL,203.30133056640625,205.07592905349443,201.4370087789868,202.3841235560851,46607700
2025-06-06,AMZN,213.57000732421875,213.8699951171875,210.5,212.39999389648438,39832500
2025-06-06,GOOGL,173.20169067382812,174.01943975782734,170.35954849552294,170.35954849552294,35731800
2025-06-06,MSFT,467.6632995605469,470.6061954238558,466.0725343793748,467.37496597576217,15285600
2025-06-06,NVDA,141.69427490234375,143.24399658328852,141.4843063108272,142.4841247816278,153986200
2025-06-06,TSLA,295.1400146484375,305.5,291.1400146484375,298.8299865722656,164747700
2025-06-09,AAPL,200.83883666992188,205.37503589356555,199.4131823149893,203.76991971327615,72862600
2025-06-09,AMZN,216.97999572753906,217.85000610351562,212.8800048828125,214.75,38102500
2025-06-09,GOOGL,175.817626953125,176.1970440586742,174.1002861656323,174.27002138780236,28935900
2025-06-09,MSFT,470.0196228027344,470.69568816704816,465.9134708467471,466.98725027602023,16469900
2025-06-09,NVDA,142.6041259765625,144.97369107987248,141.91424872977086,143.16402192873528,185114500
2025-06-09,TSLA,308.5799865722656,309.8299865722656,281.8500061035156,285.9599914550781,140908900
2025-06-10,AAPL,202.05511474609375,203.73002568042446,199.96149509379936,199.9914028593682,54672600
2025-06-10,AMZN,217.61000061035156,217.69000244140625,214.14999389648438,216.77999877929688,31303300
2025-06-10,GOOGL,178.3237762451172,180.8298886948226,174.63948090794972,175.92747903926403,61766100
2025-06-10,MSFT,468.2001953125,470.06931180763127,464.26304461137784,468.4686249933991,15375900
2025-06-10,NVDA,143.9338836669922,144.26381035974757,141.50431668274294,142.66410985007164,155881900
2025-06-10,TSLA,326.0899963378906,327.8299865722656,310.6700134277344,314.94000244140625,151256500
2025-06-11,AAPL,198.17694091796875,203.8795888248368,197.8080682902945,202.88262262031438,60989900
2025-06-11,AMZN,213.1999969482422,218.39999389648438,212.88999938964844,217.41000366210938,39326000
2025-06-11,GOOGL,177.07569885253906,180.09101684926247,176.47662077845203,179.49195401036374,31646800
2025-06-11,MSFT,469.8903503417969,472.72389606625393,466.9474544926898,467.30536072753216,16399200
2025-06-11,NVDA,142.81399536132812,144.97375695921582,141.85409623212945,144.59379466225064,167694000
2025-06-11,TSLA,326.42999267578125,335.5,322.5,334.3999938964844,122611400
2025-06-12,AAPL,198.5956573486328,199.07419684911244,196.7612432530472,198.47602627663701,43904600
2025-06-12,AMZN,213.24000549316406,213.5800018310547,211.3300018310547,211.77999877929688,27640000
2025-06-12,GOOGL,175.42823791503906,176.44666452455314,174.47971034788216,175.90749122267417,20941900
2025-06-12,MSFT,476.104248046875,477.6453141185156,470.7851412769109,472.2764779222473,18950600
2025-06-12,NVDA,144.98374938964844,144.98374938964844,141.83410852298076,141.9540901919345,162365000
2025-06-12,TSLA,319.1099853515625,332.55999755859375,316.8599853515625,323.0799865722656,105127500
2025-06-13,AAPL,195.85398864746094,199.76209396079906,195.1062640673262,199.12403626091725,51447300
2025-06-13,AMZN,212.10000610351562,214.0500030517578,209.6199951171875,209.9600067138672,29337800
2025-06-13,GOOGL,174.39984130859375,176.85604320367563,172.1233689351953,172.17329464872896,27663100
2025-06-13,MSFT,472.2168273925781,476.4124557062983,470.0295518485209,473.6584649544854,16814500
2025-06-13,NVDA,141.95408630371094,143.5639064320885,140.83421673860605,142.4640236398758,180820600
2025-06-13,TSLA,325.30999755859375,332.989990234375,313.29998779296875,313.9700012207031,128964300
2025-06-16,AAPL,197.8180389404297,198.08722408394675,195.96368113091867,196.7014416228738,43020700
2025-06-16,AMZN,216.10000610351562,217.05999755859375,211.60000610351562,212.30999755859375,33284200
2025-06-16,GOOGL,176.49659729003906,176.66633252587772,174.37986589593493,174.45974398959817,27389200
2025-06-16,MSFT,476.3727111816406,477.91374692205306,472.25660744971805,472.4653860858625,15626100
2025-06-16,NVDA,144.6737823486328,146.16360555156524,143.18394388862185,143.33393622751285,183133700
2025-06-16,TSLA,329.1300048828125,332.04998779296875,326.4100036621094,331.2900085449219,83925900
2025-06-17,AAPL,195.0464630126953,197.7881200100286,194.61777485692886,196.60172782081946,38856200
2025-06-17,AMZN,214.82000732421875,217.41000366210938,214.55999755859375,215.1999969482422,32086300
2025-06-17,GOOGL,175.6778564453125,177.08567926563504,174.30998028900405,175.4282431183839,24973000
2025-06-17,MSFT,475.279052734375,475.97499162724574,471.3419021646973,472.65428568792316,15414100
2025-06-17,NVDA,144.1038360595703,145.20371882793046,143.7638778428329,144.4738049491523,139108000
2025-06-17,TSLA,316.3500061035156,327.260009765625,314.739990234375,326.0899963378906,88282700
2025-06-18,AAPL,195.9835968017578,196.97059871241268,194.4781834746436,195.34553910938874,45394700
2025-06-18,AMZN,212.52000427246094,217.9600067138672,212.33999633789062,215.08999633789062,44360500
2025-06-18,GOOGL,173.05194091796875,176.28692000243774,172.93211615674434,175.73776761612697,28707500
2025-06-18,MSFT,477.4663391113281,478.2219594008936,471.71972301658775,475.2392860574369,17526500
2025-06-18,NVDA,145.46368408203125,145.63366319028128,143.10394808189747,143.9938476821936,161494100
2025-06-18,TSLA,322.04998779296875,329.32000732421875,315.45001220703125,317.30999755859375,95137700
2025-06-20,AAPL,200.39019775390625,201.08807102199273,196.2627584683704,197.63857663438114,96813500
2025-06-20,AMZN,209.69000244140625,214.88999938964844,208.27000427246094,214.67999267578125,75350700
2025-06-20,GOOGL,166.38226318359375,174.07035081830173,165.20409556084024,173.68095462694552,75659900
2025-06-20,MSFT,474.64276123046875,480.667759158903,474.1158234691147,479.44488246554124,37576200
2025-06-20,NVDA,143.83387756347656,146.1836049259659,142.63399990245927,145.43368901636921,242956200
2025-06-20,TSLA,322.1600036621094,332.3599853515625,317.7799987792969,327.95001220703125,108688000
2025-06-23,AAPL,200.888671875,201.686247808318,198.3563846401482,201.01828233775666,55814300
2025-06-23,AMZN,208.47000122070312,210.38999938964844,207.30999755859375,209.7899932861328,37311700
2025-06-23,GOOGL,164.9344940185547,167.08116240174218,161.7494257286143,166.0128253516346,57671000
2025-06-23,MSFT,483.19305419921875,484.9329468840925,469.78097686904323,475.4480376949825,24864000
2025-06-23,NVDA,144.15383911132812,144.76377135076248,142.01407957999888,142.48402812138661,154308900
2025-06-23,TSLA,348.67999267578125,357.5400085449219,327.4800109863281,327.5400085449219,190716800
2025-06-24,AAPL,199.6923065185547,202.82277936444737,199.59260382672892,201.9753521214132,54064000
2025-06-24,AMZN,212.77000427246094,214.33999633789062,211.0500030517578,212.13999938964844,38378800
2025-06-24,GOOGL,166.51206970214844,167.95982401484335,165.87306016657053,166.66183161080377,40524300
2025-06-24,MSFT,487.2793273925781,489.009298556199,483.9884469122188,486.1260537385937,22305600
2025-06-24,NVDA,147.88340759277344,147.94341367999496,145.4836828445603,145.54367367470394,187566100
2025-06-24,TSLA,340.4700012207031,356.260009765625,340.44000244140625,356.1700134277344,114736200
2025-06-25,AAPL,200.94850158691406,203.05210084338043,200.01135094007643,200.83883469818846,39525700
2025-06-25,AMZN,211.99000549316406,216.02999877929688,211.11000061035156,214.6199951171875,31755700
2025-06-25,GOOGL,170.41600036621094,172.0934098171055,167.29085192583665,167.3707300173257,35479000
2025-06-25,MSFT,489.4268493652344,491.70363180611855,486.5635084927723,489.1981971647186,17495100
2025-06-25,NVDA,154.29270935058594,154.43269305532343,149.24327207878133,149.25328072295656,269146500
2025-06-25,TSLA,327.54998779296875,343.0,320.3999938964844,342.70001220703125,119845100
2025-06-26,AAPL,200.39019775390625,202.025221644493,198.85487656411598,200.81888589983927,50799100
2025-06-26,AMZN,217.1199951171875,218.0399932861328,212.00999450683594,213.1199951171875,50480800
2025-06-26,GOOGL,173.27159118652344,173.4213683331891,169.6771681943881,172.16330733603075,31796700
2025-06-26,MSFT,494.57696533203125,495.1635541172166,489.9637493151316,490.13278082199906,21578900
2025-06-26,NVDA,155.00262451171875,156.70243086817015,153.98273459501658,155.9625083392563,198145700
2025-06-26,TSLA,325.7799987792969,331.04998779296875,323.6099853515625,324.6099853515625,80440900
2025-06-27,AAPL,200.46995544433594,202.60346239871808,199.39323017588663,201.2774955925489,73188600
2025-06-27,AMZN,223.3000030517578,223.3000030517578,216.74000549316406,219.9199981689453,119217100
2025-06-27,GOOGL,178.25387573242188,178.40363764116194,171.46438989107267,173.27158802075178,108140200
2025-06-27,MSFT,493.07568359375,496.4162632322767,490.1824867596744,494.6763704185467,34539200
2025-06-27,NVDA,157.73231506347656,158.69221415352254,155.24258871826237,156.02250005395288,263234500
2025-06-27,TSLA,323.6300048828125,329.3399963378906,317.5,324.510009765625,89067000
2025-06-30,AAPL,204.54754638671875,206.7608124915243,198.6554726965608,201.39712965217615,91912800
2025-06-30,AMZN,219.38999938964844,223.82000732421875,219.1199951171875,223.52000427246094,58887800
2025-06-30,GOOGL,175.95741271972656,180.94967899066734,174.30997094439113,180.5003780733202,63378900
2025-06-30,MSFT,494.5372009277344,497.86785899517616,492.4691970236715,494.1693427257206,28369000
2025-06-30,NVDA,157.97230529785156,158.6422284044636,155.94253394670602,158.38224776867892,194580300
2025-06-30,TSLA,317.6600036621094,325.5799865722656,316.6000061035156,319.8999938964844,76695100
2025-07-01,AAPL,207.18951416015625,209.55231908550664,205.51460310500556,206.04299395149746,78788900
2025-07-01,AMZN,220.4600067138672,221.8800048828125,217.92999267578125,219.5,39256800
2025-07-01,GOOGL,175.56802368164062,175.81763700531283,173.26159900853952,175.46818749328466,35904500
2025-07-01,MSFT,489.2081298828125,495.17347659984546,488.14433277768,493.602615314542,19945400
2025-07-01,NVDA,153.2828369140625,157.18239409932116,151.47304203431221,156.27249233706732,213143600
2025-07-01,TSLA,300.7099914550781,305.8900146484375,293.2099914550781,298.4599914550781,145085700
2025-07-02,AAPL,211.79550170898438,212.6927652029137,207.50854401160626,208.27621224418834,67941800
2025-07-02,AMZN,219.9199981689453,221.60000610351562,219.05999755859375,219.72999572753906,30894200
2025-07-02,GOOGL,178.3636932373047,178.58335417760583,174.79922295185074,175.26848197683447,29128900
2025-07-02,MSFT,488.2536926269531,490.6497772469701,485.87751191483574,487.1600396387865,16319600
2025-07-02,NVDA,157.2323760986328,157.58234297497486,152.95285700312823,152.962850389823,171224100
2025-07-02,TSLA,315.6499938964844,316.8299865722656,303.82000732421875,312.6300048828125,119483700
2025-07-03,AAPL,212.90213012695312,213.9987837940836,211.16740350258758,211.5063683517463,34955800
2025-07-03,AMZN,223.41000366210938,224.00999450683594,221.36000061035156,221.82000732421875,29632400
2025-07-03,GOOGL,179.2523193359375,179.39210218822254,176.7761594232363,178.22391365801445,21689700
2025-07-03,MSFT,495.9589538574219,497.2415119784696,490.59014753996934,490.9580057562307,13984800
2025-07-03,NVDA,159.3221435546875,160.96195919540767,157.7523273944205,158.35225101493015,143716100
2025-07-03,TSLA,315.3500061035156,318.45001220703125,312.760009765625,317.989990234375,58042300
2025-07-07,AAPL,209.3130340576172,215.57398008038285,208.16652910348648,212.03474730839852,50229000
2025-07-07,AMZN,223.47000122070312,224.2899932861328,222.3699951171875,223.0,36604100
2025-07-07,GOOGL,176.5165557861328,179.0226833705182,175.40827199123135,178.78304908898676,34175600
2025-07-07,MSFT,494.84539794921875,495.8694479262707,492.36978876052433,494.50736527479916,13981600
2025-07-07,NVDA,158.22227478027344,159.29214695363126,157.3223664705724,158.18227071828886,140139000
2025-07-07,TSLA,293.94000244140625,296.1499938964844,288.7699890136719,291.3699951171875,131177900
2025-07-08,AAPL,209.3728485107422,210.78853856973336,207.81758380403343,209.46258702266434,42848900
2025-07-08,AMZN,219.36000061035156,224.0,218.42999267578125,223.9199981689453,45692000
2025-07-08,GOOGL,174.09031677246094,177.67476043779465,172.54271112131266,177.5749242496101,40442500
2025-07-08,MSFT,493.7517395019531,495.3226311177228,491.25622643335066,494.36815380384166,11846600
2025-07-08,NVDA,159.98207092285156,160.20204749093682,158.3722507239072,159.31214783171163,138133000
2025-07-08,TSLA,297.80999755859375,304.04998779296875,294.3500061035156,297.0,103246700
2025-07-09,AAPL,210.49942016601562,210.68884615759353,206.5913149088396,208.89430414855983,48749400
2025-07-09,AMZN,222.5399932861328,224.2899932861328,220.47000122070312,221.07000732421875,38155100
2025-07-09,GOOGL,176.34681701660156,179.1624626362242,172.50278095171484,174.97894087050608,43025600
2025-07-09,MSFT,500.6019592285156,503.8530622357068,496.85371365827956,497.41047691930333,18659500
2025-07-09,NVDA,162.86175537109375,164.40157611225678,161.14194686393122,161.20193770023792,183656400
2025-07-09,TSLA,295.8800048828125,300.1499938964844,293.54998779296875,297.54998779296875,75586800
2025-07-10,AAPL,211.7655792236328,212.83232507172787,209.39279496736208,209.87133445003573,44443600
2025-07-10,AMZN,222.25999450683594,222.7899932861328,219.6999969482422,221.5500030517578,30370600
2025-07-10,GOOGL,177.34527587890625,178.15402063985096,174.11029683512743,175.35836349959487,29252400
2025-07-10,MSFT,498.58367919921875,501.52657502305914,494.87521114411277,500.14458849842043,16492100
2025-07-10,NVDA,164.0816192626953,164.48156834124046,161.5918927660757,164.30159583301895,167704100
2025-07-10,TSLA,309.8699951171875,310.4800109863281,300.0,300.04998779296875,104365300
2025-07-11,AAPL,210.51937866210938,211.48643705736623,209.2233196075129,209.931172276849,39765800
2025-07-11,AMZN,225.02000427246094,226.67999267578125,222.3699951171875,223.5800018310547,50518300
2025-07-11,GOOGL,179.91131591796875,181.14938835134018,176.20704719654847,176.51656530489134,34282900
2025-07-11,MSFT,500.4130554199219,502.1131707269345,494.9249170598048,495.59106078877636,16459500
2025-07-11,NVDA,164.90151977539062,167.87118822352508,163.4516852914618,163.70165728031435,193633300
2025-07-11,TSLA,313.510009765625,314.0899963378906,305.6499938964844,307.8900146484375,79236400
2025-07-14,AAPL,207.98707580566406,210.27013683517245,206.91035052542594,209.29309904361602,38840100
2025-07-14,AMZN,225.69000244140625,226.66000366210938,224.24000549316406,225.07000732421875,35702600
2025-07-14,GOOGL,181.2791748046875,183.3859118317051,179.40207776586954,180.7300224544814,32536600
2025-07-14,MSFT,500.1147766113281,501.05930198422453,498.1362796464767,498.6234399223271,12058800
2025-07-14,NVDA,164.05162048339844,165.4714595173457,162.00184716942397,165.35146259057728,136975800
2025-07-14,TSLA,316.8999938964844,322.6000061035156,312.6700134277344,317.7300109863281,78043400
2025-07-15,AAPL,208.4755859375,211.24715053377864,208.28615994072268,208.5852528191871,42296300
2025-07-15,AMZN,226.35000610351562,227.27000427246094,225.4600067138672,226.1999969482422,34907300
2025-07-15,GOOGL,181.718505859375,183.93507346834292,181.31913062189142,182.5272506181519,33448300
2025-07-15,MSFT,502.89862060546875,505.36427783294863,499.88612172349406,500.11477392946824,14927200
2025-07-15,NVDA,170.6808624267578,172.38066881478494,169.18103056842588,171.17081299302788,230627400
2025-07-15,TSLA,310.7799987792969,321.20001220703125,310.5,319.67999267578125,77556300
2025-07-16,AAPL,209.52239990234375,211.75559423754484,208.00700716596054,209.6619745482938,47490500
2025-07-16,AMZN,223.19000244140625,226.10000610351562,222.17999267578125,225.8800048828125,39535900
2025-07-16,GOOGL,182.68701171875,184.04490889196538,181.74846312672318,182.95659839065306,33104200
2025-07-16,MSFT,502.6997375488281,503.7933904598671,498.99129994586445,502.26227638441253,15154400
2025-07-16,NVDA,171.35079956054688,171.73076187811773,168.88107501049606,171.04083672550954,158831500
2025-07-16,TSLA,321.6700134277344,323.5,312.6199951171875,312.79998779296875,97284800
2025-07-17,AAPL,209.38284301757812,211.1574416148312,208.95413964633332,209.93117746335784,48068100
2025-07-17,AMZN,223.8800048828125,224.5,222.50999450683594,223.32000732421875,31855800
2025-07-17,GOOGL,183.29605102539062,183.77530432362263,180.20083982993623,181.85827589550698,31992600
2025-07-17,MSFT,508.7446594238281,510.40499725185873,502.6997578215743,502.75940886082554,17503100
2025-07-17,NVDA,172.98062133789062,174.1404950617398,170.81086624213197,172.00073538495315,160841100
2025-07-17,TSLA,319.4100036621094,324.3399963378906,317.05999755859375,323.1499938964844,73922900
2025-07-18,AAPL,210.53929138183594,211.1474413046512,209.06378582955284,210.23023432823226,48974600
2025-07-18,AMZN,226.1300048828125,226.39999389648438,222.97999572753906,225.13999938964844,37833800
2025-07-18,GOOGL,184.77377319335938,186.1316703490662,183.42587032160213,185.11324367348885,34014500
2025-07-18,MSFT,507.10418701171875,511.6677041033988,504.499323712682,511.50859420333654,21209700
2025-07-18,NVDA,172.39068603515625,174.23047621121117,171.24080573231237,173.62054394819432,146456400
2025-07-18,TSLA,329.6499938964844,330.8999938964844,321.4200134277344,321.6600036621094,94255000
2025-07-21,AAPL,211.83535766601562,215.12534891613055,210.98794558852114,211.45652088357517,51377400
2025-07-21,AMZN,229.3000030517578,229.69000244140625,225.64999389648438,225.83999633789062,40297600
2025-07-21,GOOGL,189.8059844970703,189.99567783258155,185.86208164773134,185.9619330750015,45803100
2025-07-21,MSFT,507.1141052246094,509.132409924825,502.630143381304,503.7834473494323,14066800
2025-07-21,NVDA,171.36080932617188,173.36058531454748,170.9808470061149,172.73065099594356,123126100
2025-07-21,TSLA,328.489990234375,338.0,326.8800048828125,334.3999938964844,75768800
2025-07-22,AAPL,213.74952697753906,214.29786137817433,211.58611235366487,212.49335516085276,46404100
2025-07-22,AMZN,227.47000122070312,230.0,226.35000610351562,229.67999267578125,37483700
2025-07-22,GOOGL,191.04405212402344,191.35357021159422,187.17006365240448,191.20380830960463,44660200
2025-07-22,MSFT,502.3517761230469,508.2475501614973,502.3517761230469,508.01886761548803,13868600
2025-07-22,NVDA,167.01129150390625,171.37080379639445,164.5615689540832,171.32080634495316,193114300
2025-07-22,TSLA,332.1099853515625,335.4100036621094,321.54998779296875,329.739990234375,77370400
2025-07-23,AAPL,213.5002899169922,214.4972560435483,211.76557859278188,214.3477172095632,46989300
2025-07-23,AMZN,228.2899932861328,228.7899932861328,227.08999633789062,228.47000122070312,28294900
2025-07-23,GOOGL,189.93577575683594,192.23222149983224,188.88739669642578,191.20381577219638,58681900
2025-07-23,MSFT,502.9483337402344,503.8630336136484,497.80821016060554,503.8232561388069,16396600
2025-07-23,NVDA,170.7608642578125,171.24080620570157,167.95118153678195,169.511004310231,154082200
2025-07-23,TSLA,332.55999755859375,336.20001220703125,328.6700134277344,330.8999938964844,92553800
2025-07-24,AAPL,213.11148071289062,215.03563331063384,212.8821827557749,213.25105536667797,46022600
2025-07-24,AMZN,232.22999572753906,236.0,228.63999938964844,229.1699981689453,42902300
2025-07-24,GOOGL,191.8727569580078,197.64381545602902,190.70456849752816,196.7252403051011,74881700
2025-07-24,MSFT,507.92938232421875,510.70324664183266,504.370041868975,505.83155299665924,16107000
2025-07-24,NVDA,173.7205352783203,173.81052153075,171.28080627636527,172.42067791171223,128984600
2025-07-24,TSLA,305.29998779296875,310.1499938964844,300.4100036621094,310.0,156966000
2025-07-25,AAPL,213.2311248779297,214.58699944946258,212.7525701732737,214.04862920984866,40268800
2025-07-25,AMZN,231.44000244140625,232.47999572753906,231.17999267578125,232.22000122070312,28712100
2025-07-25,GOOGL,192.88119506835938,194.02942546808288,190.96416662133603,191.68305419336826,39785900
2025-07-25,MSFT,510.74310302734375,515.2966076642933,507.41241445610984,509.51021364184703,19125700
2025-07-25,NVDA,173.48056030273438,174.70042482917586,172.9406275198062,173.59054858813744,122316800
2025-07-25,TSLA,316.05999755859375,323.6300048828125,308.010009765625,308.739990234375,148227000
2025-07-28,AAPL,213.40060424804688,214.19818019857897,212.41360229785764,213.3806606658472,37858000
2025-07-28,AMZN,232.7899932861328,234.2899932861328,232.25,233.35000610351562,26300100
2025-07-28,GOOGL,192.28213500976562,193.7498625541434,190.54482081320737,193.35047209995227,38139500
2025-07-28,MSFT,509.5400390625,512.0256002286585,507.17377997770546,511.110930710653,14308000
2025-07-28,NVDA,176.73019409179688,176.98016607778243,173.9505068282037,174.00050427681666,140023500
2025-07-28,TSLA,325.5899963378906,330.489990234375,315.69000244140625,318.45001220703125,112673800
2025-07-29,AAPL,210.62904357910156,214.1582970701604,210.18041185237743,213.53020352524888,51411700
2025-07-29,AMZN,231.00999450683594,234.72000122070312,230.30999755859375,234.14999389648438,33716200
2025-07-29,GOOGL,195.44723510742188,195.61697034161693,191.78291329403916,192.13236281084488,41389200
2025-07-29,MSFT,509.6096496582031,514.6304711522027,508.60547322287385,512.5525759685828,16469200
2025-07-29,NVDA,175.49032592773438,179.35990260986108,175.00039060425894,177.94006357342778,154077500
2025-07-29,TSLA,321.20001220703125,326.25,318.25,325.54998779296875,87358900
2025-07-30,AAPL,208.415771484375,211.74563469104578,207.0898047125579,211.25711581327238,45512500
2025-07-30,AMZN,230.19000244140625,231.8000030517578,229.2899932861328,231.63999938964844,32993300
2025-07-30,GOOGL,196.2260284423828,197.2943808004953,194.3888780023715,195.2974741739121,32445400
2025-07-30,MSFT,510.2757568359375,512.9701269930791,506.49771598970693,512.1946027794743,26380400
2025-07-30,NVDA,179.2499237060547,179.869849375745,176.0202745228646,176.49022309733303,174312200
2025-07-30,TSLA,319.0400085449219,324.45001220703125,311.6199951171875,322.17999267578125,83931900
2025-07-31,AAPL,206.9402618408203,209.2033639475293,206.5315020865265,207.85746883247032,80698400
2025-07-31,AMZN,234.11000061035156,236.52999877929688,231.39999389648438,235.77000427246094,104357300
2025-07-31,GOOGL,191.60317993164062,195.68686545955075,190.79443520574372,195.40729975764043,51329200
2025-07-31,MSFT,530.4187622070312,552.2420017670738,528.8280273057109,552.0232408256204,51617300
2025-07-31,NVDA,177.85006713867188,183.2794667127293,175.9102820488597,182.87950237318685,221685400
2025-07-31,TSLA,308.2699890136719,321.3699951171875,306.1000061035156,319.6099853515625,85270900
2025-08-01,AAPL,201.76602172851562,212.93203997684435,200.88868661623732,210.23025491744008,104434500
2025-08-01,AMZN,214.75,220.44000244140625,212.8000030517578,217.2100067138672,122258800
2025-08-01,GOOGL,188.8374786376953,190.53484621084553,187.52950724447476,188.73762721302066,34832200
2025-08-01,MSFT,521.0830078125,532.7054950837879,517.8517780654563,531.9101275902764,28977600
2025-08-01,NVDA,173.70053100585938,176.52020701181988,170.8708463561498,174.07048465468185,204529000
2025-08-01,TSLA,302.6300048828125,309.30999755859375,297.82000732421875,306.2099914550781,89121400
2025-08-04,AAPL,202.7330780029297,207.24933356384108,201.06813110178,203.8895472057539,75109300
2025-08-04,AMZN,211.64999389648438,217.44000244140625,211.4199981689453,217.39999389648438,77890100
2025-08-04,GOOGL,194.7383270263672,194.96798225717674,189.82593856567027,189.9956738002762,31547400
2025-08-04,MSFT,532.54638671875,535.141297909759,525.0797515616827,525.218957545317,25349000
2025-08-04,NVDA,179.97982788085938,180.17980241597786,174.500446281802,175.14037394842856,148174600
2025-08-04,TSLA,309.260009765625,312.1199951171875,303.0,309.0799865722656,78683900
2025-08-05,AAPL,202.30438232421875,204.71703873665678,201.5466934780596,202.78292184745098,44155100
2025-08-05,AMZN,213.75,216.3000030517578,212.8699951171875,213.0500030517578,51505100
2025-08-05,GOOGL,194.368896484375,197.55396485726567,193.5901041516216,194.40884314692985,31602300
2025-08-05,MSFT,524.701904296875,534.196734767709,524.194840165689,534.077432699505,19171600
2025-08-05,NVDA,178.24002075195312,180.23979665506658,175.8802845759961,179.59986897635343,156407600
2025-08-05,TSLA,308.7200012207031,312.45001220703125,305.5,308.95001220703125,57961300
2025-08-06,AAPL,212.60302734375,214.72657006985978,204.96626313259566,205.00615029681612,108483100
2025-08-06,AMZN,222.30999755859375,222.64999389648438,213.74000549316406,214.6999969482422,54823000
2025-08-06,GOOGL,195.78671264648438,196.3258859841649,193.3704573812648,194.1991754853375,21562900
2025-08-06,MSFT,521.908203125,528.6291703469228,521.0034855448089,527.8338028961505,21355700
2025-08-06,NVDA,179.39988708496094,179.87982901005608,176.23024423927978,176.31023710297544,137192300
2025-08-06,TSLA,319.9100036621094,320.4700012207031,306.92999267578125,307.8900146484375,78523600
2025-08-07,AAPL,219.3624725341797,220.1799921230299,215.92294217468134,218.21596748517925,90224800
2025-08-07,AMZN,223.1300048828125,226.22000122070312,220.82000732421875,221.0,40603500
2025-08-07,GOOGL,196.21604919433594,197.23446060352177,194.0294340028213,196.75520727948205,26321800
2025-08-07,MSFT,517.8319091796875,525.0400367197672,514.5608717763297,523.757448292983,16079100
2025-08-07,NVDA,180.74974060058594,183.85939259097617,178.77996020998395,181.54965397485878,151878400
2025-08-07,TSLA,322.2699890136719,322.3999938964844,316.1600036621094,319.7900085449219,66658700
2025-08-08,AAPL,228.65420532226562,230.29919347638386,218.58484056145957,220.16004899168945,113854000
2025-08-08,AMZN,222.69000244140625,223.8000030517578,221.8800048828125,223.13999938964844,32970500
2025-08-08,GOOGL,201.10845947265625,202.29662132319493,196.86503299798275,196.9149587094283,39161800
2025-08-08,MSFT,519.0249633789062,521.629826851029,516.4101479520375,519.5817267008259,15531000
2025-08-08,NVDA,182.6795196533203,183.27945850723472,180.3797743894202,181.52965464990967,123396700
2025-08-08,TSLA,329.6499938964844,335.1499938964844,320.9800109863281,321.42999267578125,91200300
2025-08-11,AAPL,226.74781799316406,229.12329528601256,224.3324234952035,227.4864157407103,61806100
2025-08-11,AMZN,221.3000030517578,223.0500030517578,220.39999389648438,221.77999877929688,31646200
2025-08-11,GOOGL,200.68911743164062,201.16837075965444,198.76210983585918,200.62921267003748,25832400
2025-08-11,MSFT,518.7565307617188,524.5429245664681,516.7183220142601,519.2834381856256,20194400
2025-08-11,NVDA,182.0395965576172,183.8193958765311,180.22980182096376,182.02960317073044,138323200
2025-08-11,TSLA,339.0299987792969,346.6400146484375,334.1499938964844,335.0,105320200
2025-08-12,AAPL,229.21310424804688,230.36092560837628,226.63802588155738,227.57622481823222,55626200
2025-08-12,AMZN,221.47000122070312,223.5,219.0500030517578,222.22999572753906,37185800
2025-08-12,GOOGL,203.02549743652344,204.18370696130674,200.27975076589462,201.0585431482033,30397900
2025-08-12,MSFT,526.183349609375,527.9132904806338,519.6811434112465,520.7250669698358,18667000
2025-08-12,NVDA,183.1394805908203,184.4593247511904,179.43989822709233,182.9395060522284,145485700
2025-08-12,TSLA,340.8399963378906,345.260009765625,332.94000244140625,345.0,80522100
2025-08-13,AAPL,232.88612365722656,234.55294488479396,229.99163136972763,230.6304284784954,69878500
2025-08-13,AMZN,224.55999755859375,224.9199981689453,222.0,222.0,36508300
2025-08-13,GOOGL,201.6476287841797,204.21364576160173,197.2044995517677,203.81427054832747,28342900
2025-08-13,MSFT,517.5734252929688,529.6234217995657,516.3703917601634,529.0368026236954,19619200
2025-08-13,NVDA,181.56964111328125,183.9493792108361,179.32990196930365,182.59952443546638,179871700
2025-08-13,TSLA,339.3800048828125,348.9800109863281,338.20001220703125,341.5,67838900
2025-08-14,AAPL,232.33717346191406,234.67271834509882,230.41085227691244,233.61473725595164,51916300
2025-08-14,AMZN,230.97999572753906,233.11000061035156,227.02000427246094,227.39999389648438,61545800
2025-08-14,GOOGL,202.62611389160156,204.12379383237695,200.91875205563483,201.18833871082708,25230400
2025-08-14,MSFT,519.4623413085938,522.9123315064297,517.1358902118243,519.5418962511537,20269100
2025-08-14,NVDA,181.99960327148438,182.99949119039164,179.43989264021437,179.7298534235828,129554000
2025-08-14,TSLA,335.5799865722656,340.4700012207031,330.3999938964844,335.760009765625,75000700
2025-08-15,AAPL,231.1494140625,233.834298979768,228.9036945156081,233.5548328767578,56038700
2025-08-15,AMZN,231.02999877929688,234.0800018310547,229.80999755859375,232.5800018310547,39649200
2025-08-15,GOOGL,203.58462524414062,206.12070520105007,200.96868242883633,203.534714766441,34931400
2025-08-15,MSFT,517.1657104492188,523.0614541020369,516.0820397908819,519.7507304052322,25213300
2025-08-15,NVDA,180.42977905273438,181.87961354108583,178.02004541114613,181.85962676701382,156602200
2025-08-15,TSLA,330.55999755859375,339.29998779296875,327.0199890136719,337.6600036621094,74319800
2025-08-18,AAPL,230.45074462890625,232.67649791960375,229.6722297518056,231.2592012143754,37476200
2025-08-18,AMZN,231.49000549316406,231.91000366210938,228.3300018310547,230.22999572753906,25248900
2025-08-18,GOOGL,203.18524169921875,204.9525082638803,202.17680937496152,203.88415594549542,18526600
2025-08-18,MSFT,514.1134033203125,519.8003983365775,511.0512359172718,518.5775217659684,23760600
2025-08-18,NVDA,181.98959350585938,182.91949719839158,180.56975450061333,180.57976314427117,132008000
2025-08-18,TSLA,335.1600036621094,336.2699890136719,329.5899963378906,329.6199951171875,56956600
2025-08-19,AAPL,230.1213836669922,232.42698672077375,228.9136940815642,230.84001516813981,39402600
2025-08-19,AMZN,228.00999450683594,230.52999877929688,227.1199951171875,230.08999633789062,29891000
2025-08-19,GOOGL,201.25823974609375,203.1253425488118,199.65072931767816,202.7159730378366,24240200
2025-08-19,MSFT,506.8258056640625,512.1846598699071,505.61285057663105,512.0256106523992,21481000
2025-08-19,NVDA,175.6203155517578,182.47954736718557,175.47033846497254,182.4095478886331,185229200
2025-08-19,TSLA,329.30999755859375,340.54998779296875,327.8500061035156,335.7900085449219,75956000
2025-08-20,AAPL,225.5800323486328,230.0315543310328,225.3404986724704,229.54248102593337,42263900
2025-08-20,AMZN,223.80999755859375,227.27000427246094,220.9199981689453,227.1199951171875,36604300
2025-08-20,GOOGL,199.01171875,200.9686786831588,196.29592455953664,200.41952632200108,28955500
2025-08-20,MSFT,502.7991943359375,508.0486982628479,501.52658824278717,506.925219770199,27723000
2025-08-20,NVDA,175.38034057617188,175.9802794498554,168.7810892510499,175.1503706193276,215142700
2025-08-20,TSLA,323.8999938964844,331.3699951171875,314.6000061035156,329.2200012207031,77481800
2025-08-21,AAPL,224.47213745117188,226.08906587116957,223.3542730460458,225.8395414786139,30621200
2025-08-21,AMZN,221.9499969482422,222.77999877929688,220.5,222.64999389648438,32140500
2025-08-21,GOOGL,199.44105529785156,202.1668286588479,199.12154291514705,199.44105529785156,19774600
2025-08-21,MSFT,502.15185546875,505.5278315490841,500.6381609615915,501.6041452591809,18443300
2025-08-21,NVDA,174.96038818359375,176.88017120538285,173.79052111986658,174.83041312567687,140040900
2025-08-21,TSLA,320.1099853515625,324.8999938964844,318.67999267578125,322.0799865722656,55744400
2025-08-22,AAPL,227.3267059326172,228.65417758009713,224.98118568943215,225.73973438952316,42477800
2025-08-22,AMZN,228.83999633789062,229.13999938964844,220.82000732421875,222.7899932861328,37315300
2025-08-22,GOOGL,205.771240234375,208.21744781149425,200.98865555430208,202.41643648326647,42827000
2025-08-22,MSFT,505.1295166015625,508.6150227226763,500.32946944945456,502.1618461633245,24324200
2025-08-22,NVDA,177.97006225585938,178.56998587344157,171.18081451068767,172.59066018618677,172789400
2025-08-22,TSLA,340.010009765625,340.25,319.69000244140625,321.6600036621094,94016300
2025-08-25,AAPL,226.7278594970703,228.86378779922748,225.79962078901826,226.0491451945495,30983100
2025-08-25,AMZN,227.94000244140625,229.60000610351562,227.30999755859375,227.35000610351562,22633700
2025-08-25,GOOGL,208.1675262451172,210.19438514977915,204.9624845680577,206.11069972619865,29928900
2025-08-25,MSFT,502.17181396484375,506.0855321115255,502.0323791323648,504.5319946732823,21638600
2025-08-25,NVDA,179.78985595703125,181.88962682620624,176.5502286534902,178.33002804439553,163012800
2025-08-25,TSLA,346.6000061035156,349.5299987792969,335.0299987792969,338.8999938964844,86670000
2025-08-26,AAPL,228.87376403808594,229.0534295301293,224.26255788237486,226.43840339540802,54575100
2025-08-26,AMZN,228.7100067138672,229.0,226.02000427246094,227.11000061035156,26105400
2025-08-26,GOOGL,206.81961059570312,207.52851912382437,205.3818354433132,207.18903343187435,28464100
2025-08-26,MSFT,499.96099853515625,502.88882606141556,496.4456179190968,502.2713680297872,30835700
2025-08-26,NVDA,181.7496337890625,182.36955942503778,178.78995879531527,180.0398187111229,168688200
2025-08-26,TSLA,351.6700134277344,351.8999938964844,343.7200012207031,344.92999267578125,76651600
2025-08-27,AAPL,230.05152893066406,230.46073738560713,227.82576024347395,228.17510050695543,31259500
2025-08-27,AMZN,229.1199951171875,229.8699951171875,227.80999755859375,228.57000732421875,21254500
2025-08-27,GOOGL,207.15908813476562,208.58688428789492,205.3319167524022,205.38184246485358,23022900
2025-08-27,MSFT,504.6415100097656,505.1892506185915,497.82983904056124,499.9211487290224,17277900
2025-08-27,NVDA,181.57965087890625,182.46955051009175,179.07993109949993,181.95959791056248,235518900
2025-08-27,TSLA,349.6000061035156,355.3900146484375,349.1600036621094,351.94000244140625,65519000
2025-08-28,AAPL,232.11758422851562,232.9659733126178,228.90370861616245,230.3809040856524,38074700
2025-08-28,AMZN,231.60000610351562,232.7100067138672,228.02000427246094,229.00999450683594,33679600
2025-08-28,GOOGL,211.31265258789062,211.8917573213033,206.57997853322107,206.92944327697995,32339300
2025-08-28,MSFT,507.5295104980469,508.9734875719172,503.4066403395377,504.9900522378754,18015600
2025-08-28,NVDA,180.14981079101562,184.44933204343067,176.39023757757423,180.79974711518173,281787800
2025-08-28,TSLA,345.9800109863281,353.54998779296875,340.260009765625,350.9100036621094,67903200
2025-08-29,AAPL,231.69837951660156,232.9360260407387,230.92984008944924,232.0676707602769,39418400
2025-08-29,AMZN,229.0,231.80999755859375,228.16000366210938,231.32000732421875,26199200
2025-08-29,GOOGL,212.58070373535156,214.31800279201352,209.87488848734807,210.1844065843309,39728400
2025-08-29,MSFT,504.59173583984375,507.4896888132377,502.40083415821226,506.5535790393771,20961600
2025-08-29,NVDA,174.1604766845703,178.130033086625,173.13059331145078,178.09004428153852,243257900
2025-08-29,TSLA,333.8699951171875,348.75,331.70001220703125,347.2300109863281,81145700
2025-09-02,AAPL,229.28298950195312,230.4108447009183,226.53822101083426,228.81388239599917,44075600
2025-09-02,AMZN,225.33999633789062,226.1699981689453,221.8300018310547,223.52000427246094,38843900
2025-09-02,GOOGL,211.0231170654297,211.3525932568575,205.88107328271496,208.11761422314743,47523000
2025-09-02,MSFT,503.0282287597656,503.90458943006223,494.75264396148896,498.3974910813857,18128000
2025-09-02,NVDA,170.7608642578125,172.36069109354864,167.20126556823303,169.980952871088,231164900
2025-09-02,TSLA,329.3599853515625,333.3299865722656,325.6000061035156,328.2300109863281,58392000
2025-09-03,AAPL,238.01634216308594,238.395624134605,233.9141603097862,236.75874463665696,66427800
2025-09-03,AMZN,225.99000549316406,227.1699981689453,224.36000061035156,225.2100067138672,29223100
2025-09-03,GOOGL,230.30325317382812,230.95224175670688,224.4423216543269,225.86013881710127,103336100
2025-09-03,MSFT,503.2572937011719,505.68719181229375,500.2398424947412,501.70375627159575,16345100
2025-09-03,NVDA,170.60089111328125,172.3906992342715,168.86109570238054,171.0408442884315,164424900
2025-09-03,TSLA,334.0899963378906,343.3299865722656,328.510009765625,335.20001220703125,88733300
2025-09-04,AAPL,239.3238525390625,239.4436193831587,236.28964239378743,237.9963808412042,47549400
2025-09-04,AMZN,235.67999267578125,235.77000427246094,230.77999877929688,231.19000244140625,59391800
2025-09-04,GOOGL,231.94070434570312,232.01058815431742,225.76027598883607,229.2947939629136,51684200
2025-09-04,MSFT,505.866455078125,506.04570238922344,501.0664078062513,502.2116394820944,15509500
2025-09-04,NVDA,171.64077758789062,171.8407521362954,169.39102958990665,170.55090333056648,141670100
2025-09-04,TSLA,338.5299987792969,338.8900146484375,331.4800109863281,336.1499938964844,60711000
2025-09-05,AAPL,239.2340087890625,240.86091270031892,238.03629475202086,239.54341659874092,54870400
2025-09-05,AMZN,232.3300018310547,236.0,231.92999267578125,235.19000244140625,36721800
2025-09-05,GOOGL,234.63653564453125,235.39535470067108,231.5413241866342,231.84086323662245,46588900
2025-09-05,MSFT,492.9501647949219,509.8498918622262,490.3310509759443,506.9619070760115,31994800
2025-09-05,NVDA,167.0012969970703,169.0110663720669,164.05163046676552,168.01117837826322,224441400
2025-09-05,TSLA,350.8399963378906,355.8699951171875,344.67999267578125,348.0,108989800
2025-09-08,AAPL,237.42745971679688,239.69313028194867,235.89038089866295,238.84475646782593,48999500
2025-09-08,AMZN,235.83999633789062,237.60000610351562,233.75,234.94000244140625,33947100
2025-09-08,GOOGL,233.8870086669922,237.97434675109136,233.5172554040335,235.31608185012894,32474700
2025-09-08,MSFT,496.13690185546875,499.1244784694731,492.9800158612091,496.04724781279185,16771000
2025-09-08,NVDA,168.2911376953125,170.940849905597,167.33125381142952,167.53122834914853,163769100
2025-09-08,TSLA,346.3999938964844,358.44000244140625,344.8399963378906,354.6400146484375,75208300
2025-09-09,AAPL,233.9041748046875,238.3257397896772,232.9160527142261,236.54912730927947,66313900
2025-09-09,AMZN,238.24000549316406,238.85000610351562,235.0800018310547,236.36000061035156,27033800
2025-09-09,GOOGL,239.47335815429688,240.3128053844981,233.07753270088136,234.0169206603603,38061000
2025-09-09,MSFT,496.3460388183594,500.17013335375145,495.6389875077243,499.3535217605099,14410500
2025-09-09,NVDA,170.74085998535156,170.96083655380463,166.7213214317911,169.0710489481518,157548400
2025-09-09,TSLA,346.9700012207031,350.7699890136719,343.82000732421875,348.44000244140625,53816000
2025-09-10,AAPL,226.35855102539062,231.97784546194652,225.52015268533836,231.7482872752143,83440800
2025-09-10,AMZN,230.3300018310547,237.67999267578125,229.10000610351562,237.52000427246094,60907700
2025-09-10,GOOGL,239.01365661621094,241.50203443312756,237.6945274082077,238.74382884116824,35141100
2025-09-10,MSFT,498.29791259765625,501.1460848531792,494.6630336933239,500.8971201283455,21611800
2025-09-10,NVDA,177.3101348876953,179.26990675759993,175.45034266016896,176.62020974984335,226852000
2025-09-10,TSLA,347.7900085449219,356.3299865722656,346.07000732421875,350.54998779296875,72121700
2025-09-11,AAPL,229.59239196777344,230.01159113632517,226.21881717306923,226.44839058875493,50208600
2025-09-11,AMZN,229.9499969482422,231.52999877929688,229.33999633789062,231.49000549316406,37485600
2025-09-11,GOOGL,240.21287536621094,242.09165136894262,236.09557331646107,239.7232054178332,30599300
2025-09-11,MSFT,498.9352722167969,501.08633106619584,495.8182290284252,500.17012751524385,18881600
2025-09-11,NVDA,177.16014099121094,180.26996857097555,176.4701769393558,179.66999584989978,151159300
2025-09-11,TSLA,368.80999755859375,368.989990234375,347.6000061035156,350.1700134277344,103756000
2025-09-12,AAPL,233.62472534179688,234.0638755168574,228.58432913969838,228.78394562468256,55824200
2025-09-12,AMZN,228.14999389648438,230.7899932861328,226.2899932861328,230.35000610351562,38496200
2025-09-12,GOOGL,240.64259338378906,241.92175543476245,237.84442067897936,240.21286654309478,26771600
2025-09-12,MSFT,507.7884521484375,510.42747218178897,501.7635178992086,504.55191069082485,23624900
2025-09-12,NVDA,177.8101043701172,178.59005971058946,176.44017029123495,177.76010410307373,124911000
2025-09-12,TSLA,395.94000244140625,396.69000244140625,370.239990234375,370.94000244140625,168156400
2025-09-15,AAPL,236.24969482421875,237.7368657054393,234.58287368836292,236.54912714503797,42699500
2025-09-15,AMZN,231.42999267578125,233.72999572753906,230.32000732421875,230.6300048828125,33243300
2025-09-15,GOOGL,251.44552612304688,252.24500622225327,244.5000723057695,244.5000723057695,58383800
2025-09-15,MSFT,513.225830078125,513.3353599697668,504.9004642300766,506.68306017742736,17143800
2025-09-15,NVDA,177.74009704589844,178.84004186496986,174.50027206258352,175.66021109761542,147061600
2025-09-15,TSLA,410.0400085449219,425.70001220703125,402.42999267578125,423.1300048828125,163823700
2025-09-16,AAPL,237.6969451904297,240.76111223381088,235.87043992435724,236.72878926810645,63421100
2025-09-16,AMZN,234.0500030517578,235.89999389648438,232.22999572753906,232.94000244140625,38203900
2025-09-16,GOOGL,250.99581909179688,252.87457975705254,249.30692141357196,251.91521585326547,34109700
2025-09-16,MSFT,506.9320068359375,515.0880630075219,506.4938265025834,514.7395367165727,19711900
2025-09-16,NVDA,174.87026977539062,177.49011904437822,174.37029760906842,176.99014687805604,140737800
2025-09-16,TSLA,421.6199951171875,423.25,411.42999267578125,414.5,104285700
2025-09-17,AAPL,238.5353546142578,239.6432435766681,237.27774187166392,238.5153883976145,46508000
2025-09-17,AMZN,231.6199951171875,234.3000030517578,228.7100067138672,233.77000427246094,42815200
2025-09-17,GOOGL,249.36688232421875,251.43553649547647,246.11900683222018,251.0557800198683,34108000
2025-09-17,MSFT,507.9079284667969,509.1726886784055,503.8348693472275,508.5054498653079,15816600
2025-09-17,NVDA,170.280517578125,173.1903593144249,168.40063256525568,172.63039291663662,211843800
2025-09-17,TSLA,425.8599853515625,428.30999755859375,409.6700134277344,415.75,106133500
2025-09-18,AAPL,237.42745971679688,240.74113579799257,236.199788714976,239.5134800259323,44249600
2025-09-18,AMZN,231.22999572753906,233.47999572753906,228.7899932861328,232.5,37931700
2025-09-18,GOOGL,251.86524963378906,253.82397511354577,249.6367116291099,251.51547232528497,31239500
2025-09-18,MSFT,506.3444519042969,510.9453149965379,505.55771489166153,509.37184097126715,18913700
2025-09-18,NVDA,176.23019409179688,177.09014682532762,172.95037791227023,173.9703101424577,191763300
2025-09-18,TSLA,416.8500061035156,432.2200012207031,416.55999755859375,428.8699951171875,90454500
2025-09-19,AAPL,245.032958984375,245.83144010441063,239.7530294205925,240.77107799962133,163741300
2025-09-19,AMZN,231.47999572753906,234.16000366210938,229.6999969482422,232.3699951171875,97943200
2025-09-19,GOOGL,254.55349731445312,255.83265939150547,251.64539584681071,253.08445699569828,55571400
2025-09-19,MSFT,515.78515625,517.1494779837726,508.1967168320822,508.44568153944795,52474100
2025-09-19,NVDA,176.66015625,178.07008136373162,175.17023376194967,175.7602124903078,237182100
2025-09-19,TSLA,426.07000732421875,429.4700012207031,421.7200012207031,421.82000732421875,93131000
2025-09-22,AAPL,255.5928192138672,256.15178189089505,247.64797087114997,247.82763635806887,105517400
2025-09-22,AMZN,227.6300048828125,230.57000732421875,227.50999450683594,230.55999755859375,45914500
2025-09-22,GOOGL,252.36492919921875,255.6128047936517,250.13639113793755,254.2636811395151,32290500
2025-09-22,MSFT,512.319580078125,515.5959337012963,510.4174557013089,513.4548737162081,20009300
2025-09-22,NVDA,183.5997772216797,184.53972732383275,174.70027887607205,175.29024236301854,269637000
2025-09-22,TSLA,434.2099914550781,444.9800109863281,429.1300048828125,431.1099853515625,97108800
2025-09-23,AAPL,253.9459686279297,256.8504363399061,253.0975947938589,255.39322235208516,60275200
2025-09-23,AMZN,220.7100067138672,227.86000061035156,220.07000732421875,227.8300018310547,70956200
2025-09-23,GOOGL,251.49549865722656,254.1937306726042,250.31626206974443,252.8745862102155,26628000
2025-09-23,MSFT,507.1212463378906,512.4590659268906,505.2091838485409,511.67229848312854,19799600
2025-09-23,NVDA,178.42005920410156,182.409842567533,176.20019683221489,181.9598706713119,192559600
2025-09-23,TSLA,425.8500061035156,440.9700012207031,423.7200012207031,439.8800048828125,83422700
2025-09-24,AAPL,251.8300018310547,255.2534845023776,250.56241362070242,254.73446948849343,42303700
2025-09-24,AMZN,220.2100067138672,224.55999755859375,219.4499969482422,224.14999389648438,49509000
2025-09-24,GOOGL,246.97845458984375,252.18505574615793,246.2789151995329,251.49550432970327,28201000
2025-09-24,MSFT,508.0373840332031,510.35772177145367,504.82077941210207,508.26644250853604,13533700
2025-09-24,NVDA,176.96014404296875,179.76998508551358,175.39022416770254,179.75999113536878,143564100
2025-09-24,TSLA,442.7900085449219,444.2099914550781,429.0299987792969,429.8299865722656,93133600
2025-09-25,AAPL,256.3813171386719,256.6807646844572,251.2311452680336,252.72829161839874,55202100
2025-09-25,AMZN,218.14999389648438,220.6699981689453,216.47000122070312,220.05999755859375,52226300
2025-09-25,GOOGL,245.6293182373047,246.32887284028934,240.58263166512353,244.24022750230412,31020400
2025-09-25,MSFT,504.9303283691406,507.89799878212006,502.94857891661616,506.1950582100621,15786500
2025-09-25,NVDA,177.68011474609375,180.24996380236055,173.12037093203185,174.47028665549124,191586700
2025-09-25,TSLA,423.3900146484375,435.3500061035156,419.0799865722656,435.239990234375,96746400
2025-09-26,AAPL,254.97401428222656,257.10994249251326,253.2972024297037,253.61660096533106,46076300
2025-09-26,AMZN,219.77999877929688,221.0500030517578,218.02000427246094,219.0800018310547,41650100
2025-09-26,GOOGL,246.3788299560547,249.25695217808112,245.80921049475367,246.90849752367055,18503200
2025-09-26,MSFT,509.34197998046875,511.8117209714621,504.52202659403474,507.94778361103766,16213100
2025-09-26,NVDA,178.18008422851562,179.75999811527313,174.920255917913,178.16008106951017,148573700
2025-09-26,TSLA,440.3999938964844,440.4700012207031,421.0199890136719,428.29998779296875,101628200
2025-09-29,AAPL,253.9459686279297,254.5148915782133,252.52867184357527,254.0757261912774,40127700
2025-09-29,AMZN,222.1699981689453,222.60000610351562,219.3000030517578,220.0800018310547,44259200
2025-09-29,GOOGL,243.89047241210938,250.98582213384148,242.61131034259105,247.6879914773483,32505800
2025-09-29,MSFT,512.4689331054688,514.7096154882738,506.77264973451184,509.3817950243417,17617800
2025-09-29,NVDA,181.8398895263672,183.98976381560166,180.30997586310093,180.4199550960203,193063500
2025-09-29,TSLA,443.2099914550781,450.9800109863281,439.5,444.3500061035156,79491500
2025-09-30,AAPL,254.14559936523438,255.4331385813304,252.6284867333586,254.37515755125318,37704300
2025-09-30,AMZN,219.57000732421875,222.24000549316406,217.88999938964844,222.02999877929688,48396400
2025-09-30,GOOGL,242.94110107421875,243.13096406959585,239.09361157011617,242.65128209661555,34724300
2025-09-30,MSFT,515.8051147460938,516.0142062084105,507.54943619028296,511.11459757878936,19728200
2025-09-30,NVDA,186.56961059570312,187.3395719841704,181.4698885277926,182.06986121505474,236981000
2025-09-30,TSLA,444.7200012207031,445.0,433.1199951171875,441.5199890136719,74358000
2025-10-01,AAPL,254.9640350341797,258.29769267334166,254.44502000530687,254.55481135314994,48713900
2025-10-01,AMZN,220.6300048828125,222.14999389648438,216.61000061035156,217.36000061035156,43933800
2025-10-01,GOOGL,244.7399139404297,246.13900797357311,238.45403213601972,240.59263270567308,31658200
2025-10-01,MSFT,517.557861328125,518.3545363078492,509.5710533372991,512.6681599915194,22632300
2025-10-01,NVDA,187.22958374023438,188.12952754318238,183.88975804814035,185.22969505995906,173844900
2025-10-01,TSLA,459.4599914550781,462.2900085449219,440.75,443.79998779296875,98122300
2025-10-02,AAPL,256.6408386230469,257.68882891050583,253.66649683440303,256.09186667190835,42630200
2025-10-02,AMZN,222.41000366210938,222.80999755859375,218.9499969482422,221.00999450683594,41258600
2025-10-02,GOOGL,245.52940368652344,246.64866670301694,242.14162021805868,244.98974812584623,25483300
2025-10-02,MSFT,513.604248046875,519.439966484546,508.5652045551738,515.496404228155,21222900
2025-10-02,NVDA,188.87948608398438,191.0393695238543,188.04953044946197,189.5894532800495,136805800
2025-10-02,TSLA,436.0,470.75,435.57000732421875,470.5400085449219,137009000
2025-10-03,AAPL,257.5291442871094,258.7468246365968,253.46689477740222,254.18552630266564,49155600
2025-10-03,AMZN,219.50999450683594,224.1999969482422,219.33999633789062,223.44000244140625,43639000
2025-10-03,GOOGL,245.1896209716797,246.138996907564,241.5020306823554,244.33018254314118,30249600
2025-10-03,MSFT,515.20751953125,518.3345307125708,512.8672756929882,514.9585548343116,15112300
2025-10-03,NVDA,187.6095428466797,190.34939569471342,185.36967740169,189.1794627061203,137596900
2025-10-03,TSLA,429.8299865722656,446.7699890136719,416.5799865722656,443.2900085449219,133188200
2025-10-06,AAPL,256.2016906738281,258.5771679771474,254.56481112131073,257.49920544747016,44664100
2025-10-06,AMZN,220.89999389648438,221.72999572753906,216.02999877929688,221.0,43690900
2025-10-06,GOOGL,250.26629638671875,251.1557292673991,244.42012945214807,244.61999567020933,28894700
2025-10-06,MSFT,526.3811645507812,528.8309994124726,516.0541122577388,516.4623876768178,21388600
2025-10-06,NVDA,185.5296630859375,187.21957143407985,183.31979467524326,185.48967202648717,157678100
2025-10-06,TSLA,453.25,453.54998779296875,436.69000244140625,440.75,85324900
2025-10-07,AAPL,255.99208068847656,256.91031341337026,254.94405994391948,256.3214394907812,31955800
2025-10-07,AMZN,221.77999877929688,222.88999938964844,220.1699981689453,220.8800048828125,31194700
2025-10-07,GOOGL,245.59934997558594,250.27629875611288,245.35951661425605,248.10771903747053,23181300
2025-10-07,MSFT,521.8101196289062,527.6060256392368,519.2806599401652,526.1022689962125,14615200
2025-10-07,NVDA,185.02969360351562,189.0494741147918,183.9897582054133,186.21962980709273,140088000
2025-10-07,TSLA,433.0899963378906,452.67999267578125,432.45001220703125,447.82000732421875,102296100
2025-10-08,AAPL,257.5690612792969,258.0281776413904,255.62275879770374,256.03198246417537,36496900
2025-10-08,AMZN,225.22000122070312,226.72999572753906,221.19000244140625,222.9199981689453,46686000
2025-10-08,GOOGL,244.46009826660156,245.84918907751907,243.66063338889384,244.79988761332393,21307100
2025-10-08,MSFT,522.676513671875,524.7678538085896,520.923853084141,521.1130687043808,13363400
2025-10-08,NVDA,189.09947204589844,189.58945025835604,186.52960780500513,186.55962017208088,130168900
2025-10-08,TSLA,438.69000244140625,441.3299865722656,425.2300109863281,437.57000732421875,71192100
2025-10-09,AAPL,253.55670166015625,257.50917476461467,252.65841993311406,257.3195337882977,38322000
2025-10-09,AMZN,227.74000549316406,228.2100067138672,221.75,225.0,46412100
2025-10-09,GOOGL,241.3721160888672,244.60000044134677,238.99366696134817,244.3101967172578,27892100
2025-10-09,MSFT,520.2366943359375,522.158694647609,515.2574000210162,520.1769452354545,18343600
2025-10-09,NVDA,192.5592803955078,195.28912405123697,191.04935474353755,192.21928773885006,182997200
2025-10-09,TSLA,435.5400085449219,436.3500061035156,426.17999267578125,431.80999755859375,69339900
2025-10-10,AAPL,244.80340576171875,255.8922708493858,243.53581752909898,254.45500785015722,61999100
2025-10-10,AMZN,216.3699951171875,228.25,216.0,226.2100067138672,72367500
2025-10-10,GOOGL,236.4153594970703,243.93043262992407,235.6858257251368,241.27216783484693,33180300
2025-10-10,MSFT,508.84405517578125,521.4118200258811,507.5195762105422,517.4881335274953,24133800
2025-10-10,NVDA,183.14981079101562,195.6091088464203,182.0398719523004,193.49922565779727,268774400
2025-10-10,TSLA,413.489990234375,443.1300048828125,411.45001220703125,436.5400085449219,112107900
2025-10-13,AAPL,247.18885803222656,249.2149949644775,245.09284695690994,248.90558714178317,38142900
2025-10-13,AMZN,220.07000732421875,220.67999267578125,217.0399932861328,217.6999969482422,37809700
2025-10-13,GOOGL,243.9904022216797,244.34017953936018,239.55331729181,240.05299046060216,24995000
2025-10-13,MSFT,511.9212341308594,514.2714464494894,509.56105349845876,514.2714464494894,14284200
2025-10-13,NVDA,188.3095245361328,190.09941818271824,185.94965529464977,187.9595379156231,153482800
2025-10-13,TSLA,435.8999938964844,436.8900146484375,419.70001220703125,423.5299987792969,79552800
2025-10-14,AAPL,247.29864501953125,248.37659224814226,244.23447809703134,246.13087266264282,35478000
2025-10-14,AMZN,216.38999938964844,219.32000732421875,212.60000610351562,215.55999755859375,45665600
2025-10-14,GOOGL,245.28955078125,246.95845730298234,240.35277752895155,241.07230809804528,22111600
2025-10-14,MSFT,511.4432373046875,513.1461778212379,503.9045785101632,508.11707238992415,14684300
2025-10-14,NVDA,180.0199737548828,184.78971240822688,179.68999030007896,184.75971529942103,205641400
2025-10-14,TSLA,429.239990234375,434.20001220703125,417.8599853515625,426.7900085449219,72669400
2025-10-15,AAPL,248.8656463623047,251.3409393203658,246.99920876557604,249.01537013681215,33893600
2025-10-15,AMZN,215.57000732421875,217.7100067138672,212.66000366210938,216.6199951171875,45909500
2025-10-15,GOOGL,250.86590576171875,251.94520161834686,245.82920701293574,247.0883778879278,27007700
2025-10-15,MSFT,511.3038024902344,515.0482414945574,507.888013925759,512.8274957075639,14694700
2025-10-15,NVDA,179.8199920654297,184.85970481354866,177.2801249034248,184.7897166440438,214450500
2025-10-15,TSLA,435.1499938964844,440.510009765625,426.3299865722656,434.8999938964844,71558200
2025-10-16,AAPL,246.979248046875,248.56621957555782,244.66366953460536,247.7777291727393,39777000
2025-10-16,AMZN,214.47000122070312,218.58999633789062,212.80999755859375,215.6699981689453,42414600
2025-10-16,GOOGL,251.29562377929688,256.79201310331337,249.93651222042618,251.60541868813706,27997200
2025-10-16,MSFT,509.4913330078125,514.7096236704256,506.02576365101777,510.4573477017149,15559600
2025-10-16,NVDA,181.7998809814453,183.26980040587233,179.76000120804414,182.21985578014733,179723300
2025-10-16,TSLA,428.75,439.3500061035156,421.30999755859375,434.7300109863281,77189900
2025-10-17,AAPL,251.81002807617188,252.89796599708643,246.79958926324147,247.5481624372989,49147000
2025-10-17,AMZN,213.0399932861328,214.8000030517578,211.02999877929688,214.55999755859375,45986900
2025-10-17,GOOGL,253.13442993164062,254.05382673080507,247.64801305801078,250.59608169913423,29671600
2025-10-17,MSFT,511.4532470703125,513.3453425707617,505.2091921192977,506.93203901166436,19867800
2025-10-17,NVDA,183.20980834960938,184.08976427610557,179.74000017155936,180.16996892604442,173135200
2025-10-17,TSLA,439.30999755859375,441.4599914550781,423.6000061035156,425.5,89331600
2025-10-20,AAPL,261.7411193847656,263.87706298772724,255.14370850365398,255.4032084113237,90483000
2025-10-20,AMZN,216.47999572753906,216.69000244140625,213.58999633789062,213.8800048828125,38882800
2025-10-20,GOOGL,256.3822937011719,257.1617826336821,254.06381810029453,254.52352413042843,22350200
2025-10-20,MSFT,514.6498413085938,516.5519656323323,511.30377036778043,512.4788764440519,14665600
2025-10-20,NVDA,182.6298370361328,185.18969215276272,181.71988400794234,183.1198152646831,128544700
2025-10-20,TSLA,447.42999267578125,449.79998779296875,440.6099853515625,443.8699951171875,63719000
2025-10-21,AAPL,262.2701110839844,264.7853366806196,261.33189684706855,261.38182000576944,46695900
2025-10-21,AMZN,222.02999877929688,223.32000732421875,217.99000549316406,218.42999267578125,50494600
2025-10-21,GOOGL,250.29627990722656,254.71338870395212,243.99039197294186,254.5734808325197,47312100
2025-10-21,MSFT,515.5162963867188,516.5420602391357,510.91543308707116,515.3569857054445,15586200
2025-10-21,NVDA,181.14991760253906,182.77981647710283,179.78999271004406,182.77981647710283,124240200
2025-10-21,TSLA,442.6000061035156,449.29998779296875,442.04998779296875,445.760009765625,54412200
2025-10-22,AAPL,257.9583435058594,262.349966966352,254.94406918261987,262.15033525743416,45015300
2025-10-22,AMZN,217.9499969482422,220.00999450683594,216.52000427246094,219.3000030517578,44308500
2025-10-22,GOOGL,251.52548217773438,256.19241249616164,249.12704181794433,254.20372304336274,35029400
2025-10-22,MSFT,518.3843994140625,523.0549803520576,515.5661623300699,518.9919195722497,18962700
2025-10-22,NVDA,180.26995849609375,183.42978616900905,176.7501502622395,181.1299112106735,162249600
2025-10-22,TSLA,438.9700012207031,445.5400085449219,429.0,443.45001220703125,84023500
2025-10-23,AAPL,259.0861511230469,260.12418111371363,257.51916110368444,259.4454820834593,32754900
2025-10-23,AMZN,221.08999633789062,221.3000030517578,218.17999267578125,219.0,31540000
2025-10-23,GOOGL,252.91456604003906,254.8732762688867,251.68537434804077,252.81462530948346,19901400
2025-10-23,MSFT,518.404296875,521.7802730707533,516.4623598997719,520.2964530626382,14023500
2025-10-23,NVDA,182.1498565673828,183.01980322210497,179.7799782111653,180.40994799999942,111363700
2025-10-23,TSLA,448.9800109863281,449.3999938964844,413.8999938964844,420.0,126709800
2025-10-24,AAPL,262.32000732421875,263.6275126875418,258.68691759501684,260.69310343226954,38253700
2025-10-24,AMZN,224.2100067138672,225.39999389648438,221.89999389648438,221.97000122070312,38685100
2025-10-24,GOOGL,259.7501220703125,261.5089509442133,255.1531226659378,256.412278354529,28655100
2025-10-24,MSFT,521.441650390625,523.1744351060786,518.5536961256696,520.6250388201142,15532400
2025-10-24,NVDA,186.24961853027344,187.45955783835475,183.48977777431884,183.8297551720498,131296700
2025-10-24,TSLA,433.7200012207031,451.67999267578125,430.1700134277344,446.8299865722656,94727800
2025-10-27,AAPL,268.2986145019531,268.60802232244004,264.1465248140549,264.37609822840903,44888200
2025-10-27,AMZN,226.97000122070312,228.39999389648438,225.5399932861328,227.66000366210938,38267000
2025-10-27,GOOGL,269.0939636230469,269.9634205104271,264.10723541197956,264.6468909460984,35235200
2025-10-27,MSFT,529.3189697265625,532.3662956890146,526.819354031342,529.577902779321,18734700
2025-10-27,NVDA,191.47933959960938,191.98930570001696,188.41949722334647,189.979423148828,153452700
2025-10-27,TSLA,452.4200134277344,460.1600036621094,438.69000244140625,439.9800109863281,105867500
2025-10-28,AAPL,268.4882507324219,269.3765722048576,267.63986169210665,268.4782600095115,41534800
2025-10-28,AMZN,229.25,231.49000549316406,226.2100067138672,228.22000122070312,47100000
2025-10-28,GOOGL,267.295166015625,270.5530448339537,266.3257988486908,269.5137161039883,29738600
2025-10-28,MSFT,539.8252563476562,551.4269763883988,538.5306518978505,547.7224103521172,29986700
2025-10-28,NVDA,201.01881408691406,203.1386912540773,191.89932637827522,193.03926234185508,297986200
2025-10-28,TSLA,460.54998779296875,467.0,451.6000061035156,454.7799987792969,80185700
2025-10-29,AAPL,269.1869201660156,270.8936584399069,266.6018207191691,268.76770579477784,51086700
2025-10-29,AMZN,230.3000030517578,232.82000732421875,227.75999450683594,231.6699981689453,52036200
2025-10-29,GOOGL,274.3905334472656,275.1600191542769,267.49504976173847,267.57498405043395,43580300
2025-10-29,MSFT,539.307373046875,544.0078586434945,534.507325873603,542.6833492925585,36023000
2025-10-29,NVDA,207.02847290039062,212.1781954922272,204.76860414707738,207.96842303697136,308829600
2025-10-29,TSLA,461.510009765625,465.70001220703125,452.6499938964844,462.5,67983500
2025-10-30,AAPL,270.8836669921875,273.6184749716116,267.969239224885,271.4725408872279,69886500
2025-10-30,AMZN,222.86000061035156,228.44000244140625,222.75,227.05999755859375,102252900
2025-10-30,GOOGL,281.2960205078125,291.3993974290424,279.87693527724974,291.3993974290424,74876000
2025-10-30,MSFT,523.582763671875,532.7545848667123,519.9578228356851,528.2831883129468,41023100
2025-10-30,NVDA,202.8787078857422,206.1485301715792,201.39879452489242,205.1385766163601,178864400
2025-10-30,TSLA,440.1000061035156,455.05999755859375,439.6099853515625,451.04998779296875,72447900
2025-10-31,AAPL,269.85565185546875,276.79244258078194,268.647962249571,276.4630533049319,86167100
2025-10-31,AMZN,244.22000122070312,250.5,243.97999572753906,250.10000610351562,166340800
2025-10-31,GOOGL,281.0061950683594,285.81304844327684,276.8489107040144,283.02486366213384,39267900
2025-10-31,MSFT,515.6656494140625,527.1279940743384,512.9668501497666,526.6898137654194,34006400
2025-10-31,NVDA,202.47872924804688,207.95841980607935,202.05875446792163,206.43850017947892,179802200
2025-10-31,TSLA,456.55999755859375,458.0,443.69000244140625,446.75,83135800
2025-11-03,AAPL,268.53814697265625,270.33474092754267,265.74348587775046,269.90556627002525,50194600
2025-11-03,AMZN,254.0,258.6000061035156,252.89999389648438,255.36000061035156,95997800
2025-11-03,GOOGL,283.5345458984375,285.3433603410046,279.61709481156873,281.9955439895644,29786000
2025-11-03,MSFT,514.888916015625,522.7860691817526,512.4590180581705,517.657371934483,22374700
2025-11-03,NVDA,206.8684844970703,211.32822759164594,205.5485506791992,208.06841462190084,180267300
2025-11-03,TSLA,468.3699951171875,474.07000732421875,453.79998779296875,455.989990234375,84595200
2025-11-04,AAPL,269.5262756347656,270.9734988318123,267.11086611942017,267.8195068636227,49274800
2025-11-04,AMZN,249.32000732421875,257.010009765625,248.66000366210938,250.3800048828125,51546300
2025-11-04,GOOGL,277.35858154296875,281.0861237356038,276.07941949471564,276.56908942406625,30078400
2025-11-04,MSFT,512.2001342773438,513.4150529816625,505.73698923396887,509.6407695643784,20958700
2025-11-04,NVDA,198.67893981933594,203.9586446199207,197.9189723693821,202.98869740675082,188919300
2025-11-04,TSLA,444.260009765625,460.2200012207031,443.6000061035156,454.4599914550781,87756600
2025-11-05,AAPL,269.6260986328125,271.18312844251227,266.4221834255846,268.0989800730272,43683100
2025-11-05,AMZN,250.1999969482422,251.0,246.16000366210938,249.02999877929688,40610700
2025-11-05,GOOGL,284.1241455078125,286.23278206992967,277.15870054271744,278.6876991693174,31010300
2025-11-05,MSFT,505.0597839355469,512.6980347767452,504.4821687767013,511.17434154282535,23024300
2025-11-05,NVDA,195.1991424560547,202.90870481768462,194.63916080574026,198.75894188581304,171350300
2025-11-05,TSLA,462.07000732421875,466.3299865722656,440.7099914550781,452.04998779296875,85573000
2025-11-06,AAPL,269.25677490234375,272.8798740142925,267.38037702601645,267.38037702601645,51204000
2025-11-06,AMZN,243.0399932861328,250.3800048828125,242.1699981689453,249.16000366210938,46004200
2025-11-06,GOOGL,284.5638732910156,288.1615262521665,280.9562476047489,285.14348075532007,37173600
2025-11-06,MSFT,495.04144287109375,503.6058351018555,493.75677643867937,503.5659922381216,27406500
2025-11-06,NVDA,188.0695343017578,197.60899664277025,186.3696319662745,196.40906647995496,223029800
2025-11-06,TSLA,445.9100036621094,467.45001220703125,435.0899963378906,461.9599914550781,109622900
2025-11-07,AAPL,267.9592590332031,271.7719991063764,266.26248096015127,269.28671541495146,48227400
2025-11-07,AMZN,244.41000366210938,244.89999389648438,238.49000549316406,242.89999389648438,46374300
2025-11-07,GOOGL,278.647705078125,283.59448127875606,275.0101005397699,283.0248465894465,34479600
2025-11-07,MSFT,494.7626037597656,497.31199999791255,491.2073803526309,494.89207027354036,24019800
2025-11-07,NVDA,188.1395263671875,188.3095303364016,178.90005019006267,184.8897071775586,264942300
2025-11-07,TSLA,429.5199890136719,439.3599853515625,421.8800048828125,437.9200134277344,103471500
2025-11-10,AAPL,269.1781311035156,273.4741297822401,267.20997142836535,268.7085692371889,41312400
2025-11-10,AMZN,248.39999389648438,251.75,245.58999633789062,248.33999633789062,36476500
2025-11-10,GOOGL,289.9103698730469,290.6098939896417,282.6750818691635,284.23409016650885,29557300
2025-11-10,MSFT,503.9045715332031,504.7510576229119,496.73437575016374,497.9692613740871,26101500
2025-11-10,NVDA,199.03892517089844,199.9288750287355,193.7792081445882,195.09914200543773,198897100
2025-11-10,TSLA,445.2300109863281,449.6700134277344,433.3599853515625,439.6000061035156,76515900
2025-11-11,AAPL,274.99267578125,275.65206242273547,269.5477586519058,269.55775905965567,46208300
2025-11-11,AMZN,249.10000610351562,249.75,247.22999572753906,248.41000366210938,23564100
2025-11-11,GOOGL,291.11956787109375,291.72918497214437,287.1321858980205,287.56189748708465,19842100
2025-11-11,MSFT,506.573486328125,507.48968986721945,500.26971300797675,502.70954902224156,17980000
2025-11-11,NVDA,193.1492462158203,195.40911485928362,191.28934919242405,195.14913483203398,176483300
2025-11-11,TSLA,439.6199951171875,442.489990234375,432.3599853515625,439.3999938964844,60533200
2025-11-12,AAPL,273.21435546875,275.4722525277038,271.4460210796085,274.74292397164845,48398000
2025-11-12,AMZN,244.1999969482422,250.3699951171875,243.75,250.24000549316406,31190100
2025-11-12,GOOGL,286.5225830078125,291.8191369528623,283.504568014819,291.4893355792204,24829900
2025-11-12,MSFT,509.0233154296875,509.5511194130969,497.05307240824305,507.2506574723947,26574900
2025-11-12,NVDA,193.78921508789062,195.87909508520013,191.1193655455878,195.70910637927892,154935300
2025-11-12,TSLA,430.6000061035156,442.3299865722656,426.55999755859375,442.1499938964844,58513500
2025-11-13,AAPL,272.6948547363281,276.4413491841305,271.83564282199285,273.85374352181776,49602800
2025-11-13,AMZN,237.5800018310547,243.75,236.5,243.0500030517578,41401700
2025-11-13,GOOGL,278.3879089355469,282.65510670070455,277.0587612643864,282.15543354563385,29494000
2025-11-13,MSFT,501.205810546875,511.3735209246628,499.2140928412288,508.1967287528611,25273100
2025-11-13,NVDA,186.84959411621094,191.42934088057365,183.8397672401686,191.03936321053533,207423100
2025-11-13,TSLA,401.989990234375,424.5,396.3399963378906,423.1300048828125,118948000
2025-11-14,AAPL,272.15533447265625,275.70200347225597,269.3479639093673,270.7965900477885,47431300
2025-11-14,AMZN,234.69000244140625,238.72999572753906,232.88999938964844,235.05999755859375,38956700
2025-11-14,GOOGL,276.22930908203125,278.3778974858086,270.52305035910666,271.23257767900105,31647200
2025-11-14,MSFT,508.0672607421875,509.4813936811572,495.3800287197931,496.166765720741,28505700
2025-11-14,NVDA,190.15940856933594,190.99935813210442,180.56994624954729,182.8498180673128,186591900
2025-11-14,TSLA,404.3500061035156,412.19000244140625,382.7799987792969,386.29998779296875,105506700
2025-11-17,AAPL,267.2099609375,270.2371271729127,265.48159771217263,268.5687054184609,45018300
2025-11-17,AMZN,232.8699951171875,234.60000610351562,229.19000244140625,233.25,59919000
2025-11-17,GOOGL,284.83367919921875,293.7578650793077,283.38464532335746,285.59319216713175,52670200
2025-11-17,MSFT,505.3883972167969,509.9992285471841,502.8190947602184,506.34444359286346,19092800
2025-11-17,NVDA,186.58961486816406,188.98947511566342,184.30974305565786,185.95964506857126,173628900
2025-11-17,TSLA,408.9200134277344,423.9599914550781,398.739990234375,398.739990234375,102214300
2025-11-18,AAPL,267.19000244140625,270.4569347049811,265.0719890725528,269.7376065335732,45677300
2025-11-18,AMZN,222.5500030517578,230.1999969482422,222.4199981689453,228.10000610351562,60608400
2025-11-18,GOOGL,284.09417724609375,288.61121173854644,278.0181648979437,287.7318125744744,49158700
2025-11-18,MSFT,491.74517822265625,500.89712400975867,484.76419755903834,493.31862192366924,33815100
2025-11-18,NVDA,181.3498992919922,184.7897101334883,179.63998782140993,183.36979105504545,213598900
2025-11-18,TSLA,401.25,408.8999938964844,393.7099914550781,405.3800048828125,80688600
2025-11-19,AAPL,268.3089294433594,271.9555110777923,265.2517925781922,265.2817633125939,40424500
2025-11-19,AMZN,222.69000244140625,223.74000549316406,218.52000427246094,223.74000549316406,58335600
2025-11-19,GOOGL,292.61859130859375,303.6114007455407,286.44263841708545,286.9722907427786,68198900
2025-11-19,MSFT,485.1027526855469,493.13934080841636,480.8305097576304,488.0704229659532,23245300
2025-11-19,NVDA,186.50961303710938,187.8495347223247,182.8198161698128,184.7796984316032,247246400
2025-11-19,TSLA,403.989990234375,411.7799987792969,398.5,406.17999267578125,72047700
2025-11-20,AAPL,266.0010986328125,275.17250947675234,265.67142054546326,270.5768036466949,45823600
2025-11-20,AMZN,217.13999938964844,227.41000366210938,216.74000549316406,227.0500030517578,50309000
2025-11-20,GOOGL,289.26080322265625,306.2197114167213,288.48131431646567,304.3409354639468,62025200
2025-11-20,MSFT,477.3404846191406,492.4460215630244,474.41716428973194,491.5879641710541,26802500
2025-11-20,NVDA,180.62994384765625,195.9890894251709,179.83999453744622,195.9390891568929,343504800
2025-11-20,TSLA,395.2300109863281,428.94000244140625,394.739990234375,414.6300048828125,113548800
2025-11-21,AAPL,271.2361755371094,273.0744516711978,265.4216397990326,265.70137680880595,59030800
2025-11-21,AMZN,220.69000244140625,222.2100067138672,215.17999267578125,216.35000610351562,68490500
2025-11-21,GOOGL,299.464111328125,303.7213362601199,293.6579118539212,296.2262391249899,74137700
2025-11-21,MSFT,471.04486083984375,477.8293938228302,467.20362215472323,477.4103368698009,31769200
2025-11-21,NVDA,178.8700408935547,184.54971718190046,172.92036011460985,181.22991004695137,346926200
2025-11-21,TSLA,391.0899963378906,402.79998779296875,383.760009765625,402.32000732421875,100460600
2025-11-24,AAPL,275.6620788574219,276.7410558404627,270.64675212306133,270.64675212306133,65585800
2025-11-24,AMZN,226.27999877929688,227.3300018310547,222.27000427246094,222.55999755859375,54318400
2025-11-24,GOOGL,318.3717346191406,319.27117069793417,309.39762425695875,310.9266228942269,85165100
2025-11-24,MSFT,472.92059326171875,475.8139832068258,466.9542001322548,473.9183160323131,34421000
2025-11-24,NVDA,182.5398406982422,183.4897847612219,176.47017128450955,179.48001348627363,256618300
2025-11-24,TSLA,417.7799987792969,421.7200012207031,401.0899963378906,402.1700134277344,96806400
2025-11-25,AAPL,276.7110900878906,280.1179060838009,274.9926967216935,275.012667049666,46914200
2025-11-25,AMZN,229.6699981689453,230.52000427246094,223.8000030517578,226.3800048828125,39379300
2025-11-25,GOOGL,323.22857666015625,328.6150374741804,317.4423529194355,325.9967549915166,88632100
2025-11-25,MSFT,475.90374755859375,478.0588322743821,463.8313270788984,472.9904142849383,28019800
2025-11-25,NVDA,177.8101043701172,178.15008177330986,169.54056066153746,174.90026276869568,320600300
2025-11-25,TSLA,419.3999938964844,420.4800109863281,405.95001220703125,414.4200134277344,71915600
2025-11-26,AAPL,277.29052734375,279.26868736786383,276.3714044558947,276.70108254872224,33431400
2025-11-26,AMZN,229.16000366210938,231.75,228.77000427246094,230.74000549316406,38497900
2025-11-26,GOOGL,319.7408752441406,324.287888914303,316.58293713459693,320.4703785574214,51373400
2025-11-26,MSFT,484.3943786621094,487.1979770584782,480.10418316215106,485.2025316262965,25709100
2025-11-26,NVDA,180.2499542236328,182.8998157763143,178.2300777211247,181.61988829154,183852000
2025-11-26,TSLA,426.5799865722656,426.94000244140625,416.8900146484375,423.95001220703125,63463000
2025-11-28,AAPL,278.5893249511719,278.73917862681736,275.73198274965245,277.0008150112318,20135600
2025-11-28,AMZN,233.22000122070312,233.2899932861328,230.22000122070312,231.24000549316406,20292300
2025-11-28,GOOGL,319.970703125,326.6363566172421,316.5829348985448,323.15862038246837,26018600
2025-11-28,MSFT,490.88958740234375,491.5081706450152,485.54177754838196,486.48962635446395,14386700
2025-11-28,NVDA,176.99014282226562,179.28000857805475,176.49017066740046,179.0000253919654,121332800
2025-11-28,TSLA,430.1700134277344,432.92999267578125,426.20001220703125,426.5899963378906,36252900
2025-12-01,AAPL,282.8353576660156,283.1550658399818,275.88187257202503,277.75011957449965,46587700
2025-12-01,AMZN,233.8800048828125,235.8000030517578,232.25,233.22000122070312,42904000
2025-12-01,GOOGL,314.6841735839844,319.6409227326276,313.684827275924,317.49233426982363,41183000
2025-12-01,MSFT,485.6315612792969,488.7444513856018,483.5463243869077,487.32770213243884,23964000
2025-12-01,NVDA,179.9099884033203,180.28997214473748,173.67033006996684,174.75027181562072,188131000
2025-12-01,TSLA,430.1400146484375,433.6600036621094,425.2900085449219,425.32000732421875,57463600
2025-12-02,AAPL,285.9224548339844,287.1313151163589,282.36578537497866,282.7354345985028,53669500
2025-12-02,AMZN,234.4199981689453,238.97000122070312,233.5500030517578,235.00999450683594,45785400
2025-12-02,GOOGL,315.6035461425781,318.17187340075924,313.7047943107319,316.5329308632399,35854700
2025-12-02,MSFT,488.8841552734375,492.3761849539621,485.2125428025972,485.6116258193264,19562700
2025-12-02,NVDA,181.4499053955078,185.6496685428864,179.98997995570696,181.74987648908228,182632200
2025-12-02,TSLA,429.239990234375,436.79998779296875,422.1199951171875,430.80999755859375,69336600
2025-12-03,AAPL,283.8843688964844,288.35019153510143,283.0351573834178,285.9324708384744,43538700
2025-12-03,AMZN,232.3800048828125,233.3800048828125,230.61000061035156,233.35000610351562,35495100
2025-12-03,GOOGL,319.42108154296875,321.369788644051,313.89469739870816,315.68353592029735,41838300
2025-12-03,MSFT,476.64208984375,483.13724409881166,474.1178525596479,475.23529714339696,34615100
2025-12-03,NVDA,179.5800018310547,182.43984327721986,179.1000328161426,181.06992440272873,165138000
2025-12-03,TSLA,446.739990234375,447.9200134277344,431.1099853515625,432.1000061035156,87483000
2025-12-04,AAPL,280.4375915527344,284.46382276925783,278.32954829392816,283.83440686502166,43989100
2025-12-04,AMZN,229.11000061035156,233.5,226.8000030517578,232.77000427246094,45683200
2025-12-04,GOOGL,317.4123840332031,322.14927599125497,314.4943097586067,322.0193865832628,31240900
2025-12-04,MSFT,479.7449951171875,480.2239129901724,475.40489514051177,478.6674679630734,22318200
2025-12-04,NVDA,183.3800048828125,184.52000427246094,179.9600067138672,181.6199951171875,167364900
2025-12-04,TSLA,454.5299987792969,454.6300048828125,445.3900146484375,449.94000244140625,71906500
2025-12-05,AAPL,278.5193786621094,280.8771882481053,277.79005013345267,280.27774306596746,47265800
2025-12-05,AMZN,229.52999877929688,231.24000549316406,228.5500030517578,230.32000732421875,33117400
2025-12-05,GOOGL,321.0599670410156,322.9487461411032,318.961364259978,319.28113189003057,28851700
2025-12-05,MSFT,482.0597229003906,482.299166614698,477.78947078944657,481.4211657314621,22608700
2025-12-05,NVDA,182.41000366210938,184.66000366210938,180.91000366210938,183.88999938964844,143971100
2025-12-05,TSLA,455.0,458.8699951171875,451.6600036621094,453.0299987792969,56427500
2025-12-08,AAPL,277.6302185058594,279.4085531850005,275.8918244790692,277.86998437615557,38211800
2025-12-08,AMZN,226.88999938964844,230.8300018310547,226.27000427246094,229.58999633789062,35019200
2025-12-08,GOOGL,313.7200012207031,320.44000244140625,311.2200012207031,320.04998779296875,33909400
2025-12-08,MSFT,489.9018249511719,491.17890888246444,483.2769615726175,483.7858099301447,21965900
2025-12-08,NVDA,185.5500030517578,188.0,182.39999389648438,182.63999938964844,204378100
2025-12-08,TSLA,439.5799865722656,449.75,435.25,447.45001220703125,69165800
2025-12-09,AAPL,276.9208679199219,279.7682096639769,276.6611317163261,277.8999627322321,32193300
2025-12-09,AMZN,227.9199981689453,228.57000732421875,225.11000061035156,226.83999633789062,25841700
2025-12-09,GOOGL,317.0799865722656,317.989990234375,311.8999938964844,312.3699951171875,30194000
2025-12-09,MSFT,490.8995361328125,490.99931449735556,487.3875630167038,487.9862027558801,14696100
2025-12-09,NVDA,184.97000122070312,185.72000122070312,183.32000732421875,185.55999755859375,144719700
2025-12-09,TSLA,445.1700134277344,452.3900146484375,435.70001220703125,437.5400085449219,62367400
2025-12-10,AAPL,278.5193786621094,279.48847306800184,276.1815698919154,277.490342786908,33038300
2025-12-10,AMZN,231.77999877929688,232.4199981689453,228.4600067138672,228.80999755859375,38790700
2025-12-10,GOOGL,320.2099914550781,321.30999755859375,314.67999267578125,315.8299865722656,33428900
2025-12-10,MSFT,477.4701843261719,483.14722906115725,473.99809828560024,482.92772884397027,35756200
2025-12-10,NVDA,183.77999877929688,185.47999572753906,182.0399932861328,184.97000122070312,162785400
2025-12-10,TSLA,451.45001220703125,456.8800048828125,443.6099853515625,446.07000732421875,63257500
2025-12-11,AAPL,277.77008056640625,279.3286197507982,273.5540244422053,278.83908758708685,33248000
2025-12-11,AMZN,230.27999877929688,232.11000061035156,228.69000244140625,230.7100067138672,28249600
2025-12-11,GOOGL,312.42999267578125,321.1199951171875,308.6000061035156,320.0799865722656,42353700
2025-12-11,MSFT,482.3690185546875,484.92318635563356,474.7763326037194,475.5445986070271,24669200
2025-12-11,NVDA,180.92999267578125,181.32000732421875,176.6199951171875,180.27999877929688,182136600
2025-12-11,TSLA,446.8900146484375,449.2699890136719,440.3299865722656,448.95001220703125,55979500
2025-12-12,AAPL,278.0198669433594,278.9589906850317,276.5612402656973,277.64021728323,39532900
2025-12-12,AMZN,226.19000244140625,230.0800018310547,225.1199951171875,229.8699951171875,35639100
2025-12-12,GOOGL,309.2900085449219,314.8699951171875,305.55999755859375,313.70001220703125,35940200
2025-12-12,MSFT,477.4402770996094,481.3513637649093,475.2552617920193,478.72734800157895,21248100
2025-12-12,NVDA,175.02000427246094,182.82000732421875,174.6199951171875,181.11000061035156,204274900
2025-12-12,TSLA,458.9599914550781,463.010009765625,441.6700134277344,448.0899963378906,95656700
2025-12-15,AAPL,273.8537292480469,279.8880911943856,272.5849275039148,279.8880911943856,50409100
2025-12-15,AMZN,222.5399932861328,227.92999267578125,221.5,227.92999267578125,47286100
2025-12-15,GOOGL,308.2200012207031,311.4200134277344,304.8800048828125,311.32000732421875,29151900
2025-12-15,MSFT,473.73870849609375,479.6252664455081,471.44392797474177,479.0066832317436,23727700
2025-12-15,NVDA,176.2899932861328,178.4199981689453,175.02999877929688,177.94000244140625,164775600
2025-12-15,TSLA,475.30999755859375,481.7699890136719,467.6600036621094,469.44000244140625,114542200
2025-12-16,AAPL,274.353271484375,275.2424541197232,271.53593087885605,272.5649667835892,37648600
2025-12-16,AMZN,222.55999755859375,223.66000366210938,221.1300048828125,223.0399932861328,39298900
2025-12-16,GOOGL,306.57000732421875,310.7699890136719,302.5899963378906,304.95001220703125,30585000
2025-12-16,MSFT,475.3051452636719,476.80172935648005,469.8076832860371,470.8353364785088,20705600
2025-12-16,NVDA,177.72000122070312,178.49000549316406,174.89999389648438,176.25999450683594,148588100
2025-12-16,TSLA,489.8800048828125,491.5,465.8299865722656,472.2099914550781,107608100
2025-12-17,AAPL,271.58587646484375,275.90184538512057,271.38608172110213,274.75292651919426,50138700
2025-12-17,AMZN,221.27000427246094,225.19000244140625,220.99000549316406,224.66000366210938,44034400
2025-12-17,GOOGL,296.7200012207031,308.0899963378906,296.1199951171875,308.010009765625,43930400
2025-12-17,MSFT,475.0357360839844,478.9069051052783,473.9182915104317,475.8239455574328,24527200
2025-12-17,NVDA,170.94000244140625,176.1300048828125,170.30999755859375,176.10000610351562,222775500
2025-12-17,TSLA,467.260009765625,495.2799987792969,466.20001220703125,488.2200012207031,106490400
2025-12-18,AAPL,271.935546875,273.374203136776,266.7004552212896,273.35420232069225,51630700
2025-12-18,AMZN,226.75999450683594,229.22999572753906,224.41000366210938,225.7100067138672,50272400
2025-12-18,GOOGL,302.4599914550781,303.9599914550781,299.2300109863281,301.7200012207031,33518000
2025-12-18,MSFT,482.87786865234375,488.4850656489584,476.8017407441929,477.10104539067044,28573500
2025-12-18,NVDA,174.13999938964844,176.14999389648438,171.82000732421875,174.52999877929688,176096000
2025-12-18,TSLA,483.3699951171875,490.8599853515625,473.1199951171875,478.1600036621094,95168400
2025-12-19,AAPL,273.4141845703125,274.34330788170604,269.64768928264715,271.8955859651445,144632000
2025-12-19,AMZN,227.35000610351562,229.1300048828125,225.5800018310547,226.75999450683594,85544400
2025-12-19,GOOGL,307.1600036621094,307.25,300.9700012207031,301.7300109863281,59943200
2025-12-19,MSFT,484.8134460449219,486.73904362092316,481.39123391446003,486.2501387748106,70836100
2025-12-19,NVDA,180.99000549316406,181.4499969482422,176.33999633789062,176.6699981689453,324925900
2025-12-19,TSLA,481.20001220703125,490.489990234375,474.7200012207031,488.1199951171875,103305400
2025-12-22,AAPL,270.7166748046875,273.62395794129594,270.25711338978425,272.6048920133635,36571800
2025-12-22,AMZN,228.42999267578125,229.47999572753906,226.7100067138672,228.61000061035156,32261300
2025-12-22,GOOGL,309.7799987792969,310.1300048828125,305.29998779296875,309.8800048828125,26429900
2025-12-22,MSFT,483.81573486328125,487.6170561484318,481.5908021440126,485.01298390813173,16963000
2025-12-22,NVDA,183.69000244140625,184.16000366210938,182.35000610351562,183.9199981689453,129064400
2025-12-22,TSLA,488.7300109863281,498.8299865722656,485.3299865722656,489.8800048828125,86916100
2025-12-23,AAPL,272.1053771972656,272.2452609569047,269.30800689497966,270.5868091030317,29642000
2025-12-23,AMZN,232.13999938964844,232.4499969482422,228.72999572753906,229.05999755859375,29230200
2025-12-23,GOOGL,314.3500061035156,314.94000244140625,309.32000732421875,309.6300048828125,25478700
2025-12-23,MSFT,485.7413330078125,486.71908182827985,483.63612214595605,483.8755963136496,14683600
2025-12-23,NVDA,189.2100067138672,189.3300018310547,182.89999389648438,182.97000122070312,174873600
2025-12-23,TSLA,485.55999755859375,491.9700012207031,482.8399963378906,489.3999938964844,58223600
2025-12-24,AAPL,273.55401611328125,275.17249671786806,271.9455359163183,272.085389177814,17910600
2025-12-24,AMZN,232.3800048828125,232.9499969482422,231.3300018310547,232.1300048828125,11420500
2025-12-24,GOOGL,314.0899963378906,315.0799865722656,311.9200134277344,314.7699890136719,10097400
2025-12-24,MSFT,486.90863037109375,488.04604888584674,483.7258924615979,484.5739628623746,5855900
2025-12-24,NVDA,188.61000061035156,188.91000366210938,186.58999633789062,187.94000244140625,65528500
2025-12-24,TSLA,485.3999938964844,490.8999938964844,476.79998779296875,488.4800109863281,41285400
2025-12-26,AAPL,273.1444091796875,275.1125687682936,272.6049054553,273.9037084592662,21521800
2025-12-26,AMZN,232.52000427246094,232.99000549316406,231.17999267578125,232.0399932861328,15994700
2025-12-26,GOOGL,313.510009765625,315.0899963378906,312.2799987792969,314.4800109863281,10899000
2025-12-26,MSFT,486.599365234375,487.00843522519267,484.85335038112265,485.601642461088,8842200
2025-12-26,NVDA,190.52999877929688,192.69000244140625,188.0,189.9199981689453,139740300
2025-12-26,TSLA,475.19000244140625,489.0899963378906,473.82000732421875,485.2300109863281,58780700
2025-12-29,AAPL,273.50408935546875,274.10350406329195,272.0954038139857,272.4350823114352,23715200
2025-12-29,AMZN,232.07000732421875,232.60000610351562,230.77000427246094,231.94000244140625,19797900
2025-12-29,GOOGL,313.55999755859375,314.0199890136719,310.6199951171875,311.3699951171875,19621800
2025-12-29,MSFT,485.9907531738281,487.23790659993216,483.0773893732932,483.7558335295542,10893400
2025-12-29,NVDA,188.22000122070312,188.75999450683594,185.91000366210938,187.7100067138672,120006100
2025-12-29,TSLA,459.6400146484375,469.3999938964844,459.0,469.0,66263000
2025-12-30,AAPL,272.82470703125,273.82377221524894,272.02546707967076,272.5549704076282,22139600
2025-12-30,AMZN,232.52999877929688,232.77000427246094,230.1999969482422,231.2100067138672,21910500
2025-12-30,GOOGL,313.8500061035156,316.95001220703125,312.4599914550781,312.5,17380900
2025-12-30,MSFT,486.3699035644531,488.56487537463653,484.39440153201394,484.82341501264875,13944500
2025-12-30,NVDA,187.5399932861328,188.99000549316406,186.92999267578125,188.24000549316406,97687300
2025-12-30,TSLA,454.42999267578125,463.1199951171875,453.8299865722656,461.0899963378906,59238500
2025-12-31,AAPL,271.6058349609375,273.42414083736213,271.49595243002375,272.80472532736104,27293600
2025-12-31,AMZN,230.82000732421875,232.99000549316406,230.1199951171875,232.91000366210938,24383700
2025-12-31,GOOGL,313.0,314.5799865722656,311.44000244140625,312.8500061035156,16377700
2025-12-31,MSFT,482.5186767578125,487.0284031238816,482.1993981667827,486.7290680267604,15601600
2025-12-31,NVDA,186.5,190.55999755859375,186.49000549316406,189.57000732421875,120100500
2025-12-31,TSLA,449.7200012207031,456.54998779296875,449.29998779296875,456.1000061035156,49078000
2026-01-02,AAPL,270.75665283203125,277.58025431004916,268.7485221479618,272.0054842546519,37838100
2026-01-02,AMZN,226.5,235.4600067138672,224.6999969482422,231.33999633789062,51456200
2026-01-02,GOOGL,315.1499938964844,322.5,310.3299865722656,316.8999938964844,32009400
2026-01-02,MSFT,471.8630065917969,483.5563186075122,469.0893385249197,483.2869444224563,25571600
2026-01-02,NVDA,188.85000610351562,192.92999267578125,188.25999450683594,189.83999633789062,148240500
2026-01-02,TSLA,438.07000732421875,458.3399963378906,435.29998779296875,457.79998779296875,85535400
2026-01-05,AAPL,267.0101623535156,271.25618925068443,265.89121426121545,270.38700744645297,45647200
2026-01-05,AMZN,233.05999755859375,234.0,227.17999267578125,228.83999633789062,49733300
2026-01-05,GOOGL,316.5400085449219,319.0199890136719,314.6300048828125,317.6600036621094,30195600
2026-01-05,MSFT,471.773193359375,474.9858617296903,468.4308161640092,472.98042932285466,25250300
2026-01-05,NVDA,188.1199951171875,193.6300048828125,186.14999389648438,191.75999450683594,183529700
2026-01-05,TSLA,451.6700134277344,457.54998779296875,444.57000732421875,447.989990234375,67940800
2026-01-06,AAPL,262.1147155761719,267.2998660934885,261.8749496989937,266.7503924619391,52352100
2026-01-06,AMZN,240.92999267578125,243.17999267578125,232.07000732421875,232.10000610351562,53764700
2026-01-06,GOOGL,314.3399963378906,320.94000244140625,311.7799987792969,316.3999938964844,31212100
2026-01-06,MSFT,477.4203186035156,477.64977534720424,468.68025764779384,472.72102257015473,23037700
2026-01-06,NVDA,187.24000549316406,192.1699981689453,186.82000732421875,190.52000427246094,176862600
2026-01-06,TSLA,432.9599914550781,448.25,428.7799987792969,446.3800048828125,89093800
2026-01-07,AAPL,260.08660888671875,263.4334831315393,259.56710600115036,262.95395138764474,48309800
2026-01-07,AMZN,241.55999755859375,245.2899932861328,239.52000427246094,239.61000061035156,42236500
2026-01-07,GOOGL,321.9800109863281,326.1499938964844,314.19000244140625,314.3599853515625,35104400
2026-01-07,MSFT,482.3690185546875,488.5848422406915,476.86159994291296,478.6674756822987,25564200
2026-01-07,NVDA,189.11000061035156,191.3699951171875,186.55999755859375,188.57000732421875,153543200
2026-01-07,TSLA,431.4100036621094,438.3699951171875,431.2900085449219,435.8999938964844,59828800
2026-01-08,AAPL,258.7978515625,259.0476178563403,255.46096229095477,256.7797203952787,50419300
2026-01-08,AMZN,246.2899932861328,246.41000366210938,241.8800048828125,243.05999755859375,39509800
2026-01-08,GOOGL,325.44000244140625,330.32000732421875,321.5,328.9700012207031,31896100
2026-01-08,MSFT,477.0212097167969,481.5608665012806,474.7763335277468,480.14408679814625,18162600
2026-01-08,NVDA,185.0399932861328,189.5500030517578,183.7100067138672,189.11000061035156,172457000
2026-01-08,TSLA,435.79998779296875,436.8900146484375,424.3699951171875,427.8900146484375,57041100
2026-01-09,AAPL,259.1275329589844,259.9667440583015,255.98048371428257,258.8377955175017,39997000
2026-01-09,AMZN,247.3800048828125,247.86000061035156,242.24000549316406,244.57000732421875,34560000
2026-01-09,GOOGL,328.57000732421875,330.8299865722656,325.79998779296875,327.0899963378906,26214200
2026-01-09,MSFT,478.1885681152344,478.72734693664125,471.1247042989064,472.9804540365218,18491000
2026-01-09,NVDA,184.86000061035156,186.33999633789062,183.6699981689453,185.0800018310547,131327500
2026-01-09,TSLA,445.010009765625,449.04998779296875,430.3900146484375,435.95001220703125,67331500
2026-01-12,AAPL,260.0067138671875,261.05572011368304,256.5599267903311,258.9177364764393,45263800
2026-01-12,AMZN,246.47000122070312,248.94000244140625,245.9600067138672,246.72999572753906,35867800
2026-01-12,GOOGL,331.8599853515625,334.0400085449219,325.0,325.79998779296875,33923900
2026-01-12,MSFT,476.09332275390625,479.89464390147504,474.59673866594744,475.5845048686955,23519900
2026-01-12,NVDA,184.94000244140625,187.1199951171875,183.02000427246094,183.22000122070312,137968500
2026-01-12,TSLA,448.9599914550781,454.29998779296875,438.0,441.2300109863281,61649600
2026-01-13,AAPL,260.8059387207031,261.56523797230057,258.148452318208,258.4781303943212,45730800
2026-01-13,AMZN,242.60000610351562,247.66000366210938,240.25,246.52999877929688,38371800
2026-01-13,GOOGL,335.9700012207031,340.489990234375,333.6199951171875,334.95001220703125,33517600
2026-01-13,MSFT,469.5981750488281,474.6965236309785,464.888922501957,473.5990225282599,28545800
2026-01-13,NVDA,185.80999755859375,188.11000061035156,183.39999389648438,185.0,160128900
2026-01-13,TSLA,447.20001220703125,451.80999755859375,443.95001220703125,450.20001220703125,53719200
2026-01-14,AAPL,259.71697998046875,261.57525710051715,256.4700180914029,259.247418118488,40019400
2026-01-14,AMZN,236.64999389648438,241.27999877929688,236.22000122070312,241.14999389648438,41410600
2026-01-14,GOOGL,335.8399963378906,336.5199890136719,330.4800109863281,335.05999755859375,28525600
2026-01-14,MSFT,458.3338928222656,467.13381499707015,456.1289340170423,465.39775666549855,28184300
2026-01-14,NVDA,183.13999938964844,184.4600067138672,180.8000030517578,184.32000732421875,159586100
2026-01-14,TSLA,439.20001220703125,443.9100036621094,434.2200012207031,442.80999755859375,57259500
2026-01-15,AAPL,257.9685974121094,260.7959687899761,256.8096782083212,260.40631875644857,39388600
2026-01-15,AMZN,238.17999267578125,240.64999389648438,236.6300048828125,239.30999755859375,43003600
2026-01-15,GOOGL,332.7799987792969,337.69000244140625,330.739990234375,337.6499938964844,28442400
2026-01-15,MSFT,455.6200866699219,463.1927988881192,454.8618076165624,463.0630900555096,23225800
2026-01-15,NVDA,187.0500030517578,189.6999969482422,186.3300018310547,186.5,206188600
2026-01-15,TSLA,438.57000732421875,445.3599853515625,437.6499938964844,441.1300048828125,49465800
2026-01-16,AAPL,255.29112243652344,258.6579671912775,254.69167723491495,257.6589020182799,72142800
2026-01-16,AMZN,239.1199951171875,239.57000732421875,236.41000366210938,239.08999633789062,45888300
2026-01-16,GOOGL,330.0,334.6499938964844,327.70001220703125,334.4100036621094,40341600
2026-01-16,MSFT,458.8127746582031,462.13520850615447,455.4404972994736,456.78739866953146,34246700
2026-01-16,NVDA,186.22999572753906,190.44000244140625,186.0800018310547,189.0800018310547,187967200
2026-01-16,TSLA,437.5,447.25,435.260009765625,439.5,60220600
2026-01-20,AAPL,246.46937561035156,254.55180921698133,243.19244305608962,252.49373739571587,80267500
2026-01-20,AMZN,231.0,235.08999633789062,229.33999633789062,233.75999450683594,47737900
2026-01-20,GOOGL,322.0,327.7300109863281,320.42999267578125,320.8699951171875,35361000
2026-01-20,MSFT,453.48492431640625,455.7597309230742,448.2568669541529,450.1924514863621,26130000
2026-01-20,NVDA,178.07000732421875,182.3800048828125,177.61000061035156,181.89999389648438,223345300
2026-01-20,TSLA,419.25,430.7300109863281,417.44000244140625,429.3599853515625,63187300
2026-01-21,AAPL,247.41848754882812,251.3248360900433,244.9507953165175,248.46750904444812,54641700
2026-01-21,AMZN,231.30999755859375,232.3000030517578,226.8800048828125,231.08999633789062,47276100
2026-01-21,GOOGL,328.3800048828125,332.4800109863281,319.3500061035156,320.9200134277344,35386600
2026-01-21,MSFT,443.0986328125,451.65911099901973,437.68100562513575,451.56931960591265,37980500
2026-01-21,NVDA,183.32000732421875,185.3800048828125,178.39999389648438,179.0500030517578,200381000
2026-01-21,TSLA,431.44000244140625,438.20001220703125,419.6199951171875,421.6600036621094,68124000
2026-01-22,AAPL,248.1178436279297,250.76536025794266,247.9180183962477,248.96703988447874,39708300
2026-01-22,AMZN,234.33999633789062,235.72000122070312,230.89999389648438,234.0500030517578,31913300
2026-01-22,GOOGL,330.5400085449219,335.1499938964844,328.75,334.45001220703125,26253600
2026-01-22,MSFT,450.1126403808594,451.8087507279656,443.6873036586902,446.600636936346,25349400
2026-01-22,NVDA,184.83999633789062,186.1699981689453,183.92999267578125,184.75,139636600
2026-01-22,TSLA,449.3599853515625,449.5,432.6300048828125,435.1600036621094,71546700
2026-01-23,AAPL,247.80812072753906,249.17685039145397,244.45126111041233,247.08880782235642,41689000
2026-01-23,AMZN,239.16000366210938,240.4499969482422,234.57000732421875,234.9600067138672,33778500
2026-01-23,GOOGL,327.92999267578125,333.69000244140625,327.45001220703125,332.489990234375,27280000
2026-01-23,MSFT,464.888916015625,470.0271819611143,449.50401819491054,450.8409629929935,38000200
2026-01-23,NVDA,187.6699981689453,189.60000610351562,186.82000732421875,187.5,142748100
2026-01-23,TSLA,449.05999755859375,452.42999267578125,444.0400085449219,447.42999267578125,56771400
2026-01-26,AAPL,255.17123413085938,256.32015295784896,249.5664780183616,251.24490015634893,55969200
2026-01-26,AMZN,238.4199981689453,240.9499969482422,237.5399932861328,239.97999572753906,32825500
2026-01-26,GOOGL,333.260009765625,335.8399963378906,327.0,327.80999755859375,26042100
2026-01-26,MSFT,469.20904541015625,473.1700058760031,460.94790240319116,464.25036221183507,29291200
2026-01-26,NVDA,186.47000122070312,189.1199951171875,185.99000549316406,187.16000366210938,124799600
2026-01-26,TSLA,435.20001220703125,445.0400085449219,434.2799987792969,445.0,49397400
2026-01-27,AAPL,258.0285339355469,261.70511669708895,257.96859246831417,258.92771692213245,49648300
2026-01-27,AMZN,244.67999267578125,244.8800048828125,238.0800018310547,239.69000244140625,38029200
2026-01-27,GOOGL,334.54998779296875,337.9100036621094,333.4800109863281,335.3699951171875,21636200
2026-01-27,MSFT,479.485595703125,481.7703893732875,472.0825097961169,472.62128861771004,29213900
2026-01-27,NVDA,188.52000427246094,190.0,185.6999969482422,187.24000549316406,143711600
2026-01-27,TSLA,430.8999938964844,437.5199890136719,430.69000244140625,437.4100036621094,37733100
2026-01-28,AAPL,256.2002868652344,258.61800761819165,254.27208306792676,257.409147241713,41288000
2026-01-28,AMZN,243.00999450683594,247.77999877929688,241.52999877929688,246.3699951171875,40882700
2026-01-28,GOOGL,336.010009765625,337.5400085449219,331.94000244140625,336.05999755859375,27434400
2026-01-28,MSFT,480.533203125,482.63838346935967,476.9114647448887,482.10959164059926,36875400
2026-01-28,NVDA,191.52000427246094,192.35000610351562,189.83999633789062,191.27000427246094,148552700
2026-01-28,TSLA,431.4599914550781,438.260009765625,430.1000061035156,431.9100036621094,54857400
2026-01-29,AAPL,258.0385437011719,259.4072580677027,254.17216647920577,257.75880668092503,67253000
2026-01-29,AMZN,241.72999572753906,243.0,236.74000549316406,242.82000732421875,47229600
2026-01-29,GOOGL,338.25,342.2900085449219,326.5400085449219,340.29998779296875,39785600
2026-01-29,MSFT,432.5128173828125,441.49232224197124,420.06122635013605,438.98802836564175,128855300
2026-01-29,NVDA,192.50999450683594,193.47999572753906,186.05999755859375,191.33999633789062,171764400
2026-01-29,TSLA,416.55999755859375,440.2300109863281,414.6199951171875,437.79998779296875,81686100
2026-01-30,AAPL,259.2374267578125,261.6551472598355,251.94423313215475,254.93144331105526,92443400
2026-01-30,AMZN,239.3000030517578,243.32000732421875,237.63999938964844,239.88999938964844,46585000
2026-01-30,GOOGL,338.0,340.0,332.2900085449219,340.0,31024000
2026-01-30,MSFT,429.31011962890625,438.5989157576861,425.47886802078926,438.1699022937122,58566800
2026-01-30,NVDA,191.1300048828125,194.49000549316406,189.47000122070312,191.2100067138672,179489500
2026-01-30,TSLA,430.4100036621094,439.8800048828125,422.70001220703125,425.3500061035156,82626100
2026-02-02,AAPL,269.7575988769531,270.2371306501278,258.9676766447768,259.7869174093499,73913400
2026-02-02,AMZN,242.9600067138672,245.6300048828125,238.1699981689453,238.30999755859375,37546100
2026-02-02,GOOGL,343.69000244140625,344.8299865722656,335.6300048828125,336.2200012207031,32006100
2026-02-02,MSFT,422.4058837890625,429.7590957240154,421.28843915961005,429.2602343395754,42219900
2026-02-02,NVDA,185.61000061035156,190.3000030517578,184.8800048828125,187.1999969482422,165794100
2026-02-02,TSLA,421.80999755859375,427.1499938964844,414.5,421.2900085449219,58739500
2026-02-03,AAPL,269.22808837890625,271.6258386480508,267.3598109321867,268.9483513556569,64394700
2026-02-03,AMZN,238.6199951171875,246.35000610351562,235.4499969482422,244.97999572753906,53831300
2026-02-03,GOOGL,339.7099914550781,349.0,337.4700012207031,347.3399963378906,36506700
2026-02-03,MSFT,410.2735595703125,421.0888704228976,407.6296003977664,421.0489834358989,61424100
2026-02-03,NVDA,180.33999633789062,186.27000427246094,176.22999572753906,186.24000549316406,204019600
2026-02-03,TSLA,421.9599914550781,428.55999755859375,413.69000244140625,424.2699890136719,56886500
2026-02-04,AAPL,276.23150634765625,278.68922850453845,272.03545112075,272.03545112075,90545700
2026-02-04,AMZN,232.99000549316406,238.86000061035156,231.82000732421875,238.86000061035156,51299900
2026-02-04,GOOGL,333.0400085449219,343.30999755859375,328.5199890136719,342.9599914550781,70618400
2026-02-04,MSFT,413.2467956542969,418.84400576689177,408.3080557741746,410.0640575889883,45012400
2026-02-04,NVDA,174.19000244140625,179.5800018310547,171.91000366210938,179.4600067138672,207014100
2026-02-04,TSLA,406.010009765625,423.8999938964844,399.17999267578125,420.4599914550781,74606900
2026-02-05,AAPL,275.6520690917969,279.2387093202658,272.97458180817284,277.86999494352693,52977400
2026-02-05,AMZN,222.69000244140625,226.30999755859375,220.3800048828125,224.91000366210938,103509200
2026-02-05,GOOGL,331.25,332.69000244140625,306.4599914550781,312.2200012207031,88205800
2026-02-05,MSFT,392.7735290527344,407.37018733348754,391.4265972483441,406.51216038211834,66289200
2026-02-05,NVDA,171.8800048828125,176.82000732421875,171.02999877929688,174.92999267578125,206312900
2026-02-05,TSLA,397.2099914550781,402.1000061035156,387.5299987792969,397.0199890136719,72819800
2026-02-06,AAPL,277.8599853515625,280.6473855638201,276.67109542368036,276.8609202349588,50453400
2026-02-06,AMZN,210.32000732421875,211.44000244140625,200.30999755859375,202.6999969482422,179210900
2026-02-06,GOOGL,322.8599853515625,330.3800048828125,319.9200134277344,327.17999267578125,56380500
2026-02-06,MSFT,400.22650146484375,400.87501513504304,392.0252195920243,398.2609865133262,53515300
2026-02-06,NVDA,185.41000366210938,187.0,174.60000610351562,176.69000244140625,231346200
2026-02-06,TSLA,411.1099853515625,414.54998779296875,397.75,400.8699951171875,62677100
2026-02-09,AAPL,274.6199951171875,278.20001220703125,271.70001220703125,277.9100036621094,44623400
2026-02-09,AMZN,208.72000122070312,212.80999755859375,203.35000610351562,208.97000122070312,91178400
2026-02-09,GOOGL,324.32000732421875,327.70001220703125,317.260009765625,320.92999267578125,39640100
2026-02-09,MSFT,412.65814208984375,413.94521298339265,399.9571203178888,403.9280678877113,45480500
2026-02-09,NVDA,190.0399932861328,193.66000366210938,183.9499969482422,184.25999450683594,196387400
2026-02-09,TSLA,417.32000732421875,421.25,407.2900085449219,409.9100036621094,54484300
2026-02-10,AAPL,273.67999267578125,275.3699951171875,272.94000244140625,274.8900146484375,34376900
2026-02-10,AMZN,206.9600067138672,212.64999389648438,206.41000366210938,208.8000030517578,67175000
2026-02-10,GOOGL,318.5799865722656,321.6700134277344,314.6099853515625,320.9700012207031,39170000
2026-02-10,MSFT,412.328857421875,422.7151545880433,411.76017861216997,418.66440278178237,44857900
2026-02-10,NVDA,188.5399932861328,192.47999572753906,188.1199951171875,191.3800048828125,136764800
2026-02-10,TSLA,425.2099914550781,427.25,417.0,418.0799865722656,64450200
2026-02-11,AAPL,275.5,280.17999267578125,274.45001220703125,274.70001220703125,51931300
2026-02-11,AMZN,204.0800018310547,208.57000732421875,202.49000549316406,208.05999755859375,65545500
2026-02-11,GOOGL,310.9599914550781,321.05999755859375,309.6600036621094,318.9700012207031,45406400
2026-02-11,MSFT,403.4491271972656,415.51159110220135,400.096793508188,415.2322299614449,42491000
2026-02-11,NVDA,190.0500030517578,193.25999450683594,188.77000427246094,192.4499969482422,144192700
2026-02-11,TSLA,428.2699890136719,436.3500061035156,420.0299987792969,427.9599914550781,57362000
2026-02-12,AAPL,261.7300109863281,275.7200012207031,260.17999267578125,275.5899963378906,81077200
2026-02-12,AMZN,199.60000610351562,203.9600067138672,197.55999755859375,203.9600067138672,83975400
2026-02-12,GOOGL,309.0,316.239990234375,307.20001220703125,312.0899963378906,47761300
2026-02-12,MSFT,400.9248962402344,405.2749831551046,397.1036315998776,404.07770370563327,40802400
2026-02-12,NVDA,186.94000244140625,193.61000061035156,186.50999450683594,193.02999877929688,189932500
2026-02-12,TSLA,417.07000732421875,436.2300109863281,414.0,430.29998779296875,61933400
2026-02-13,AAPL,255.77999877929688,262.2300109863281,255.4499969482422,262.010009765625,56290700
2026-02-13,AMZN,198.7899932861328,201.16000366210938,197.27999877929688,198.8800048828125,66321600
2026-02-13,GOOGL,305.7200012207031,308.6300048828125,303.7099914550781,307.7300109863281,38499700
2026-02-13,MSFT,400.4060974121094,404.61648859375555,397.1435245648219,403.528974460687,34091600
2026-02-13,NVDA,182.80999755859375,187.5,181.58999633789062,187.47999572753906,161888000
2026-02-13,TSLA,417.44000244140625,424.05999755859375,410.8800048828125,414.30999755859375,51434100
2026-02-17,AAPL,263.8800048828125,266.2900085449219,255.5399932861328,258.04998779296875,58469100
2026-02-17,AMZN,201.14999389648438,201.74000549316406,196.0,198.1300048828125,69879200
2026-02-17,GOOGL,302.0199890136719,304.44000244140625,296.25,300.0400085449219,39247600
2026-02-17,MSFT,395.95623779296875,399.60790672873594,393.6315571718042,398.31087932693146,32078800
2026-02-17,NVDA,184.97000122070312,187.14999389648438,179.17999267578125,181.75,162276900
2026-02-17,TSLA,410.6300048828125,413.7200012207031,400.510009765625,412.3599853515625,59678800
2026-02-18,AAPL,264.3500061035156,266.82000732421875,262.45001220703125,263.6000061035156,34203300
2026-02-18,AMZN,204.7899932861328,206.86000061035156,201.50999450683594,202.07000732421875,51003300
2026-02-18,GOOGL,303.3299865722656,305.3800048828125,301.25,302.0899963378906,28482100
2026-02-18,MSFT,398.69000244140625,401.6432531481791,395.41747315874426,397.2233488345012,23223400
2026-02-18,NVDA,187.97999572753906,190.3699951171875,186.75999450683594,188.75,164749100
2026-02-18,TSLA,411.32000732421875,416.8999938964844,409.5799865722656,411.1099853515625,45921400
2026-02-19,AAPL,260.5799865722656,264.4800109863281,260.04998779296875,262.6000061035156,30845300
2026-02-19,AMZN,204.86000061035156,205.63999938964844,202.80999755859375,203.8000030517578,35669600
2026-02-19,GOOGL,302.8500061035156,305.4700012207031,300.0400085449219,301.82000732421875,25834400
2026-02-19,MSFT,398.4599914550781,404.42999267578125,396.6700134277344,400.69000244140625,28234000
2026-02-19,NVDA,187.89999389648438,188.42999267578125,185.66000366210938,187.05999755859375,126554500
2026-02-19,TSLA,411.7099914550781,415.25,404.1099853515625,407.25,51019600
2026-02-20,AAPL,264.5799865722656,264.75,258.1600036621094,258.9700012207031,42070500
2026-02-20,AMZN,210.11000061035156,211.1699981689453,203.75,204.75999450683594,65881600
2026-02-20,GOOGL,314.9800109863281,316.5,303.8999938964844,304.32000732421875,53210800
2026-02-20,MSFT,397.2300109863281,400.1199951171875,395.1600036621094,396.1099853515625,34015200
2026-02-20,NVDA,189.82000732421875,190.3300018310547,185.94000244140625,186.57000732421875,178422300
2026-02-20,TSLA,411.82000732421875,414.70001220703125,405.5,408.29998779296875,57912200
2026-02-23,AAPL,266.17999267578125,269.42999267578125,263.3800048828125,263.489990234375,37266000
2026-02-23,AMZN,205.27000427246094,208.42999267578125,203.11000061035156,208.10000610351562,53491300
2026-02-23,GOOGL,311.489990234375,319.5199890136719,309.8699951171875,319.04998779296875,31384900
2026-02-23,MSFT,384.4700012207031,395.3599853515625,383.1000061035156,395.0,43133000
2026-02-23,NVDA,191.5500030517578,193.9499969482422,189.5800018310547,191.39999389648438,171079800
2026-02-23,TSLA,399.8299865722656,407.70001220703125,394.0400085449219,407.2900085449219,69480900
